29.810291900036788,15.000524913065792,1.6453482304253058,0.9102618341199875,0.38114081054684673,0.257210054556972,0.7678630199516228,0.5395711820333985,-0.2257880238190728,0.025189078317242968,0.0909835166572624,-0.13616482142455075,-0.04756433943174615,0.3561418206674918,-0.08380284395795032,0.20906341824884792,-0.3135599790892959,-0.04015226199803337,-0.3927223051081015,-0.2893046148354373,0.23756187321276118,0.4332182706866443,0.5463716260583229,-0.3178563146397251,-0.2075434093455134,-0.484275405881579,-0.2583154199212773,0.6163070583131564,0.4913274736548778,-0.14251174009911383,-0.45195087355978797,-0.2552784392828475,0.28141877092649037,0.8109402024164306,-0.5592139480860066,-0.3363006383957848,-0.07994044835278091,-0.287632146655837,-0.22522508111385386,0.4770942758023198,-0.3532946817796096,-0.35645720362567834,0.9859120105363894,-0.01939285264533878,0.14520629567451024,0.4617215991987435,0.5503855240143887,0.0891265979772771,-0.6813855810502722,0.07389250677083058,0.0017388746597999973,-0.8622227446554579,-0.18948767983814924,-0.09321305583626058,-0.18843085418423725,-0.21966937445880497,0.2535938235749592,0.06642142643052017,0.015043806858719509,0.5705102062482477,0.04914416784425027,
15.197611754178835,7.26117540342187,0.9238244614123484,0.781238089796186,0.5529717051088006,-0.2607348828939136,0.36735632382472877,-0.3147024262824167,-0.09172447444856999,-0.2873269717823065,0.1588427700594398,0.013988608397244029,0.07590393604100545,-0.6580723000040314,-0.3307120685029133,-0.16658926134827243,0.5651919153893568,-0.778748665458002,-0.11421874048019283,-0.491931530748721,-0.3098952005390494,0.20974670190266823,0.03790063351626066,-0.10250681684329851,-0.6120376166164598,-0.4239838918136063,0.5501008012396634,0.1534761655537288,-0.22948819174918156,0.0992233008519412,-0.47552832889581065,-0.5757856804122318,0.0354631670045806,0.038090929208910614,-0.2357070610655238,0.0835019135903407,0.6008183209913651,-0.6796431450166356,0.14652440295952746,-0.028828679084211786,0.052872176508725346,-0.3534448820227982,0.1226107499403514,-0.254367240901187,-0.14144404255551327,0.8465829001151246,0.599245475435659,-0.05536087330950942,-0.6995812851677051,-0.18267434024373494,-0.33532001015652874,-0.7183414953697995,0.254673836097566,0.028668558956187844,-0.4631558696212198,-0.3202614545364061,0.2052778687223295,-0.15925783578399372,-0.6467150928776205,0.04724145423412619,-0.13067600847299093,
0,2.653601006955565,0.394440431168108,-0.01464201911564451,0.2038380451265366,-0.49767615207671245,-0.44374850108658287,0.20013919315369222,-0.2856591779314998,0.3786563455068818,-0.522141666407455,-0.1901123537478927,0.22391928243096168,-0.1292809214099303,-0.06979380332097163,-0.10524656972882976,0.2976737417507636,0.12371105923676183,0.12786091563531243,0.020675854710791128,0.27848306035464787,0.06257405099268966,0.30655892168007476,-0.24904828021180808,-0.13138577170624358,-0.20499424361169244,0.028735763575538347,0.4114748573072838,0.20496685077356808,0.29864533695433726,-0.19378328749547855,0.5193457088098097,-0.273866144447316,-0.20861595794219945,0.01237676263828488,0.0987340716744995,0.2752154368615228,0.014884008529047352,-0.6915356344125605,-0.2871324800155276,0.016495509467830717,0.13453132743747614,0.03338130110798283,-0.05510559837972663,-0.10937128450952208,-0.14192775634057442,0.3503006727724447,-0.4273439575348427,-0.34608198796079565,0.2710689128615212,0.22743768310452128,0.26584309524809685,0.5926952811206797,0.23171219402371782,-0.36274387026839133,-0.012591278511820687,0.5983774900957609,-0.00045866167903789445,0.001347932598251864,0.47799696671079833,0.1649113324673333,
0,0,2.4838203618005785,-0.5055574699495984,0.145651247004118,0.04703984064879768,-0.12118893509403558,-0.3291625295686167,0.05871989331974316,0.49524204251283993,-0.128493173461529,-0.06005295381896329,0.2532438755411985,-0.3764010535256557,-0.42522686937371906,0.02183941783977623,0.29938828565846465,0.0283766431184498,-0.57466579015291,0.19988309872012394,0.14813502136022524,0.08412127255133536,0.01779450649591383,0.45188608076135095,0.07044627206876075,-0.016614624743385,0.10188249164381502,-0.2861172446781174,0.3942340438153811,0.0715551584229919,-0.13424986436312752,0.05330192806998916,0.8588274172094224,0.3186418836417254,0.5396016984183727,0.2483271664507212,0.11452643386261582,0.23200835184590451,0.5413263129951442,0.12384103227315169,0.1505015713004877,0.0548406291696927,-0.023338500798273376,0.539934415104846,-0.45453199331067257,0.39971771315128785,-0.25362376234860123,0.48122746564487723,0.22471325004763626,0.10032842461078295,0.25590872752254984,0.3236047974202011,-0.25214308668809693,0.2274721553156198,-0.4022163824838978,-0.4239294824718087,-0.028950141166244538,-0.39294275902386877,0.3287677611251512,0.048710989889169866,-0.0038656236690094853,
0,0,0,2.2664512141648205,0.3493751749544756,0.17466403150983598,0.1017119984450907,0.546738937555095,0.011064992389038651,0.18815006365785444,0.014652984442318315,0.08379146696961211,-0.3578614590962569,-0.07430871116043106,-0.005371178791094382,0.02102665074759644,-0.2841180132331872,-0.12361145844535837,0.23013792800827967,0.5001676677227067,0.05354839103150578,-0.0833467813300159,-0.39957419872633243,-0.24295088911298596,-0.17869940680259777,-0.19882851440337415,0.15171269895915987,0.1798272222696795,0.023118615299965617,-0.26745656686628294,-0.13108573909531987,0.03254998653388957,0.12815911569741426,0.1499275516113401,0.4541612992552401,0.11849174030198142,0.06592093902971119,-0.08942656294492576,0.055811063946225994,-0.23032694194794315,-0.4368185003906886,-0.44650027987756835,-0.133314226043247,0.25561868737516213,-0.007713605701987009,-0.19817087935607158,0.2607072592761324,0.2501422526848186,-0.042652513600474506,0.1298191739300509,0.484892071085518,0.17244947103797342,0.17786565889158065,0.12191655718924856,-0.5566389787036389,0.41769649107737267,-0.027129677844481066,0.18215487984630296,-0.01670854013835004,0.032387083431199434,0.025037651879492355,
0,0,0,0,2.30933590855115,-0.08735734099420372,0.1181728448949041,-0.061339518471125704,-0.18881634616423257,-0.7737246165649078,0.21565838625611827,0.10925279378590932,0.6656187572532183,-0.08129901576029404,-0.12244743125658208,-0.06558519076931352,0.20685175861801106,0.07437694116949949,-0.24986379506426135,0.5300770011196845,-0.4348486118188355,0.3617975553245197,-0.015275228712835782,-0.6240668439686248,0.025340654936158405,-0.10936343013545999,-0.35274772967730555,0.189910691981108,0.3856971324599242,-0.09479774600428556,-0.2373986494179618,-0.05864661785246247,-0.24978738458427047,0.5569184891536562,0.2884398807892874,-0.23984822787982807,0.10635744119457317,0.25564501340360507,0.08836684893277885,0.21912315698124596,-0.0008816497092217091,0.2787013202857305,-0.0292130582178048,0.07075025333901536,-0.19359060537715309,0.20314546099711123,0.10568238143730795,-0.2758398626056429,0.04798245858247307,0.38922715255814444,0.40926799970713273,-0.10013722971235539,-0.055189453810432026,0.5276855035026049,-0.13595548183566075,0.11638494764024761,0.3562946619473271,-0.03208880918850963,-0.12916442062734423,-0.0712622598969024,0.03886459187519874,
0,0,0,0,0,2.1043348019891925,0.35803193531325744,0.05888094308522275,0.16405143840053482,-0.01705709101796598,0.4845233741245638,-0.22394928875972964,-0.22941448208901294,-0.23246311886852042,-0.19235677455002,-0.11453020518626629,-0.02667128386668152,-0.21775956329345242,1.0029814088093518,-0.03392198334133661,-0.05839739510421003,-0.45175690445754607,-0.17385667604999805,0.3051528402498104,0.3972676814965953,0.11478361991679761,0.20719786699127368,0.029812354441418346,-0.1339667168937503,-0.5332675399165776,-0.2065242319853578,-0.0534114197694858,0.0898130639443713,0.32588806796853653,0.07559022603445092,-0.5124692559440461,0.10198599674738382,-0.34136149612277383,0.15888916342487447,0.05934152788653613,0.049743366175479434,-0.08065150078837005,-0.011359962422455856,-0.009430417521360946,-0.23153500065652777,-0.0006669787369518723,-0.5779816578402189,-0.31722090887732746,0.06136968933671533,0.09421265229644538,0.2822103522428457,0.14355195213150265,-0.1662751022930259,0.6983286599656742,-0.5252040106126448,0.019303744969068663,-0.3869979270143953,0.06609188559071812,0.30856527791179805,-0.4107184329874959,0.10457307179954164,
0,0,0,0,0,0,2.5353026783333417,0.1118009337959278,-0.2764376541319889,0.08340440944194494,0.2644896585511186,-0.17236947131898106,0.1165861559090741,-0.3324086856868478,-0.0755212598815462,-0.0637321692920494,-0.5626136326132735,-0.08297680211641881,0.2068972167331357,0.2539714722058493,-0.48490479285742866,-0.16932963800159812,-0.11626127749557272,-0.025885498868996475,-0.14962229178297715,0.19515152488042292,-0.10374288352759903,-0.11153847137274962,-0.08428385716027656,-0.614796017150757,0.02820161162519664,0.7064562090607774,-0.10095758128545176,-0.2846602242849696,0.16511199174195273,0.4395249276920048,0.2809694777271583,0.643603241363595,0.08759051290772854,0.16809034752134752,0.8071313551151562,0.28567929175264317,0.1034758879864349,0.06508124566809188,-0.34433538078655734,0.22353959566963083,-0.4574800013978344,0.44385458864712507,-0.2496230429987776,-0.4832203961655981,-0.007991331645627875,-0.3694649488211448,-0.2620296792232049,0.3242503305191784,0.19496727848660356,0.04331281219248466,0.11422353310602873,0.08992082221689532,-0.20973046517630758,-0.20816178167107446,0.15960904190229916,
0,0,0,0,0,0,0,2.3794541729004886,-0.16573866466246717,-0.12203244270115214,-0.014368949795449518,-0.11705907055493166,0.07998402122762557,-0.1483401180002401,-0.3494796401034429,0.3204175057078976,-0.060327009238267504,0.3337182479404227,0.016903477724935397,-0.1916194427270213,-0.5137535221782228,-0.19075055405166114,-0.7013645264666233,0.15453940022710733,0.6361027429962189,-0.2679688096660813,-0.1532234824634054,0.11444747506007884,-0.4468796849125591,0.1379437903088789,0.4405414734962925,-0.05721642746293834,0.1662895598208984,-0.03440368141316992,0.0330510269877665,0.12870952814519804,-0.10703473650278499,-0.26604117896204593,-0.038687250716970135,-0.08161274133173413,0.24730653261383653,-0.21224664880361602,0.13660300520975466,0.2675159751083631,-0.2419396935276783,-0.10055444166948153,-0.08782173017856379,0.23467414895126937,0.15110427808007734,-0.10117039469068462,-0.07072174517870039,-0.4957160016349689,-0.5552036238501301,-0.3498397094366315,0.14428314468156134,0.17382117364464478,-0.17888056785169332,-0.04097083401132759,0.023551517969879948,-0.24631363098035663,0.153921688515508,
0,0,0,0,0,0,0,0,2.5295310880977597,0.21140305996305678,0.18032905796292487,0.008635405337278813,0.26605444684215557,0.040538209178791196,-0.08857102091247802,0.5070595170134199,0.10142773026711026,-0.05003502913714007,-0.11649090656580233,0.3850806607644656,-0.08270593021687392,-0.4928631564852884,-0.405968087065206,-0.3450063041464161,-0.37106926537233503,-0.10132051791134819,0.08668976481646615,0.5400216232737322,0.20295810209052975,0.2976204336371412,0.07694857962348046,0.14903127307166553,-0.06544686635431382,0.25881121976998206,-0.10371067703664616,0.23027202254290058,-0.0308554942493435,0.03877107305519796,0.22967588881621764,0.1988360247912127,0.4269599373093989,0.034724636144734984,0.3977673884722097,-0.2217674216428764,-0.21759775605278406,-0.04194985376686709,-0.2674402835028779,0.1909737564933548,-0.08333973344529419,-0.1466713697195712,0.0947095575315732,-0.03807836571197233,0.06767448160215635,-0.12027773731351435,-0.2684392456276753,0.3498482967454614,0.2540217713633757,0.5459986355349966,0.43679621817084296,-0.14944954309753894,0.16550744355974611,
0,0,0,0,0,0,0,0,0,2.4498156712682855,-0.08162554231015459,0.39313049999050714,-0.2604002563828619,-0.4298042699492052,-0.05454572844787206,0.3464168496540165,0.23428246798535277,0.09471774824854096,-0.13953268904742389,0.2784154766347761,-0.2638169145164874,0.26999611591780126,0.2601256207360153,-0.39621908006868845,0.03652534706811778,-0.6800664131731485,0.18389461856926126,0.005699025606082665,0.45155403807146727,0.08130319426201978,-0.3389701154930574,0.39283193778215086,0.43371950150855426,-0.1263978550720641,-0.3542327950861308,0.454313540991609,-0.18489996400655712,-0.11555711521015166,0.004423678503376317,0.1725567975717382,-0.2546582336140755,0.2688887288604868,-0.48628332108538896,0.07472007156412588,0.6535488208819356,0.009832411229687234,0.389836039125792,0.15867996596659478,0.11162188444704368,0.0938377190943007,0.04846253262577255,0.1408947799491424,-0.859074290584494,-0.7220052513229149,0.08649919945514911,-0.37924232168177496,0.25806101671539305,0.16163167821917593,-0.11942536882902656,0.013669263331763392,0.33585749833050743,
0,0,0,0,0,0,0,0,0,0,2.3764588735391587,0.12618022601698464,0.07863083243831973,0.22736378746170216,0.486294135801781,-0.228699989067802,-0.08299671982004021,0.24118275042578197,0.05847219472414238,0.12354909897952521,-0.28716457684612307,-0.23180473440803961,-0.7082115673146925,-0.10598721533202934,0.36761852985593635,-0.1722074812028274,-0.24562994564206986,-0.25619573753635044,0.3508351985400393,-0.15925094544783724,0.6531355219006502,0.5696599561905935,-0.6071118339872342,-0.304761601065397,-0.03591307871957666,-0.4450955661803498,0.129451283779236,-0.04893085280530553,0.5301575816652923,-0.1414209136856716,0.14555237216796832,0.47733362433016935,-0.07651748778391054,0.3095163136381142,-0.01285620442344717,0.5246739632206636,-0.18956771900277744,0.27765413696591934,0.3396858035656243,-0.7689150506023421,0.37571325040232406,-0.25791827219601915,-0.2456766478524504,-0.01684927150173479,-0.38794303441690076,0.30592790618385846,-0.1772237274722541,0.07291994180215969,0.14454747247996028,0.13648062234430186,-0.35747148370450077,
0,0,0,0,0,0,0,0,0,0,0,2.559016776137096,-0.7740405085358781,-0.2647987780022859,-0.2828592381386935,0.41933610671513405,-0.0763415906906776,-0.10509628905634709,0.0139782316674207,-0.3132392523609846,0.11135130945394617,0.2243861051772562,0.31099110579048844,0.24084015483448803,-0.262705802248285,-0.39490088017284536,-0.44150005310032897,0.06292587380248593,-0.49221769154485934,0.0767712197693517,-0.5180663087043418,0.3878787984696925,0.005495278751014736,0.2486313065616242,-0.5438956669016356,-0.30276867505921234,0.08335913093924108,0.05010505373946583,0.12402896892807294,-0.1778703372282897,-0.23468021773792225,0.2262409328509451,0.33350500770186314,0.04052313201257905,0.3338907697918301,0.09171141784989745,0.15230888433456266,0.015877777880618067,0.20750897778255342,-0.36250588272603157,-0.4636629456662558,0.06160368950921617,0.14232101456642293,0.14229403015900063,0.04627724647767968,0.07731640185121874,0.3455070873740021,0.4327289366209359,-0.18912948539532679,0.4223489457824447,-0.18445494645158464,
0,0,0,0,0,0,0,0,0,0,0,0,2.290838727736992,-0.0260546177915588,0.012985537113171894,0.3229209727285296,-0.1075175914752713,0.021862770552780447,-0.36564592094574444,-0.136749271164693,0.11336189884117959,0.15529614069613037,0.2084316099055735,0.19632971593380064,-0.3687062208654953,0.22064248767447692,-0.13633101912242696,-0.17991763894899454,0.35493444894748577,0.382303981773279,-0.3392287921457485,-0.47561129806120944,0.08181109467964692,0.11186811426727203,-0.054144526477942136,0.3238140963504175,-0.055486750258698446,-0.15605524993732317,0.08133209091746547,0.3814206733242606,0.16122904287284254,-0.11296722954745334,0.7032508512625407,-0.07482583249707903,-0.012323401754141323,0.015745831452119323,0.7267649549624017,0.21417054591836066,-0.38957225289826186,0.027403244818641325,-0.10179632742521387,0.23521674430230533,-0.5715714448943121,-0.1382678135290976,-0.022213233086136742,-0.06446012118383862,0.019918186567641077,0.015509199289527008,0.20769186279914276,-0.1743721817610722,0.009082337294295875,
0,0,0,0,0,0,0,0,0,0,0,0,0,2.348825471504832,0.07939949919655041,-0.26950916849005463,0.25901595379519565,-0.23049966155684104,0.6594325286758181,0.40933051479069427,0.1787173161648066,0.07715452950622675,0.017109336470929163,0.21504994761392016,0.00017536662919384605,-0.046671826054368266,0.06229491265921622,-0.15469680300848376,0.22040511153959913,0.4190959026819091,-0.4992760100837666,-0.7294569922228937,0.011121919088142765,0.38247337080965654,0.11404719983749406,-0.20322091817801086,0.4649256581326116,0.29327646623467485,0.19866678438165772,0.03845113393654154,0.21284131201799938,-0.2239772896732043,-0.3549963758685102,-0.1848847799710387,0.32739228347929006,-0.3353813853843317,0.09874285358791227,0.3074472241623049,0.32393293413977464,0.00636398088010701,-0.07733346916807707,0.14995021607784786,0.18216528955067487,0.29927035270060576,-0.0651395518516416,0.3250639195027903,0.12722694008918992,0.09592442951470795,0.2084717312266765,-0.16639864005265026,-0.010209513646437747,
0,0,0,0,0,0,0,0,0,0,0,0,0,0,2.263868206355117,-0.04268314839088729,0.031107303936369717,-0.172861347881268,-0.054137585171743746,-0.0786119098609658,-0.15386223344974445,-0.2543198402758811,0.1556694001497171,-0.03631553428275689,-0.2107956179364417,0.34280185903323723,0.19403629662514765,0.4561201512278012,-0.3913772296903385,-0.17504527530114722,-0.20774728164153566,0.14595979850734928,-0.14875278609533274,0.01813447578571856,0.6079627599828411,0.08187603045751185,0.37240472569830074,-0.3867177637872876,0.26248499788097823,0.35035778696463443,-0.5590933071865025,-0.4631997959748587,-0.3826501433351288,0.32742353215139536,-0.10684221123005039,0.041819249713607176,0.20494277419873475,0.2881830840598931,-0.029930139726050395,0.41466843506486917,-0.20998250513012695,-0.20817440715306487,0.2015588772542215,0.4779643714021731,0.2524390416810277,-0.4773729528386323,0.07050307046913282,-0.3138551149528528,-0.20295762372380052,-0.3240144576854036,-0.19879763315524676,
0,0,0,0,0,0,0,0,0,0,0,0,0,0,0,2.369989325142692,0.5856022125927176,-0.19378605909800298,-0.1870260131798361,-0.47397062989952476,-0.09451480431866231,-0.5448874295736924,-0.25868559228562915,0.25836694823946116,0.5221650774713159,-0.3069450641990649,0.2667246128983444,0.044154306625807126,-0.40907484524625254,-0.1762370383695184,0.18629954128079915,0.38503469952855124,0.3727597736969813,-0.07199874743246855,0.10749364816721184,-0.11411220818993412,-0.3064847932495156,0.04928817561898005,0.040410152213734785,-0.0035431947434817826,-0.2913108811608654,0.4171101670887734,0.37984414936634187,-0.15424890710453062,0.5103874379179932,0.32284509925397487,0.32769572099312966,-0.3632294030951181,0.15064265335410768,-0.42648025777998433,0.1178137595295862,-0.10145807477589486,-0.021794200581547834,0.41456391296151146,0.06571016933745019,-0.36254193151376346,-0.3281201619436151,-0.07697348705947622,-0.3348079867904337,0.5651486251949362,0.027347231771861248,
0,0,0,0,0,0,0,0,0,0,0,0,0,0,0,0,2.1070390279258673,-0.3647212880240625,-0.2065714132074339,-0.6108947212150276,-0.06760960277011452,0.1561279823590461,-0.3022932839401385,0.35244222049130086,-0.1679144979392912,0.8814802696523237,0.0061487356155863065,0.3657835999852145,-0.3091114041709282,0.3370183873319253,0.03360416862772336,-0.021309102653684076,0.38201515935904495,-0.25896121131368344,-0.28608944126488556,0.41301898508324564,-0.40065810129080237,-0.3925185691671867,0.5892877641303722,-0.04900515301754213,0.013123229217386692,-0.2126452814335342,-0.14705640063391398,-0.06362143589728984,0.10198648237264277,0.0756709773644514,-0.18689660298674407,0.3181572210660077,-0.6310521529067629,0.19149663349028345,-0.005993971087220287,-0.6595000270835208,0.27925234078637157,-0.4109227769103663,0.09650605029016561,-0.21914160290313417,0.27653592424477264,0.7590058654867627,-0.2262158918273425,0.3495142914578701,-0.004437497188251075,
0,0,0,0,0,0,0,0,0,0,0,0,0,0,0,0,0,2.2137216303091085,0.19015863102670755,0.12355953474132292,0.10166789922832506,-0.03349338724179432,0.07893683872197774,0.0943932847844621,0.49925703180698255,0.08461838907068786,-0.11869507631731026,-0.2273039912744175,-0.3949021008345208,0.1464946526965848,-0.22366563391405134,0.42247300613235184,0.023501264092500394,0.13806607943943458,0.08375122417691369,-0.5522320797555916,-0.40259899911846164,0.16863710906831797,-0.3389374995478693,-0.20385343485738722,-0.18285562127232938,-0.16451802817190797,0.3864497425526749,-0.37328108237990404,0.6360844442708945,0.04709524121199862,-0.05978087372775872,0.1055810681692755,-0.2729929329960832,-0.24731509122432555,-0.11241341256561255,0.030802703814942302,0.2764885443401269,-0.10232659432392402,0.019125116199083206,0.5148713864005086,0.5141474401399766,-0.019972599116097813,0.02067470523749128,-0.14478075466317938,0.06440533033814903,
0,0,0,0,0,0,0,0,0,0,0,0,0,0,0,0,0,0,2.528628204578578,0.11062538227773003,-0.7120522347715597,-0.5757900009641105,-0.15608187242791122,-0.4147948149847864,-0.45645832351846005,-0.3433496610237785,-0.12552513458804032,-0.7134215067083839,-0.05262921495844901,-0.1288827833567876,0.13531536711545888,0.41588559323682484,-0.12234625545909301,0.2625208638542616,0.4255058557776424,-0.25818621775876677,0.06852067316248443,0.44982951360841594,0.11597864666761501,-0.0611599123174596,0.3218598797142979,0.2406288109923763,-0.13683703833043878,-0.16157953928894042,0.5774620599176569,-0.17759029794747694,-0.6940459646346185,0.41713740773361446,0.0721385795358417,-0.3287136947106766,0.06755798556955711,-0.298865869927479,0.24520606160490596,-0.3639016274691637,-0.4206939261271997,0.27944323433902235,0.3415375824169183,0.16731736635355499,-0.18608778191157543,0.5291612042265592,-0.16261399290616213,
0,0,0,0,0,0,0,0,0,0,0,0,0,0,0,0,0,0,0,2.4478178978758334,-0.16401981656983214,-0.6746198571660125,-0.1364115615343634,0.23968698916269665,0.03608370061955639,0.08631130335785545,0.35473426199643965,0.3609271385431614,-0.8328900385044835,0.18002073908766117,0.18551129962648852,-0.09619930044151231,-0.36470622574541645,0.4038489574608765,-0.3031510489135786,0.07463126130650816,0.21951956982242146,0.18731799471173316,-0.42424431875869445,0.2376579838772589,-0.07194039702295546,-0.015259572329229525,0.2969134668163034,-0.2863536392926658,0.1030858053487497,0.15145797734832347,0.35804975073174417,-0.7131715768778839,0.03155142529563456,0.29985882599729685,0.004212602913853836,-0.33192850065009577,0.12909308681287227,-0.29897636995568133,-0.4992448445047583,0.19037800906342592,-0.04778618628006619,0.2217065317821853,0.07121483577536053,0.12544942221124594,-0.1114108954694551,
0,0,0,0,0,0,0,0,0,0,0,0,0,0,0,0,0,0,0,0,1.6324650461948,-0.19421100673096656,-0.2851424746546998,0.10217098537343745,-0.09527440153557977,-0.08944236883708175,0.38397346108446784,0.26348583358071564,0.2727432713995688,-0.07304584747081136,-0.2585965601100535,-0.4004707776995656,0.1912615591167772,-0.061395964380407266,-0.4869771923503994,0.06354982053956414,-0.05846654395240111,0.14358724327470115,-0.1330198746517586,-0.2011087469408782,-0.22542331453162595,0.24115035690019587,-0.4547845602892296,0.23956346911836515,-0.09349648809195141,-0.24424219754170445,0.10493890919701403,-0.09835505160292611,-0.08770545671819936,0.11830636762063286,0.4484638310291396,-0.3784770102791788,0.1466985024393957,0.15608627009580087,-0.38880574347067737,-0.08125618788870752,-0.2914230468271902,-0.045941838883780936,-0.13900510071269123,-0.45003534024243347,-0.0792974582909323,
0,0,0,0,0,0,0,0,0,0,0,0,0,0,0,0,0,0,0,0,0,2.132229089233458,-0.2938276378543211,-0.1934790605761268,-0.45139902239349167,-0.3167865615244485,-0.07081519116282822,-0.18444921994152666,-0.2387691255202116,-0.0964273046252989,-0.07224570535740338,0.10314369856603649,0.48677019601960003,0.07325316970449271,0.11977099612617292,0.016190494405247318,-0.038590203052416006,-0.3579154591843317,-0.4488650017097191,-0.37992067213140074,0.3265880056996221,-0.2935763180127675,0.04356668184148963,0.3675467157131434,0.400640564580467,0.30229462630789167,0.1929767101603046,-0.10702305621207364,0.0796848032396185,-0.29212569318565906,0.059493150075724976,-0.3058849077361256,-0.43759840967435376,0.17055084898175882,0.00475321787157355,0.04537691087758787,-0.5902429548622892,-0.10246499489426339,-0.23219387359209986,-0.05387294599324732,-0.07718910319480102,
0,0,0,0,0,0,0,0,0,0,0,0,0,0,0,0,0,0,0,0,0,0,2.02041006949779,0.3695238622887629,0.1833033352162968,-0.30965370963313715,0.3760363046003318,-0.11650742612715209,-0.1212112284620298,-0.25550640129851787,0.33510834099019166,0.1298293391576469,0.30292222725670115,0.2456678037847281,-0.42288562022623966,0.24476716536245044,0.20276518085062487,0.20852435588420468,-0.13576641866785652,-0.10403857790156826,0.4350976471763699,0.5726230078106689,-0.04611414285470258,0.03188230052373705,-0.08373408870878236,-0.5547897568617389,0.3608307281267223,0.4833485012089367,0.23242680526831092,0.13046926695491173,-0.37978983224678287,0.012278232575841659,0.405027432912126,-0.03519662917251572,0.09968621387771959,-0.29173121087738574,0.042851987624185586,-0.2013418511918206,0.09560371448163413,-0.08701680564716112,-0.5997725392120034,
0,0,0,0,0,0,0,0,0,0,0,0,0,0,0,0,0,0,0,0,0,0,0,1.8552555970347528,-0.11454423302466081,0.13117574343913438,0.12257008612495052,0.09366804946465584,-0.13651543580713177,-0.11319873199893747,0.060620940298150655,0.5039845762150503,0.06939161358794314,-0.3136869341382583,0.10432197643279839,-0.06891476050632922,-0.4216857919581796,-0.3071778956849631,-0.22354072773922642,-0.17841619216570598,-0.6884488691603443,0.04062097385955773,0.023645647207336598,-0.31269576589481834,-0.30287777512296166,0.32313619043175384,-0.042359185798412344,-0.30206854652085446,0.0914605558943475,-0.08571814783802308,0.013913987818002155,0.11983049842811355,0.3211561992590258,0.03005009286062229,0.18775940476597874,0.21670160331174715,-0.038338149827612494,-0.16481029379738013,0.1942391326743414,-0.14020125533273975,0.36475099801711225,
0,0,0,0,0,0,0,0,0,0,0,0,0,0,0,0,0,0,0,0,0,0,0,0,1.9010443802730255,0.17140754799848312,0.37342339398796426,0.4085612365406146,0.3951840216445546,-0.0967415554616576,0.1361860552577643,-0.28123110641813026,-0.5854732784645302,-0.13551171322458247,0.1189208505027514,-0.050114269292615525,-0.1814384938565832,0.21418152496713103,0.5565612242278242,0.3258582456285405,-0.6127869666551415,0.41367264818589755,-0.2584100444374374,-0.06741503191804932,-0.09500426786719347,0.0426818466779612,-0.17581899077271232,-0.5436986091883961,-0.37675362320593275,0.14947192851576435,0.29554148022221194,0.3883044703099992,0.3309304145700951,-0.0219369889102794,0.16953670887090902,0.21421539523993072,0.17003378264282273,0.19876230230576594,-0.013028620357446896,-0.1267407810982367,0.3492457468748612,
0,0,0,0,0,0,0,0,0,0,0,0,0,0,0,0,0,0,0,0,0,0,0,0,0,1.8918659625557668,0.08155837819665869,-0.14316998523345265,-0.1501784987427161,-0.21978134119639617,0.09985619741564623,0.2142784143060411,-0.2827742008457312,-0.10127571807757947,0.24752942471671827,-0.201504346023151,-0.15256828605331715,-0.4589810650528638,0.25213124849579827,-0.4448968870470319,-0.033814017250682886,0.24274647880823697,-0.23582994370685906,-0.3366700798537769,-0.8142845335993952,-0.0487386785904582,-0.13156254890019686,0.37231093015692684,-0.4348976893468508,-0.31684316583039446,0.2090536708660268,0.528310176649779,0.07155034572836044,-0.5043319831225389,-0.23017323878475687,0.14424211884931257,0.039840558497771156,0.2190179681234834,-0.11540605567838491,0.20260166243203037,0.029205898966864846,
0,0,0,0,0,0,0,0,0,0,0,0,0,0,0,0,0,0,0,0,0,0,0,0,0,0,2.172803140434635,-0.34481205326900777,-0.40250465771977373,-0.05102839879045617,-0.2777270650055213,0.2900448459869482,0.07541133899029724,-0.10951346482928824,-0.4309516505000338,-0.43781796288821473,-0.5294178539416304,0.5656484522506051,0.29762907277081263,-0.3616054470076065,0.020375778267623317,0.1954751518491724,-0.30059970398777236,-0.04844442410066417,0.38131770881623794,0.32657216013562373,0.08289755117455842,0.07136139270140993,0.42083241733737503,0.3110913699403558,-0.06404799153086377,0.19703540129322383,0.06522483516926572,-0.034508217576514136,-0.016254346114699694,-0.013944265333223219,-0.05740689660363517,-0.2333044826068773,0.14336228444492644,0.7652621679797666,-0.09669401107605653,
0,0,0,0,0,0,0,0,0,0,0,0,0,0,0,0,0,0,0,0,0,0,0,0,0,0,0,2.0948612668570763,0.48052324828037707,-0.1080924061131655,-0.3869263532747241,0.04824887810119129,0.4591107955298807,-0.11280503582139613,-0.23402153836960862,-0.059949255421382526,-0.20940903097684468,0.40116692239778623,0.0007576862778216915,-0.2414349999608548,0.06871902591902361,-0.3979511495751766,0.2371878576295378,-0.030377593952906397,0.06941911952718133,-0.21201015239356308,-0.3436188155740267,0.32955659072161503,-0.1520183314095032,0.21378011576947278,-0.4591158343543815,-0.3289746821762935,0.23813372033809968,0.18050986752456016,-0.08213280618903689,-0.21314917673409306,0.26029489928776717,0.018903140151617436,-0.14795457045778326,-0.08856709766525672,-0.12553053530129288,
0,0,0,0,0,0,0,0,0,0,0,0,0,0,0,0,0,0,0,0,0,0,0,0,0,0,0,0,1.7511475489974586,0.6789585473564654,0.1415182185893765,-0.12842710097868892,0.18846028672531845,0.25000444499133295,-0.46578245809398894,-0.45007089127732064,-0.5922255947251989,0.4295448921142765,0.18326823622061172,-0.022830925895789625,-0.016361637533533313,-0.27350624879363455,0.30221230811064986,0.44638812163563135,-0.03871754000598847,0.19661767068291724,-0.1747384904742895,-0.15532925516843119,-0.4295782032908434,-0.17259439380568622,-0.1864911889296999,-0.0271229728013965,0.12349576779026639,-0.35291790711055837,-0.018006973418575305,0.05625513968104054,-0.03552530062824272,-0.3316818026111499,-0.2325053041988131,-0.7037555115286684,-0.48373259729038665,
0,0,0,0,0,0,0,0,0,0,0,0,0,0,0,0,0,0,0,0,0,0,0,0,0,0,0,0,0,1.9662611844859788,0.18762648949166413,0.4168735530957114,0.11214788008778068,0.33936503552486014,0.34722321477343615,0.014923595706761147,0.4460045764050036,-0.09453326775942539,-0.2992380929912368,0.37655016334347347,0.09059736888620006,0.37239198148243824,-0.2096377676426306,0.28014814904223484,-0.13788717599257386,0.2829488803494512,0.06403162062515902,-0.08677575452278717,-0.12534224819430512,-0.6407568334551994,0.06053936507771797,-0.18694862045355892,0.08164372968472774,0.5051731442904318,-0.1696275676980031,0.002755058539892119,-0.17506627663429114,-0.198094964055198,-0.7255386515422301,0.16836995116043624,0.18890263954908926,
0,0,0,0,0,0,0,0,0,0,0,0,0,0,0,0,0,0,0,0,0,0,0,0,0,0,0,0,0,0,1.79309651730541,0.0981456410481893,0.6894617630314221,-0.25408316008899023,-0.2136343285324857,0.2684689437780257,-0.21972175265685012,0.21304268638465418,-0.0405044493670617,-0.2891828842728016,-0.3114009137820911,0.2216418874060826,0.061299949121227174,0.056427667629886824,-0.24871934889885605,0.2506465114918602,0.15602957072995258,-0.24662643031804538,-0.23088847883404723,0.4682979686329926,0.0720703181883773,-0.04879156825982274,-0.13052788640664786,0.3477107232706266,-0.45299630691765286,-0.010382267445640418,0.0883155981577978,0.09840632027911214,0.15752125061794647,0.20395732013955623,-0.06233009365259244,
0,0,0,0,0,0,0,0,0,0,0,0,0,0,0,0,0,0,0,0,0,0,0,0,0,0,0,0,0,0,0,1.5874806285687941,0.3407095095000561,-0.12877530106254734,0.506676513723146,-0.17390755417722256,0.1776207882116612,-0.16993332353855017,0.14299159846798576,-0.3409859557701551,-0.2914785959008992,0.1311706755200298,0.5798163485631097,-0.005189414157370558,-0.008342344916235768,0.26401484665445035,-0.3059688827177271,-0.20752242063188844,0.12077565798413006,0.19926733247635886,0.1634376014904722,0.033890650587385995,0.10802016956003141,-0.16627878857355524,0.2520257878362976,-0.3977290338267537,-0.39829982595837876,-0.3383217553756583,0.2031396369718991,0.05707680339810143,-0.06068923725991603,
0,0,0,0,0,0,0,0,0,0,0,0,0,0,0,0,0,0,0,0,0,0,0,0,0,0,0,0,0,0,0,0,1.8707362721617038,-0.3224658332539268,0.0724176710307431,0.1760192046198083,-0.16577651680258096,0.33853789807268164,-0.338221318100807,0.18212122960534455,0.13300756790370427,0.3323116048166169,-0.15293037380024319,-0.1259282288803357,-0.10898506431539916,0.12112097273133701,0.45932051596259693,-0.2608583735082606,-0.30037323871482813,0.17530554416378505,0.5869464953811008,-0.0641824361783212,-0.33288893451162094,-0.41092095917493043,-0.02800126110433239,0.22978826531048901,0.11286283586893237,0.22641332246253085,0.1855531706388198,0.052709494636779985,0.20635462280267142,
0,0,0,0,0,0,0,0,0,0,0,0,0,0,0,0,0,0,0,0,0,0,0,0,0,0,0,0,0,0,0,0,0,2.0658565936648587,-0.527433524688081,-0.28148015666229126,-0.17953744850152042,-0.31308823405454944,0.8308734630489657,-0.016470712177300117,0.372539092740685,-0.44907995279659113,0.10617347202054919,0.10081116290005661,-0.036962480806552137,-0.0687581080684876,0.5640892273713228,0.14382221412414592,0.28054479382984765,0.3259979012611405,0.24338984645825382,-0.22646105185947696,0.30813695844395483,-0.08852936513039901,0.15284380464247957,-0.30516108634857764,0.16931076299404757,-0.16471355288004141,-0.003625330068466306,-0.06790544828660879,0.3807408942345937,
0,0,0,0,0,0,0,0,0,0,0,0,0,0,0,0,0,0,0,0,0,0,0,0,0,0,0,0,0,0,0,0,0,0,2.100913683677631,-0.06189958766471228,0.22893902072973327,0.0232034175557142,-0.054554503043393675,-0.39801347561786893,-0.184409934428224,-0.15463511183247658,0.5331233832505123,0.03677374267236292,-0.2848803377103849,0.20217076740501091,0.07444790057970978,-0.3393071605432967,-0.4727412894828742,-0.07791003082523462,-0.4310385829596752,-0.020531678535165118,0.0006948921749375617,0.35144100501960396,0.4579037452801856,-0.08531914324368592,0.044740204961301,0.06671286470752022,-0.15102147258682208,-0.0615087542606695,0.06502001066838889,
0,0,0,0,0,0,0,0,0,0,0,0,0,0,0,0,0,0,0,0,0,0,0,0,0,0,0,0,0,0,0,0,0,0,0,1.8000912631947297,-0.032198234190545426,-0.500111419863865,-0.22210105488461776,0.08087865516979258,0.12088721108795111,0.010153777833617525,-0.45144652040387656,-0.027259799412594838,-0.2026389980263198,0.2976826863329567,-0.10187381888719065,-0.06479945745054977,0.05765668488056318,-0.0037258713995267038,0.5485149095905575,0.02917081377160125,-0.040573248935526794,-0.01844952299888019,0.4365889698731575,-0.5248758379467408,-0.16649126882212387,-0.0647527202798259,0.36438195410278845,-0.0011570083250180205,0.5907311653240711,
0,0,0,0,0,0,0,0,0,0,0,0,0,0,0,0,0,0,0,0,0,0,0,0,0,0,0,0,0,0,0,0,0,0,0,0,1.490396460090701,-0.1159078138053314,-0.2640815753055502,-0.015447987807961182,0.35877682493568225,-0.27693097494409796,-0.22242224398290508,0.25458496541009923,-0.009924873009344632,-0.07565791856573885,0.20115402385756598,0.026609643155193232,-0.228157275815653,0.14482205767512027,-0.11156618310064914,-0.14719306575484256,0.1047604292179572,-0.3630294825892373,-0.3103713547084487,-0.27109839762854626,0.07924969601141528,0.3764640463745358,-0.156502430380465,-0.44767565297959877,-0.24549580327313572,
0,0,0,0,0,0,0,0,0,0,0,0,0,0,0,0,0,0,0,0,0,0,0,0,0,0,0,0,0,0,0,0,0,0,0,0,0,2.0279875421742837,0.40811190235463224,-0.06518212283487478,0.16147290492133673,-0.1412055587180039,-0.05145542294624651,0.10364381604955218,-0.2519607816568601,-0.1842932757830692,-0.09881326213383723,-0.3947899766836619,0.6035097537522764,0.0669353766493606,-0.3018617521084447,-0.043278090175007805,-0.293396438854189,0.14212139760051537,0.025126702447571037,0.0036432118305876095,-0.23447044063673284,-0.08997091098319551,-0.06177896023713368,0.12260214283864776,-0.13876537413444884,
0,0,0,0,0,0,0,0,0,0,0,0,0,0,0,0,0,0,0,0,0,0,0,0,0,0,0,0,0,0,0,0,0,0,0,0,0,0,1.5727250922318436,-0.07175148872129124,0.45324542508403637,-0.20850913398794227,0.29491969724802414,-0.29936048279620936,-0.052670251730322235,-0.6746822013055764,0.22489943872687929,-0.21282563636379326,0.18940580758675812,0.19312371439573836,-0.6591602836437681,0.6148046049259266,0.25368931052775384,-0.13345095269397172,-0.20839074943975966,0.35835862944061897,0.467360894249525,0.3845452195013578,0.27519274278274125,-0.1998364495816628,0.5059844938076327,
0,0,0,0,0,0,0,0,0,0,0,0,0,0,0,0,0,0,0,0,0,0,0,0,0,0,0,0,0,0,0,0,0,0,0,0,0,0,0,1.8135961381331724,-0.05673706506788912,-0.1058366033037689,0.12848296463309156,-0.2001381779429922,0.4313946023831772,-0.11585305472248804,-0.1243412758555604,-0.06820616711007503,-0.5060728266335037,-0.1607630893195905,0.3353112256662679,-0.40935118893337996,-0.06908076684671784,0.14481646397934939,-0.16704439546645747,0.1833936148223218,0.08955574905417377,0.8968251375341606,-0.09205117137391366,-0.14559223461592302,0.020544495324952228,
0,0,0,0,0,0,0,0,0,0,0,0,0,0,0,0,0,0,0,0,0,0,0,0,0,0,0,0,0,0,0,0,0,0,0,0,0,0,0,0,1.7007435689990305,0.17822028014579175,0.4492281295356701,-0.3085825078205623,0.06453969113199906,0.1712352789839881,-0.12040180808480908,0.28667542658949857,0.042721663350844645,-0.12486749452686854,0.049605658071385915,0.03244856088931633,-0.2003481407475754,0.10692978187438547,-0.29212425463776714,-0.3555667111405909,0.38614638584681565,-0.3404002498085456,0.08505569591707085,0.1208496799546347,-0.1482274887845177,
0,0,0,0,0,0,0,0,0,0,0,0,0,0,0,0,0,0,0,0,0,0,0,0,0,0,0,0,0,0,0,0,0,0,0,0,0,0,0,0,0,1.5112727117277611,-0.10905635651439866,-0.14429055494159038,0.25211448746643705,0.10878927271763757,-0.06482144697764759,0.33656349945951747,0.05590953240229141,-0.012130884842098823,-0.20375749326607606,-0.03764741335209887,-0.4673002698265971,0.1626625824378521,0.33139072141188863,0.14320545265588902,-0.07291285691741578,-0.18525166022922473,0.4264968847652533,0.19390193521021093,-0.059039697291687274,
0,0,0,0,0,0,0,0,0,0,0,0,0,0,0,0,0,0,0,0,0,0,0,0,0,0,0,0,0,0,0,0,0,0,0,0,0,0,0,0,0,0,1.517399449892429,-0.21222602510448757,0.19794216396163303,0.6470804817921202,0.22681304465573932,-0.08875865170562913,0.2815456226207474,0.25745429705716794,-0.06327023631732083,0.1995806912369179,0.250883267139343,-0.0013936567135003942,-0.04549685922509922,0.39478492624330364,-0.2838985413220133,0.5270321504808877,0.22207998490298766,0.24327354658057768,-0.1072365748869819,
0,0,0,0,0,0,0,0,0,0,0,0,0,0,0,0,0,0,0,0,0,0,0,0,0,0,0,0,0,0,0,0,0,0,0,0,0,0,0,0,0,0,0,1.5798604180386788,-0.08734763021657548,-0.6502058675209359,0.1819140333992978,-0.04928734875818293,0.5417547056629206,-0.25898403787561747,0.13661510808716265,-0.02430029697780914,0.009926111214965406,0.7422378541730362,0.40334700390558814,0.6596347946414745,-0.5826332152474828,0.20465215737720913,-0.28415655441251164,-0.14030102274573839,-0.09190000912403593,
0,0,0,0,0,0,0,0,0,0,0,0,0,0,0,0,0,0,0,0,0,0,0,0,0,0,0,0,0,0,0,0,0,0,0,0,0,0,0,0,0,0,0,0,1.7480561765481784,-0.17636365300868048,0.3588666081236194,-0.13444722614272725,-0.09249364201694002,0.3816242269788522,0.06356664886600324,-0.6262202185314114,-0.018021059758593368,-0.17793582275808512,0.41586777666197405,0.2749715328840616,-0.019825973840983988,-0.6193183165345407,0.26600536805115865,-0.7386435904164337,0.12385961521523058,
0,0,0,0,0,0,0,0,0,0,0,0,0,0,0,0,0,0,0,0,0,0,0,0,0,0,0,0,0,0,0,0,0,0,0,0,0,0,0,0,0,0,0,0,0,1.395738027867002,0.4534703553028971,0.4613727151696858,-0.121323723722532,0.04363840898078491,0.10956927084156988,-0.20187856146201216,0.559257302432932,0.4578309815857451,0.03273947982273573,-0.2356654059079523,0.09399870177413927,0.1259613296509808,0.26755597203482534,0.5365781251358108,0.053632761102694215,
0,0,0,0,0,0,0,0,0,0,0,0,0,0,0,0,0,0,0,0,0,0,0,0,0,0,0,0,0,0,0,0,0,0,0,0,0,0,0,0,0,0,0,0,0,0,1.5908201337192684,-0.36728123336492585,0.33163599346693606,0.004265879867383485,0.07357980182508642,0.4355565965327007,0.14797107527420125,-0.3736171903866219,0.21208785683113993,0.10552611396150512,0.1325329027528825,0.14221684732753548,0.12019813329171741,-0.11825022670426413,-0.2855095764329111,
0,0,0,0,0,0,0,0,0,0,0,0,0,0,0,0,0,0,0,0,0,0,0,0,0,0,0,0,0,0,0,0,0,0,0,0,0,0,0,0,0,0,0,0,0,0,0,1.7842156691674793,-0.2279016704784959,0.12564166028433907,0.12357910569060702,0.40275700148638266,0.09938734795021786,-0.13556877393346847,0.17529594031472973,-0.27186108033028433,0.4245628225572999,-0.34290489426140347,0.02195770218821652,-0.13737930752599614,-0.5480221322336442,
0,0,0,0,0,0,0,0,0,0,0,0,0,0,0,0,0,0,0,0,0,0,0,0,0,0,0,0,0,0,0,0,0,0,0,0,0,0,0,0,0,0,0,0,0,0,0,0,1.2003437753735335,-0.013282859667657129,0.19462715183340334,0.208903432148651,-0.19686546998848659,-0.0408701000512612,-0.16514839270315188,0.13533493513271874,-0.06513363975512544,0.300994510164273,-0.46852350352626,0.05617012260512712,0.06739872184661455,
0,0,0,0,0,0,0,0,0,0,0,0,0,0,0,0,0,0,0,0,0,0,0,0,0,0,0,0,0,0,0,0,0,0,0,0,0,0,0,0,0,0,0,0,0,0,0,0,0,1.1602219998006695,0.47337616362797325,0.10099016586334188,0.031566715850315924,0.37120055854955747,0.10211375265612745,-0.017536312086207984,-0.08674578566100638,0.6333392541565135,-0.26588380867971295,-0.09152031289168511,0.11669579677877726,
0,0,0,0,0,0,0,0,0,0,0,0,0,0,0,0,0,0,0,0,0,0,0,0,0,0,0,0,0,0,0,0,0,0,0,0,0,0,0,0,0,0,0,0,0,0,0,0,0,0,1.6660642788231317,-0.04483046787867,-0.035629649345037324,-0.15501196078780644,0.2506954590877329,0.02395893036656166,-0.6459294240873493,0.23767228248456054,-0.13847968614260034,0.34997380757723456,-0.763556616570206,
0,0,0,0,0,0,0,0,0,0,0,0,0,0,0,0,0,0,0,0,0,0,0,0,0,0,0,0,0,0,0,0,0,0,0,0,0,0,0,0,0,0,0,0,0,0,0,0,0,0,0,0.9196010134538174,0.09370603221297917,0.15442258078997198,-0.7373227135850319,-0.21376293763825008,0.3039992668083027,-0.1390839874493683,-0.1341346175363134,-0.11462441266513593,-0.0187348205494281,
0,0,0,0,0,0,0,0,0,0,0,0,0,0,0,0,0,0,0,0,0,0,0,0,0,0,0,0,0,0,0,0,0,0,0,0,0,0,0,0,0,0,0,0,0,0,0,0,0,0,0,0,1.3743263176107525,0.20251615670468426,0.14025050262814392,-0.11171545247526792,0.34784966271325046,0.0587053396594652,0.28120019718373324,0.30290331542896787,0.12437521642475798,
0,0,0,0,0,0,0,0,0,0,0,0,0,0,0,0,0,0,0,0,0,0,0,0,0,0,0,0,0,0,0,0,0,0,0,0,0,0,0,0,0,0,0,0,0,0,0,0,0,0,0,0,0,1.376056841978546,-0.10905546233458671,-0.005500114873529501,-0.22076087542555595,-0.04363548797717003,0.23153477168444545,-0.17133290751494146,-0.2471676705833276,
0,0,0,0,0,0,0,0,0,0,0,0,0,0,0,0,0,0,0,0,0,0,0,0,0,0,0,0,0,0,0,0,0,0,0,0,0,0,0,0,0,0,0,0,0,0,0,0,0,0,0,0,0,0,1.7565543985483685,0.004693076533457226,-0.21871807922429679,0.5131996918856906,0.5068732367111974,0.23543290955637747,-0.08498802726902169,
0,0,0,0,0,0,0,0,0,0,0,0,0,0,0,0,0,0,0,0,0,0,0,0,0,0,0,0,0,0,0,0,0,0,0,0,0,0,0,0,0,0,0,0,0,0,0,0,0,0,0,0,0,0,0,1.5820155799507825,-0.08066876290215419,-0.17128441748916187,-0.008348600487647354,0.17774084594880732,-0.08904964498190308,
0,0,0,0,0,0,0,0,0,0,0,0,0,0,0,0,0,0,0,0,0,0,0,0,0,0,0,0,0,0,0,0,0,0,0,0,0,0,0,0,0,0,0,0,0,0,0,0,0,0,0,0,0,0,0,0,1.1085259990088636,0.3912151705218839,0.2794213379052005,-0.18959614088311716,-0.17331430230399808,
0,0,0,0,0,0,0,0,0,0,0,0,0,0,0,0,0,0,0,0,0,0,0,0,0,0,0,0,0,0,0,0,0,0,0,0,0,0,0,0,0,0,0,0,0,0,0,0,0,0,0,0,0,0,0,0,0,1.577451499039162,0.2403787257140137,-0.13038146232060838,0.40577511695297686,
0,0,0,0,0,0,0,0,0,0,0,0,0,0,0,0,0,0,0,0,0,0,0,0,0,0,0,0,0,0,0,0,0,0,0,0,0,0,0,0,0,0,0,0,0,0,0,0,0,0,0,0,0,0,0,0,0,0,1.2715165710964629,-0.5880086563700949,0.291578967975181,
0,0,0,0,0,0,0,0,0,0,0,0,0,0,0,0,0,0,0,0,0,0,0,0,0,0,0,0,0,0,0,0,0,0,0,0,0,0,0,0,0,0,0,0,0,0,0,0,0,0,0,0,0,0,0,0,0,0,0,1.114558669576805,-0.011419555754624663,
0,0,0,0,0,0,0,0,0,0,0,0,0,0,0,0,0,0,0,0,0,0,0,0,0,0,0,0,0,0,0,0,0,0,0,0,0,0,0,0,0,0,0,0,0,0,0,0,0,0,0,0,0,0,0,0,0,0,0,0,1.0095299195364138,
