0.06171019552919504,0.017936346432792124,-0.01352390444485843,-0.12083785904949487,-0.015849045266446617,0.07130225167339391,-0.04453942059341687,0.06708639755777991,-0.043069287250061934,-0.020919784432474952,-0.05562107486443367,0.01141974027510721,0.024958817344291794,0.0683240237768748,-0.05482514945366503,-0.005131171932985595,0.02517689002238233,0.11081133419770242,
0.06020804313258052,0.0091429079941729,0.06938195374706305,0.13681475729645062,0.020090338345045963,0.10605234201748272,-0.07359498793555218,0.02801133921956697,0.008209641184810339,0.04057332265653664,0.0932334173209838,0.07462360839293117,0.12744467120146272,-0.002054708693608618,-0.027050455013588784,0.03427493505627992,0.06084056520296688,-0.010915554590129474,
0.06335629603898543,0.012398170457197462,0.021163347528335368,-0.09507029999332677,0.04596680961379571,-0.08981850187644987,-0.016293395904862805,0.0011441739871733518,0.12660520122037625,0.07767751777076026,-0.07032399679973318,-0.02007462502955982,-0.019471937354906155,-0.06288395490805776,0.021991894183832895,0.03747887072580358,0.020691206726442618,0.0864058348580944,
0.07157067717057448,0.0060882890955339134,-0.12105190251351043,0.043115913642084454,-0.10801939393259474,-0.06723500660444182,0.05837323436907435,0.0424519341465825,-0.02585445443781817,0.07919815623456292,-0.04452760861234659,0.02092973350719653,0.004880016040934037,0.004955243455258587,0.004874662901132479,0.08663512942698427,-0.09856009663542417,-0.0025720456025059993,
0.028394646562843875,0.09510557753521005,-0.09425186528883359,0.013091807164403195,-0.03881428310953312,0.05662878695509679,-0.021001802818902644,-0.00552889386672391,-0.037275860343835586,0.0010378845502290108,-0.029990582581504423,-0.09172024263852069,-0.055981752350825795,0.06258177544859038,0.029789627547397415,-0.021931499221373555,-0.006980283208247672,0.09123293368788915,
0.030103926324220008,0.07357500714162285,-0.005916472598048508,-0.04723580278551166,-0.037040413879248925,0.11700025786994232,-0.05955679169060796,-0.12821028349215854,-0.07919516659427712,-0.004635745651097336,0.024227206820040263,0.13359248935936902,-0.011463212670262315,0.09432320786997636,0.007177029001524881,-0.0313735461668697,-0.06943149174411016,-0.0637276226379407,
0.06320775056766768,0.012512561120816276,-0.00862153051194976,0.05717305027524278,-0.05599094111457251,0.03978470624067915,-0.022964220509958586,-0.07747492596391281,0.016918518519150907,0.06493955038748454,-0.035727810334864996,-0.07347980106634154,0.021614764949679836,0.018473876898122927,-0.04358176335306321,-0.029268551871209702,0.09146013378372836,0.05322272276947544,
0.019860363894954006,0.09703262966470699,0.014421445704877153,-0.03164181262991153,0.09522738203115937,0.13699290867840813,0.002734156212666663,0.011544267834554948,-0.127706398102823,0.0075755446423600705,-0.05924203688518583,-0.05122566794961675,-0.01907198425928453,0.02358210204897437,-0.046154166646233,0.0038092100502444704,0.06010100054111134,-0.04344858888123664,
0.04280841472277861,0.04884146891281945,-0.06020784462761251,-0.11677486685442261,-0.09409616822440887,-0.09736482687576102,-0.007117943408447518,-0.004778108150444372,-0.040550272479319055,-0.09269111080253485,-0.020307393362572812,0.1302354558121003,-0.01924442106042261,-0.06571402299712648,0.05822215180228067,-0.08777902169287413,0.05543390600926221,-0.16140380011718938,
0.09551080922428219,-0.04286975525348333,-0.01955068942809498,-0.012160264871210743,0.07057165001325304,0.086755209929128,0.05510843586379969,-0.018301049195768186,-0.04031336107102433,-0.07330608151101088,0.05337222799087978,0.044295007583700925,-0.033484101763408734,-0.0025102732354143633,0.07853647115175186,0.04866749274904056,0.06609027277848066,-0.08042331152526351,
0.013046871408919358,0.11070751728347496,-0.021895096289755625,0.04305451729082689,0.0028996922846277503,-0.04579001487312213,0.10854960333947711,0.053927807693236636,0.12292987149707958,0.11547793160563402,-0.020531253724563877,0.15600544831945196,-0.11127797457716473,0.012454976246577308,-0.08814701069583324,0.022085798287343795,-0.03313180311092981,0.0895740905638508,
0.08793479382070238,-0.02029440011455365,-0.16982089133168538,-0.048725648630936945,0.020551862015064887,-0.10533929799183289,0.0631279993118646,0.057389841101005167,-0.08715418939456224,-0.06413195619161302,-0.03714432434968641,0.019661742259352317,0.08209267783869625,-0.04710095097588599,-0.07367965998092782,0.05876019631476382,0.11527901217572607,-0.12719016662677304,
0.09403040429077329,-0.04041348661125566,-0.07809320960612402,-0.04230935948649711,0.07546193828933809,0.04531641097594838,0.009172455253943173,0.053655990267039426,0.04403844141678654,-0.08406983111033306,0.17060025660406122,-0.014480231416389195,0.13733645425491264,0.03233809732538737,0.07274229166012319,-0.01125105011735349,-0.01078549922520061,-0.012718839869451028,
0.06425878611565315,0.015145811136221321,0.057732111420159576,-0.020511425043738603,-0.02930077250496159,0.012241603155383866,0.003820150139851095,-0.14224558561412895,0.084082260519149,0.03868191872002257,0.0694336940657335,0.11129767937014066,-0.09788911659470956,-0.06908677838414459,-0.03572683488299412,0.11029899330891657,0.014476978242415638,0.011276795196666752,
0.06232017146217937,0.0014115202219906731,0.038538267866900004,-0.05185057203038319,-0.035661819832117005,0.09009720423910188,0.048398426046086226,0.09309473818345762,-0.006451690138740414,0.02553004056076853,0.09555972328313345,-0.09460791363866244,0.02798086520361449,-0.09085075196097271,-0.10714112602234867,0.021811864043182434,-0.01623754777239653,0.11148407518428798,
0.022606814793800608,0.0947331612139435,0.008078011276656331,0.03927545128876963,-0.0008947356494204319,0.03183319259083212,-0.029862494213233157,-0.0752664131445135,0.007595386445926959,0.09844500431782302,-0.02113808479483249,-0.003863667188123798,0.01592334554890872,0.024176286123499136,-0.02250024850844024,0.09254489786045157,0.05035800545470401,-0.08320438890029251,
0.06346796628607135,0.01480706139387591,-0.08360097494622015,-0.0578713862122026,0.02475733489995037,0.09502044028102274,0.07311574523603721,0.1057580222935366,-0.026873060505457604,0.02378245314293299,-0.024170536852133877,0.02626300662415223,-0.030700228826018347,-0.044181856275085515,0.007202724354998264,0.014440883837212946,0.04162516526040662,0.005935907233419561,
0.0688508644086997,-0.0013618671591440657,0.05100013370754575,0.042760997993227114,-0.015514034079836252,0.05738893166186748,-0.07631147295560559,0.04209776975951495,0.1350016547460211,-0.009825499363030022,0.0017956178025082278,0.024503129338916133,-0.09665793721118345,-0.014895201665087711,-0.017416881824053456,0.048135422439471005,0.06409690372161955,-0.07332125738266618,
0.018958736311136138,0.1088045485975328,-0.12474356709715391,0.023004486880296313,0.0963288926204795,-0.012933841208535437,0.09819261108925662,-0.037505022797352516,-0.04649778533282219,-0.03770486677756488,0.08030230420439265,0.046265586431741924,0.0017190963496750106,0.057530659263459544,0.0001642686931920253,-0.08886235018526004,-0.06826864052395733,0.12482504420623972,
0.08739742507661613,-0.030845046105990537,-0.04430869539041074,-0.107537539737373,0.0916745298081975,-0.04005542132823003,0.01990530158163101,0.11737971546386244,0.010968263870676927,-0.038130671031101696,-0.016464699460205626,0.03638261775711601,0.056698362165163885,0.06828245063503369,-0.09746388411855486,-0.008224508793580694,0.0019075690126199613,0.026033135860287843,
0.08681392779261635,-0.03475165811232107,0.022019082037180483,-0.04347745501360213,0.06696898373085328,-0.013936077001227001,0.03456755696232911,0.015367686613072858,0.00996148291713905,0.08306942846357275,-0.02984646987728026,0.014618803958546015,-0.0009114453674500514,-0.08206520513632279,-0.023971304270317424,-0.03011196278113448,-0.0302337853232983,0.11720626613209857,
0.10866875058911846,-0.06779146865651532,-0.08236998570098471,0.01162463044950395,0.06375520207341519,0.036089338037058265,0.024895986435328806,-0.0929383307580551,-0.11223536536098806,-0.03688920279792798,0.019027710066402675,0.07546080451588887,0.032221848641187496,0.10188079020648548,0.020496129449022533,0.04198392888515093,-0.08154016342473326,0.05160388303508838,
0.025187234130095625,0.09419384119787351,-0.045505930744234965,-0.07769080112637416,0.034993357324399156,-0.03888043888157967,-0.09702607320551379,-0.017228706416118723,0.021545638196728018,0.05779811266173051,-0.10126200230358826,-0.0486721827958547,-0.024963156001855634,0.017691184116798944,0.009277494409039667,0.01247457009868417,-0.007839591576420715,-0.17751980828898856,
0.018042154638661392,0.09970293266985426,0.04609428089551999,-0.006683020385342136,-0.019276059669025524,-0.025950988108315937,0.1105773943453407,-0.02126572486240072,0.002144571501603025,-0.17549783865811677,-0.0241527271851731,-0.02034653500333954,0.00556702733503377,-0.0380485797949107,0.04829064461223524,0.14141782544833192,-0.11092638437284776,-0.003516006896099987,
0.03559774896435737,0.0699063078058132,0.007551459714394864,0.14974788854488763,0.005086021860116437,0.06374997378176604,0.002507638493534633,0.07852107876159221,-0.11639186328390973,0.03742474518724894,0.014295119709854089,0.04266280246272696,-0.0771982208301616,0.05342267520505389,-0.04693500354392346,0.039738313745365295,0.11568570992227396,0.09820881268320673,
0.08034376950516206,-0.03007198505410428,0.0868043849378385,-0.04165459586812343,-0.056430412981201584,0.030681292719260744,-0.03327927040546039,0.05291787233974291,-0.00607252488220853,0.0535181608100052,0.12593592469031778,0.07930343686050362,0.060199994057683795,-0.0007844745737617644,0.11782447462602513,-0.07319901562666714,-0.16980796168946607,0.0252411041753005,
0.019213751238233982,0.09675833990122636,0.010139336070335413,-0.054183552522560054,0.02873968331751122,0.09161355718918016,-0.043636544813727834,-0.04651592332592142,0.00810793905956779,0.016091572962913105,-0.011201024120310066,0.038019820705136424,-0.12479132443203605,-0.02973937207075852,0.03420484893524169,0.018327845684819415,0.03565599541525014,-0.0014930207486223905,
0.09841362118171974,-0.05412614629520334,-0.05186739260150177,0.008314026533900063,0.08758503091570208,-0.0593512369154277,-0.0717078798509973,-0.040516067907574546,0.03667764759794101,-0.050611017414316346,-0.14038114283747302,0.1213582588613348,-0.0279679947360855,-0.014244497433055246,-0.015663337795156624,0.11182916476006473,0.015655625896581305,0.028374953417665386,
0.04205280221668985,0.054010602548868726,-0.002912999640865053,0.0666273301672214,-0.16536629721702192,-0.03392598081787162,-0.037132972058304785,0.007827559342478724,-0.0017479582401243928,0.20553923832100132,-0.00985939511805109,-0.07715820362970423,-0.03291204131451371,-0.018309249534838187,0.01999431923929116,-0.1137730337215606,-0.025294230370892994,-0.02366642875565042,
0.07310828192837082,-0.0005092199928553825,-0.04077484518584113,-0.007241665037035902,0.031908252381512896,0.07113413489698087,-0.06622317648559675,-0.033986678437263,0.054415697245159024,-0.05066194706559656,-0.04207665460716692,0.060356625673003234,-0.05849495771128464,-0.15246399924748066,-0.027820289172343197,-0.010998797364538262,0.039184481520588406,-0.06255260875389343,
0.07487858758949052,-0.011449997945628851,0.00020478515008559497,-0.12772555692060844,0.09752883992526439,-0.0976272161295616,-0.047470168877168734,-0.011406068443663538,-0.11719668834783796,-0.04258940805240254,-0.05725245097146579,0.03586272714492662,-0.10732776121065854,-0.08507517186417392,-0.013930376807527749,-0.02285650011678544,0.03816002997315036,-0.029995885734545962,
0.0992686147286644,-0.06507842362970402,0.03992527252293087,0.03364961767857546,-0.051707488168961716,0.09679772996616987,0.09428908396723426,0.014076842018846883,-0.022152135586522837,0.0013253476780860664,-0.008176553763299224,0.001415317298404089,0.03915143049342154,-0.061572286821937564,0.07173604624504223,-0.07614688197486874,-0.05548935705224966,0.0019866582375625214,
0.10153353586900021,-0.06095538030697777,0.07152780691608383,-0.034555349187064224,-0.05574566593808825,0.019037077957926217,-0.029337919625276716,-0.011872132077263226,0.06411568684669114,-0.0237163671700698,0.004188454241907429,0.03572002226603456,-0.000891667534877982,0.022393548403386008,-0.030525647658120967,-0.009207712496217785,-0.008518653368222747,0.06774708446800867,
0.10368828738488144,-0.05648280436955953,-0.014509158606690388,-0.07694182762417826,-0.010122205370918312,0.08317373358560692,0.04541595636867381,-0.07797940440669204,-0.03629122048996692,-0.031369696220004135,0.03252678456582757,0.01052666957682395,-0.04896277291586919,-0.010325262305053333,-0.04906047436220262,0.06692955126621525,-0.10901952622623431,0.00959705265740828,
0.00956586767323906,0.11982197214478366,0.014053435317745593,0.14753383108129708,0.029874504560322347,-0.04807624297662237,-0.10048966216494601,0.03148183057802995,0.0019642342630086674,-0.04426269466738726,0.07824975217162397,-0.029835576087031846,-0.014989928907644267,0.04858249513291424,0.02942267596802551,0.030129514939448737,-0.011548627125292284,0.11396315465295874,
0.035787708817696565,0.06159891651858774,0.07859783074652174,-0.05219542346393296,0.08597358196538665,0.05514854974287923,0.06398327394275041,0.05972051015908231,-0.07905791227589248,0.00787581515897452,0.03286860644844446,-0.08017235232663998,-0.015642800140059816,0.022544982306267534,-0.12164668222009567,-0.014537232515496584,0.06680182749407902,0.1056929936032985,
0.05271882691913668,0.03511988893102663,0.030071676429806217,-0.04671517092659653,0.18060563133611202,-0.06588119948881999,-0.06891624777013765,-0.062360943701808266,-0.03118393664959486,0.0018860610907878764,0.07037537401744583,-0.10513056486177025,0.01607833007807658,-0.030118498795990857,-0.08935588749564528,-0.06315217837991394,-0.06229048476533981,-0.07997583414941528,
0.017526637189978322,0.10053717065305773,-0.004898851721473999,-0.03439137997777848,-0.028756736379047115,0.03781819674666339,-0.1142724742178627,-0.07649859911634636,0.06860339808923037,-0.03510691993161231,-0.04949967296020981,-0.02076800117594676,0.026110390642210973,0.12256743406012002,-0.05161827814072546,0.021570374698601454,0.050314110219747556,-0.10006414927759026,
0.02440151763509066,0.09638118510011326,0.047474294739616354,-0.016431792515318844,0.0581636255682726,0.09109292845220429,-0.12603858518274055,0.04722776864440052,-0.07435620876275206,-0.045813360014190306,-0.024469288808999182,0.06142938704894411,-0.0014174111815034168,-0.11177454819701545,-0.027318764982364678,-0.030120926685214894,0.0009488902933182738,-0.038756109479356315,
0.03173161422857186,0.07109875340364256,0.12350456068625304,-0.06261299270542955,0.0034721848062161838,0.016418273451650683,-0.00568191102861565,0.054755540889314204,0.034714894333138964,0.11572488505611128,0.09377651995951046,-0.013891595414987594,0.004662817276808149,-0.045745145112569045,0.04288878494309446,0.0010659308357332462,0.046775935530579724,0.18127846329972064,
0.01976325578736927,0.09107834486048948,-0.025578513298436835,0.04685688267146569,-0.05893581535890239,-0.10799387206937512,0.0036321267881666603,-0.001809169019304435,0.06662597339986003,-0.04829502898823413,-0.12113693620193129,0.010202771240806293,-0.09503320137054255,-0.026459074269002267,0.0798632147103396,0.0249886312841213,0.006642566082998415,0.06289996716758008,
0.07772214216312535,-0.015053805714798325,-0.08483392153001572,0.02759505917579185,-0.0041032856917971655,-0.07881661816156198,-0.031724168619430206,0.009627205445748393,-0.06227028079063213,-0.03660289205495326,0.10646793846577493,0.01795156944410166,0.04456037982941709,0.02913389502124579,0.07542416721754881,-0.0035404708150028777,0.011285454680664872,-0.015057438856419771,
0.05852709383434873,0.020746087707266932,-0.014952632331133295,0.016404989988917894,-0.07643322275098911,-0.006326884615288731,0.05411450123484461,0.0036183226855009266,-0.004021444677143766,-0.021326550814542003,-0.031862293750117586,-0.05621426279607235,0.017713075981439452,0.0319619964265859,-0.007189794825550727,0.053014885629633975,0.07531739194645462,-0.027904920899850392,
0.08522257794077819,-0.03639943441154,0.07063388868737736,0.03754092900156069,-0.013296565719779115,-0.043905584435578696,0.08981292203840424,-0.008439151966049743,-0.011253279209356055,0.04702180924958035,-0.15358534157026224,0.0074501366472442265,0.013173604554280322,-0.03314951343343012,0.02323210339522555,0.03136746377250831,0.041225669460733534,-0.06322213785270546,
0.08542349389904558,-0.029811676574350507,0.03393146631468039,0.032558657750361916,0.01151961846306884,-0.05806241269244429,-0.04740755336691633,0.0486859400266063,-0.06606399737322663,0.16024217044626302,0.05225204743023462,-0.07958342391780346,0.0019950247878315823,-0.0536821533484438,-0.04516339437040232,-0.053496788505449165,0.012987526887751375,-0.008831953806896954,
0.04641236920434342,0.05115037751125982,-0.06822404598818078,0.05711375205511584,0.09295859936874976,-0.023955572658773985,0.030029572063125894,0.11272203125607556,-0.022518130926514845,-0.06348826878662782,0.17090648493635577,-0.01266795063894654,-0.015372742517368462,0.031882566510740055,0.02825638469265163,-0.013019840751068035,-0.011776244125154343,-0.0032511828880134497,
0.08789645663764321,-0.031245840229466505,-0.03256489644631379,-0.0014733035549531395,0.027886659052363694,-0.0055568245267797675,0.06096316735236092,-0.001581258144133441,0.15412948182122713,0.041130248783341615,0.021004448801273303,-0.032857370472177815,0.018893008791172856,0.00293877798898163,-0.029243685291683866,0.09925452922026307,0.1260366619253082,0.057670341050263245,
0.10013327135253887,-0.05272738659242587,0.028561349301794214,0.07564992116939405,0.007219414342879157,0.035522390665580585,0.03354325641646852,0.06552753151499859,0.01712235909539773,0.011766421911563138,-0.062481497469667746,-0.08311642293816913,0.01747937243596547,0.024822435152883297,0.04812453907212604,0.012301512346970812,0.06250830010025453,0.037171046517320484,
0.0019984688017503803,0.13140524037897888,0.029636630560686397,-0.051965075117849015,-0.022179635881924578,-0.041263803245300344,0.06332298055512793,0.09884659212216708,0.03858893294199349,0.0763609284713725,0.06720038229062546,0.10538592932409972,-0.03895220008233371,0.06061287286779325,0.03350763458160188,0.09254445224307849,-0.011011557824453368,-0.10527511532129269,
0.029295196762619154,0.07594716828989422,0.06571015432108396,0.13706171822683957,0.0731252926376612,0.13057751077606156,-0.08071779278361599,0.1108484318138338,0.07623718468803735,0.08835725629956369,-0.0703404950005737,0.14615357893509706,0.035842451887209845,-0.046550681237764846,0.09067730721031242,-0.004163668180210259,0.04185585073007852,-0.07499550536467593,
0.10415742196048873,-0.06173518768412222,-0.06531367335057967,0.09167958811720811,0.009344611301029563,-0.033775668469355195,0.030044614308547674,-0.015442321499751584,0.12185195361573621,0.029455506152136154,0.00041821744612170124,-0.02500556186424097,0.0476784734606277,0.06873349296250707,-0.1755861010620586,-0.05434158627255011,-0.019665905737972705,0.010362228091092161,
0.05826072214335104,0.016722081226848817,-0.0001508500726560895,-0.14629365528475383,0.027110052916264137,0.019068361905713715,0.07463961268790364,-0.019687265255957632,0.0008821363429684585,0.10608690541188531,0.013110379490528689,0.03768951905130092,0.011818317955560485,0.08249344436011455,0.028167628657894156,-0.03390679025508745,-0.037453806250750114,-0.10898354485169838,
0.05454074319897633,0.02393521188656932,0.08471531342140935,-0.027999311385773735,-0.04565029902811327,0.08080407089746361,-0.030043596461570402,-0.009458373204725786,-0.07184558883409763,0.0938485378591148,-0.06418729081570336,0.004560748019492623,0.09225911373897079,-0.1001360882746034,-0.013570642572199318,-0.05176944245952488,0.0018203257757234911,-0.0036290863741239936,
0.0823304094565311,-0.016019786127145656,0.011011288964704869,-0.043285003389621254,-0.03331052175762249,-0.005539472140081753,-0.049603782611348214,-0.05290422341105355,0.02451342007665842,-0.04574222355632557,0.009237136963210492,0.0951798194428816,0.047440264578918805,0.03656776453792834,-0.04148646998789274,0.05655060764131764,-0.05298875282736252,-0.01801715064327566,
0.04316531920382754,0.0459550378764758,-0.03011983016735634,-0.032036565181413214,0.11170854158148526,0.049059422253505534,-0.003958379619064348,0.05331700099512628,-0.04002627740658842,0.19106512228979367,0.12224322958847571,0.0164977045706052,-0.031271099253181736,0.06052169996758692,0.004083258031486395,-0.009811779661689753,-0.030764558633244735,-0.04586065194611949,
0.0580112069696245,0.028240877885879843,0.04476718071849235,0.017710758995340466,0.05796738748216445,-0.03649330596248929,0.0045188037021321285,0.011166740460368979,-0.02497846830537324,-0.07254172259712278,0.00545304763678527,0.038158968378385706,-0.00031550244458243977,0.00676374106746047,0.027747307453652725,-0.024490768291115142,-0.07236629280972938,-0.021932772081737436,
0.08087243323177076,-0.022830954547261445,-0.011860196515961723,0.02530113149308477,-0.07086706969208972,-0.03971387463171039,-0.072205513338244,0.09484723023958017,-0.056707381226351515,-0.06263004972082767,0.03738949021042388,-0.033937176393267585,-0.012769354513767232,-0.08121945806175461,0.06649937504757189,0.01198695796507121,-0.007670502349202654,0.02348359787139092,
0.08587114663182555,-0.03270134337932096,0.02299140651935742,0.20988217878362683,0.028606241816326653,-0.05813117862234989,-0.08732256803997222,0.10141427622405633,0.03223027777927599,0.07678660205092948,0.03697423183904593,0.007386474184716607,-0.0032385387373325726,0.013352398928714704,0.03087539117440406,-0.05834306536289232,-0.03169051930150764,-0.0022123719439107927,
0.08449318400708157,-0.02568714744732215,0.07246523234818092,-0.05667943323804225,0.07400350317629188,-0.0508163482199631,-0.030535704884978282,-0.015264758210764307,-0.012753506023884226,-0.08405345469343489,-0.06693625390362253,0.018593290486143117,0.07793360957957063,-0.1478806582429055,-0.010488046521761187,0.016419712103553332,0.01888346181579322,0.07431978994039672,
0.05849000872233959,0.033955447671008325,-0.047926315170082195,0.04857731785961058,0.03813216858958881,0.08125307802143199,0.0012975951418774502,-0.14745703511993258,-0.10220184728306957,0.012395619665865226,-0.034415487287508484,-0.062003000197873095,-0.06543322787316964,-0.01661109943610294,-0.0793704733072579,-0.05064425712166714,-0.010998697215204564,-0.07754521059612082,
0.05780552485525816,0.022124424463852283,0.053262143957295324,0.014584540548636046,-0.10306420222603214,0.06455251789219295,-0.04628072828246978,-0.0049995328949147926,0.00978747848451625,0.018800175967499895,-0.06123958598574823,-0.047469199510032103,0.005357755127194487,0.14255759961624065,-0.07141217872542893,0.010256321737381415,0.07669894682799475,-0.005004199809763131,
0.0890669324204764,-0.042537532531571186,0.09359662582302614,0.009293317907933916,-0.04192222623008555,0.02971970656211047,-0.03317325959468844,0.012823678340887866,-0.018034677858862487,0.05526507239858654,0.053935973477189404,-0.03138276909068415,-0.014055307354473466,-0.15006963241726842,-0.07267489387991893,0.041405365845414856,-0.01566165443953948,0.05618973169309329,
0.07609229709877777,-0.010618645921319043,0.00008194933977225658,0.002529922909076385,0.05765897625259541,0.05984662111508432,-0.10904102767564575,-0.06078411779498021,0.050767007304109484,0.0374960289785941,0.004009891345810936,0.0696059365063764,-0.039465695008862364,0.023095349458675876,-0.07185801443726514,0.031778112312404155,0.038652450902858876,-0.002766361042849793,
0.09183514110841065,-0.04418818836923138,-0.05534223040059561,-0.01326326342009625,-0.08282276535128144,0.0009549884344031582,-0.0531713011842687,-0.0451147099429797,-0.06779094182249427,0.024409691390002982,-0.013795367742794658,-0.02456646802490882,-0.051948415921793376,-0.08744718576450727,0.07282678729280555,0.04070169424709389,0.03716125703128203,0.005666797448537065,
0.08982249540007638,-0.037421453622999666,0.04314136909337394,0.10955179671492295,-0.01050363842379468,-0.03314355950594393,-0.019631976179487635,0.0024280670934440345,0.016677091228220507,-0.05153503445313462,-0.027432135018328706,0.0661916221976394,0.018416624236751566,0.08206761078366341,0.03972650701910572,-0.017808757134032155,-0.022694692258016222,0.11920222370257863,
0.022130002991369992,0.09325586045542103,0.014783806047456745,0.005187543757755743,-0.04578612393997636,0.1181181089654042,-0.0410101711274276,-0.15352073668146846,-0.02295347111446689,-0.0117666212569868,0.06215857633326388,0.0719021696841085,0.06975782770100815,0.059285065964813144,0.021732098470548366,0.09389635905099326,0.018110529813656573,-0.07172055777868097,
0.019282415757351543,0.09671822997955981,-0.052166295408346094,0.07088692532645646,0.005501914804214814,0.025468563361662522,0.09818534270357705,-0.058400829624810746,0.04410999447249706,-0.03247044179149823,0.01272353605760836,0.039586410840124715,0.015198063358548291,-0.05774859868874819,-0.07113330959084341,0.04468166417774949,0.03742166717943427,-0.09463102434020267,
0.08901093902220127,-0.04518210304869907,0.021717098631941326,0.01737112586195139,-0.0015546832246447482,-0.009505707998528316,0.13085594205060325,0.047527101239599995,0.08525721912325006,0.00039716846550462247,0.02805238997237388,0.025813736074991,0.01752879516596575,-0.04837793565977701,-0.18111061602381412,0.04862927437631844,-0.03658239194018479,-0.14179498593604664,
0.09436653694722799,-0.042004062402523606,0.058246584293815885,-0.10875919327323723,0.03129763893013763,-0.11432281702897483,0.11787069841612613,0.028157750046013213,0.0802060478492919,0.02377368956264151,-0.05530623222332896,-0.02051861922371328,0.007329381861665533,-0.08053590262047389,0.08814777312713919,-0.06516987558056458,-0.06031647131190326,-0.02604212648576488,
0.054012224873236044,0.04031299138514471,-0.04324714422608477,-0.08061323149874737,-0.029877622787880677,0.09886330290017133,0.07506179414117786,-0.027478065595169545,0.062232426318998446,0.0009141016555715197,-0.052897674232861985,0.0032036133764393277,0.007515119110066795,0.05561691535081748,0.06202587481800283,-0.04428304385098354,-0.1043720465284351,0.006706022049672022,
0.05074553027675919,0.036113724463615715,0.038929206147133175,0.016093254272388596,0.013672408769969776,-0.007138428552995789,-0.009564415334401104,-0.007592830499582569,0.075620581945531,-0.01012036763496675,0.046234405436631744,0.00436378996413422,0.03652795026453569,-0.010349515153614028,0.045159386575392035,-0.039303585427522436,0.04272726097140737,-0.0007832221406959021,
0.09294735493885696,-0.042069935896654025,0.013631154305745139,-0.006336981387387009,0.09373815048606052,0.07630578603850623,0.008407928136332943,0.00305948804006298,0.13483518248820547,-0.012802139717412233,-0.0853307982390431,0.049264726386592315,0.027194074372829283,0.02919855496138115,-0.003442987549909907,0.05199540271841489,-0.024765819092444418,0.0012235663712225244,
0.0779307348750998,0.0005097211564273777,-0.09430134162333281,0.015986450753464842,0.06870566750290205,-0.010326937266518572,-0.0014566979170726085,-0.02304128266462603,-0.05177253092378442,0.05817813678496782,0.08947386264705631,-0.011231681627612816,0.035863883196130354,0.0009161611020939269,0.019069705105152296,-0.03572136638717725,-0.028155635098803682,0.05603698366145655,
0.044181109592631745,0.05158765839348116,-0.03409990450818943,0.033142325101680484,0.027387657113946615,0.049566011658669244,-0.10169948564003246,-0.036322886216544926,-0.05940751726378929,-0.1409047587494865,-0.026272106580510806,0.09161926774033176,0.03862326518852262,-0.027910538946669134,0.06309997734649889,0.019515668308231458,0.08598165434467649,0.02537342561374192,
0.10347464357215726,-0.05456751170678505,-0.07982672416595228,0.10488193723141541,0.04846679210854464,0.08241317508014577,0.09732690516616882,0.07260610520328027,-0.010830110604717058,0.042499892858482234,-0.005158723754467855,0.05176301926095927,0.00999139901667969,0.02429818093371951,0.12622632863391842,0.014383480376861981,0.09554306305254448,0.07619952583784512,
0.037511876198681224,0.07150501978306766,-0.09005391892452982,-0.09547382028822993,-0.0730883946998593,-0.03279130258368392,-0.0809614570301674,0.15454285912472387,0.09282892981921259,-0.005142090667618955,0.04549525681561676,-0.14362736254194278,0.006094997545305357,-0.03206636320159102,-0.0218696354782498,0.0373352996133405,-0.08731919718506531,-0.08739151542723513,
0.03304499960779402,0.07903181519350246,-0.02968684419642464,0.005842419443725817,-0.052371721120398604,0.021839760164971293,0.01595867036611332,-0.027367367244236034,-0.001563181407663173,0.004266961735845265,0.037278965273185194,0.0996313930149229,0.05132795729978937,-0.11121580447590089,0.03748084824653905,0.033634801851699966,-0.04713191743768483,-0.04219546008182092,
0.025778740685723757,0.08289239125019085,0.08536562713734787,0.06757021292582582,0.09708317062947466,0.08674313146434319,0.01247217274618949,-0.16179352388617027,0.00844323063353876,-0.035258052006606824,0.09950287852584082,0.059803808449413354,0.13917423046904767,0.00830423314164206,-0.04986172891625943,-0.07252328242844047,-0.07406506764545989,-0.08599538794759956,
0.0763772223568551,-0.010586757917838061,0.055026886441627114,0.011139732447339462,-0.037589850649798605,0.02570241302802735,-0.02957640838370832,0.001975655163854089,0.01241930587951952,0.01929653648198698,0.04013413331236708,0.02614973007485464,0.06441761128435144,-0.08732961414640562,-0.19236842718367428,0.09098629381536144,-0.002111859263865249,-0.000720543724394874,
0.07519356846234988,-0.017919872885089654,0.027858322591384526,-0.04902553595649667,-0.05501971983745887,0.0823277376405425,-0.09496846422834186,0.09719705431668052,0.11168189778387705,-0.00917731076588082,0.017711113314682697,0.016852800778785603,-0.12884876510443496,-0.04885391348437251,0.015625625407510235,0.10862945360771037,-0.11151720006906897,0.03244300790063346,
0.01305980233475968,0.09425280795112825,0.06333644330745157,-0.1259664974121664,-0.003716815368519774,-0.10564205598579626,0.1451627587337498,-0.01270951299109996,0.00817744835715954,0.03448519121913218,0.10768899532054974,0.11781184939410629,-0.017488065066078935,0.055370014552227835,0.12562286473446452,0.057010842721237576,0.10982192024110096,0.07732037198581074,
0.07595500242912731,-0.0023759816872837656,-0.06650589540042695,0.018092245891163823,-0.08959942316259102,-0.08884790988173,-0.07370551146623713,-0.09248892847004382,-0.016641440670286802,0.03688110256991383,-0.07449852539757382,-0.024981060678951537,0.06120235452719155,-0.07155432483004792,-0.051477417043928934,-0.07002728279618355,0.0439505769621175,-0.10037619245859214,
0.047365069840598094,0.047979019167963634,-0.047484543310592146,-0.08481320176778709,-0.030825892890394346,0.014811084788288669,-0.016974082897235603,0.06384367253733897,0.07484855927847409,-0.15021925805033595,0.034950894544602436,-0.008936304270876726,-0.07186214155222849,-0.06056967514983662,0.07731217189328113,-0.011461304220492198,0.05266065436033729,0.06571587196191367,
0.05368102581090121,0.02761314113195962,0.0983744881334032,0.011614043035973503,0.044779614579864874,-0.044470699837909966,-0.006024712048087176,0.054068718801086164,-0.03997256227746254,-0.1099973857234885,-0.04577015984563087,-0.01381117678229695,-0.010300771757287525,-0.09853420631333322,-0.0029668049078181097,-0.019732995007728505,0.055321787529155154,-0.010159627329661637,
0.038153020605721906,0.06484061529962201,-0.0872224553219679,-0.06056304989725824,-0.04024292046984901,0.039959402721156195,0.01925864706062804,0.0035990483543245923,0.014138729135349542,-0.049843789163417265,0.037552900361660514,0.058184965409759704,-0.03647576811235316,-0.07975335455521795,0.053848618339862604,-0.06198509643439404,0.015882221434504153,0.001551227515987055,
0.08317678504765204,-0.024594464717099446,0.010930484324586594,-0.0032070926795859244,0.03546783617613534,0.15043341867286492,0.011479725353648851,0.06404561487490526,0.019226299239307135,0.016044153383788375,0.044608671794797584,0.07659940286310857,-0.05643037754010572,-0.029755402682968522,-0.016243963819848592,0.08436458829496421,0.06694042581518929,-0.07585694834281748,
0.04169322564987211,0.05292742582689718,-0.07194498418076216,-0.06882195918671499,-0.09718222085492728,-0.07225999779749917,0.04790294360421784,-0.007414562655060672,-0.06806777890356329,0.03781574059075205,0.1322521212174309,0.008327932053515737,0.07322202099020605,0.01292517209678964,-0.05461433523176727,-0.04129018687709162,-0.1074811263140525,0.0439694946611525,
0.020766656766784027,0.1015580849671696,0.0538360622569134,0.05936601337334382,0.0412405139378384,-0.0024897034984624152,-0.017842069216713774,-0.07001510549846528,0.0036378301032002746,-0.05380982060572134,-0.02858973924741899,0.08330696032000658,-0.04834984027628467,0.06814390544457295,-0.0713998303883286,-0.06522458438199431,0.08756813507653714,-0.06590090425279366,
0.06927549383264843,0.01751766945715064,-0.09167580533671546,0.021249632510608907,0.0019336525446202863,0.05591830842838389,-0.03814766168551465,0.10040824666059565,-0.018908687054943765,0.031150941724807105,-0.07579124590166862,0.04691644050393229,-0.05621697396258811,0.0166213638554982,0.06371870499445596,-0.07704379015433913,0.001821652808171029,0.023615742068911733,
0.06134236954739189,0.022143368874450394,-0.02520591208633173,-0.0018172579522026096,0.05792948371451248,0.02287712152427443,-0.09672881392603294,0.04303218532218434,-0.02205960799159635,0.03452488209845866,-0.03017424844556091,-0.03278935510599483,-0.03835418058402814,0.029063767258143375,-0.0028640406526888513,-0.03834916937277379,0.06549364064398511,-0.13576184806234085,
0.05326139637142528,0.03373857258071563,0.10348227903841639,0.011841539740227247,0.13615555442866245,0.005989794272337987,-0.019548972978620623,-0.03174324081567051,0.060343877548637744,-0.06575407823927512,0.003798102936444552,-0.11046319747706042,-0.06843735112725657,-0.008849545647809015,0.024190568371857315,-0.004439096464211402,-0.009213973977478165,0.019170095545740305,
0.014090438526967562,0.11125676249857064,0.042004936010172515,-0.015266940936182517,0.04676689670875208,-0.061879350189145955,-0.06495388348798375,-0.044535051532024125,0.020411401693402775,-0.11268446325319209,-0.01651357107720768,-0.024055080170468264,0.0013499706346601435,-0.1207355603971526,-0.05350253771483424,-0.01152418561851052,-0.025019656896535646,-0.054003310767782774,
0.0809767354772954,-0.015714564639106542,-0.06619940956537095,0.126211540616637,0.05689434499421192,-0.07547983567878681,0.06652864617481714,0.017619135888964643,0.034655767515502915,-0.018665098702779402,0.07134909795267502,-0.10821081674309224,0.06787440851911673,-0.02872681411381225,0.004536336080066153,0.009412042610247032,0.006956439291157552,-0.055113302359628046,
0.05890554798689717,0.028264059185999002,-0.09175783973219748,0.03647497231478484,0.11925388915033469,0.03487663285868901,-0.050014552432904515,-0.018278138414219765,0.16494798397171043,-0.029568356123488824,0.03425101467095412,-0.03286173602205312,-0.051293011905841276,0.0164744708121705,-0.012597614272391122,-0.0018897617179611367,-0.022647018713875512,-0.041613599235436734,
0.05213259209429573,0.03901841878790238,0.14783144567374382,0.00018068096305281226,-0.006084638311186374,-0.04645541808244388,0.057946275409244546,-0.03128633063641066,-0.040123639816122804,0.11486630194708078,-0.059611445757053336,-0.14982038468911676,-0.03478177362291795,0.02337214826354115,0.03790856761738634,-0.18291292195009876,0.05636468688046388,0.007810325725379282,
0.057187058312273,0.016904053749606678,0.09568538291269106,-0.005793564715075728,-0.11769167286457717,0.0010993390016470885,0.1316878249487106,-0.04112382521802039,-0.07476964173875213,-0.028162505357663115,-0.10736941998681687,-0.06387427710629688,-0.06258334360980233,0.05248727639221395,0.013858039315119338,0.054882771621200956,0.005965705809750049,-0.03199291012432945,
0.03344235066109217,0.08007009321468984,-0.04597952056837579,-0.03259176728911615,-0.021140223008871483,0.026253188872011668,0.005361911672685326,0.09012167385304665,0.13460782594302065,-0.0680717395611508,0.04100694234760083,-0.05886419443800508,-0.030412855549712108,-0.023108824357820187,0.03775424584244521,0.07599437374078741,0.0297774011199747,-0.016949582843682844,
0.0685268589181076,0.010203022947206415,-0.013758231990527779,0.0028052248112294255,-0.028171623023313375,0.06775515838093407,-0.04683866690224956,-0.043498482032037634,0.004496506354577464,-0.05612698469814744,-0.0732057288262605,0.024452838002456682,0.16146807187069565,0.08568340683668958,-0.010511443939681363,-0.05212787708022032,0.08902413427730162,0.04811852227455958,
0.08308693005004551,-0.01903207952775143,0.01807948602181106,0.044209376974518426,-0.049799851823802456,0.10568844896893606,0.01631064933056481,0.11638423121945604,0.0439058905068942,0.13650087037836078,-0.006302134300641408,-0.013001625296065893,-0.00763035052780081,0.01730523467944797,-0.06759600138838505,-0.02861487898330782,-0.07306779325954418,-0.05692245202958428,
0.0011387242433525387,0.133294386988592,0.0433756164440941,-0.03189858271323809,-0.06844936168821872,0.029543705568423333,0.030487173275225116,-0.07213764038407884,0.03754165285387951,0.0181316588968359,0.026867911190062235,0.005199900476647183,0.13200028887598647,-0.036454004103254084,0.10971313352996685,0.0858631777477753,0.052511543296268025,0.06341573483700591,
0.11173537816731564,-0.08117343295842923,0.0673301208146068,0.11582201432908336,-0.026894723882660357,-0.042154585876800515,-0.0063209085923295796,-0.03841303854864521,-0.21214451703680207,0.0808171447503994,0.14483140143311912,0.0798516971721697,-0.05739937694301329,0.10542412050938486,0.08809605758474201,0.11797522016759347,-0.001984684890238171,-0.11302568353021858,
0.0732589866601148,-0.000049058463183844486,-0.04777926220762457,-0.022914300477788484,0.04480858259064643,0.07791306353980601,-0.052305843320641546,-0.0013693240625405495,-0.08042739069460794,0.023362497084516768,0.028697794667902312,-0.13907377697645,-0.08161991272656012,0.019527676545714922,0.039270162546620836,0.11250431399385155,-0.018911742600358043,0.04449615023443608,
0.06499171129843691,0.0053316403521364,0.07672436285880294,0.1004443593899436,0.05454813888302539,-0.08822834260295477,-0.060530900204586256,-0.024033018948073408,-0.020157329580676578,0.0033152436559299807,0.06521636158886755,0.0563946884967851,-0.15127706309576908,0.04647589087535224,0.01870783858703028,0.06945216111186733,-0.022750130493279168,0.004723613684583376,
0.020694779326159922,0.0993191661692016,-0.004744066412018808,0.09396436622283912,-0.06384852757081722,-0.041372176722283015,0.047192374657604085,0.07132060821092785,-0.020093638096639384,0.058330710873361946,-0.10990631910942646,0.05612880255646481,0.002276395728456506,-0.014784735540862569,-0.04003116574080824,0.11144252078005794,0.00500332140579763,-0.1637851876145704,
0.09664731330198849,-0.04985498887662262,0.08149009634654804,-0.09213626080813193,0.018584956427597287,-0.050888261616927784,-0.03437217371135805,0.03507759757174666,0.03955026044773475,-0.0416383931242424,0.0016467966585235628,0.11951141305783945,-0.18468568317324177,0.07372930210826246,0.06426767908593135,-0.00588628069662465,-0.009839342942834995,0.02214514856830255,
0.05042606216769165,0.040074400299784214,-0.0601990050100211,0.003862081991706657,0.023368502033174234,-0.13315613588597505,-0.11461884833343479,-0.04557975637041477,0.030021921428466814,0.009764494061379714,0.13153812333705084,0.010441136136050161,0.05296247243130515,0.1118789677687267,-0.0265041634698827,0.03295250111999373,0.0017109978807620424,0.041375346150461935,
0.07963315529123033,-0.021087337486161133,0.09829770075352727,-0.047362866587785456,0.05374895254464437,0.058965552398649076,-0.06586564151556876,0.08776794700679186,-0.012864662460595753,0.025318455134334446,-0.05926001651332705,0.030265735563769696,0.06010788480589401,-0.04221050239904733,0.08847772814995623,0.06429731622310236,-0.11310731455444216,-0.14878050588751165,
0.07452714290764324,-0.00028146851723282926,0.024127620506263266,0.15058647214467488,-0.08213294997808071,0.014084568597241384,0.06494376385666163,-0.0519318841044984,0.05044957735716245,-0.02802955405709321,-0.018648373683013173,0.05861041480834867,-0.15611327177479892,0.08260748567635855,-0.05598660196216413,0.01062633161366703,0.08616299526510258,0.06617516653942107,
0.07300543646484504,0.0011803457947237607,-0.037746025487410274,0.04359712350651452,-0.007925286691501561,-0.049739793993066356,0.011976906861861624,0.04207335454196733,-0.0827856708537673,-0.0023638308909166347,-0.02021496553378556,0.006504671506525709,0.17736577316879878,0.022905738812851593,-0.03982384310562574,-0.0031875386512625124,-0.021885383420596993,-0.05441069144280371,
0.10980109982878097,-0.07069753497805509,-0.05411902403752143,0.07305187609192157,-0.08700899503948009,-0.03001125961409417,-0.07308638555566271,-0.0038079198200322794,0.021804073897924877,-0.08306216049387238,-0.07920003378494027,-0.06199085741197405,0.054020527069882286,-0.06964380453176434,0.0014670102532070568,-0.00962117071832669,-0.02752666483890097,-0.06366303440442246,
0.04081978180330084,0.058161136480590486,-0.04736674669957217,-0.04980757634620564,-0.015813298570174415,-0.07480320101580289,-0.11813169302469474,-0.06886290182683498,-0.010063370617891627,0.022084471614962537,-0.09145689091127485,0.020317055055985397,-0.006120778382344414,-0.052921135198334496,-0.03540397832625361,-0.013548988294411207,-0.12189586871892286,0.05572955367780107,
0.01605171507582263,0.1205962684189625,-0.09566420860680137,-0.06309884252184136,-0.0957097261388928,0.04192382304242232,0.18056002215217745,0.044152426317725174,0.0587236642731626,-0.005164102088275424,0.016027135015303295,0.04221893812214009,-0.05898492944078727,-0.06305898477219712,0.07596603511179977,0.011335699972581763,-0.047596187068919875,0.005196326042177829,
0.041342941697218284,0.05672982649206775,-0.015960576522066013,0.09337001886239651,-0.09559359073971913,0.014532380390734784,-0.08354427637469011,-0.059544249132897555,-0.010703381235706026,0.03551978623455465,0.052826445046622796,-0.03451927791077059,0.03924450479706781,-0.015282665982385995,-0.003776125146942627,0.008795526899221588,0.0694920277817877,0.06264085541363605,
0.07590450102131543,-0.014563649732656269,-0.026509539386155,0.08128413584730919,0.007769401122563897,-0.13778212144516783,-0.0960164211417624,0.10062753380325729,-0.021357509166187203,0.038522354787662604,0.02391720131399647,0.05916779757850308,0.012633693240049494,0.03524839163311718,-0.04958254832566444,0.0002277600180961457,0.05964956161782167,0.008115344706002005,
0.08870961586302333,-0.03642028588724549,0.0416471167342922,0.0625862423067898,-0.012344405125348653,0.05685354537013262,-0.040277280086859005,0.03148197661087908,0.03627363146486963,-0.04320137282932877,0.01265138595852525,-0.017108825555974073,-0.02485019216790903,0.02711472247437464,0.06427168149748402,-0.020995931419073726,0.022459487269181438,-0.04539919356852378,
0.019923827562045745,0.10633427480231122,-0.040837577040824684,-0.10918452498703846,0.030934117522247624,0.06507080892211582,-0.03489085217099506,-0.012421072675627831,0.015519804081751755,0.07941999304263145,0.045454830138965716,0.04637678339210087,-0.030074331788125137,-0.04581823246290243,-0.00023941980874507944,-0.13372282996558768,0.0047995511945216245,-0.045618562387491526,
0.01680524135061563,0.10189719360811118,0.023462673666472093,-0.02441907939842887,0.04372884550296527,0.012699680742978975,0.014458825767712166,-0.016636748055391982,-0.15517653212165128,0.1114995847026463,0.021728714047841192,-0.0792088614886269,-0.010177869887419602,-0.03705810480315143,0.010413510345103216,0.0845517956456023,0.03706500282008962,0.019791083262027286,
0.014863376259484475,0.10108614920448755,0.05254076184408983,-0.05219290326613661,-0.07241197286013876,-0.058575647500018965,-0.04737875173353964,-0.00983528839699433,0.031690275933288346,-0.14994654866091892,0.025864483442303608,0.047291669595540216,-0.02415757716211815,0.06629539967966071,-0.11788031537171385,-0.028286253995328192,0.024391826696433343,0.09660073769106313,
0.024500267404118533,0.08378625382427338,0.07174149446075818,0.05942408803973322,0.04111048255310726,0.028163579988728035,-0.04793672125091,-0.2045430695478868,-0.10249528021394097,-0.007550704236296645,0.06536481591458271,0.005624035811871635,-0.03372915437355539,-0.13635295267859512,0.0319051788227289,-0.0113676861148987,-0.033999354253588646,0.05170378566960455,
0.10617583439018285,-0.06600610370947728,0.04944968741825359,-0.04257428402929585,-0.03193121491207088,0.10919821047714787,0.07452058394467231,-0.005178782395304325,-0.012827407647268389,0.03623357048389379,-0.009127062503784207,-0.02683337011174844,-0.005644845303174717,0.07935935589227865,-0.007132984495105228,-0.08060920774241014,0.08919870234542696,0.0023538353400818406,
0.05023102086945165,0.03954029879982439,0.0684514277000925,-0.0618418304958602,-0.14578350519792393,-0.02922705651124506,-0.019111994098541543,0.09060401525457965,-0.09334434567717455,0.03761940643711659,0.030636577277958262,-0.03566354281044593,-0.02317267076460385,0.01899906838935367,-0.07430252030630463,0.1582442103504234,0.02480273403213174,0.017916738591615685,
0.013703931299206306,0.10218471518437229,0.01845924894894393,0.015192276435838304,0.0052851461061415,-0.0011095260301585048,0.08783996750705195,-0.14730381301884032,0.012235117757719061,0.07776419985911755,0.017410825944937917,-0.07745441070218109,-0.03182009071804842,0.003985919775525666,-0.05732090239984139,-0.058388854015748254,0.028480582848972563,0.020807988910823225,
0.02116872083114903,0.10306934667919673,-0.1515717929242442,-0.09247497812488535,-0.047995680460420596,-0.03895952698684927,0.0469088892486062,-0.0012937671198241132,-0.05635299006967984,-0.0321127383193497,0.06411598134557935,0.0012612528334151728,0.07654349167855182,-0.02000233746466563,-0.0486630628185857,0.019498660544369103,0.0006182010914473787,-0.010341785536792472,
0.0947239731029602,-0.04805170204066434,0.013428832238350718,0.1189203640872581,0.0629008571050408,-0.08743228769831662,0.007062265689952544,-0.08504159368589267,0.05401801187837785,-0.05366272178516653,-0.07454646603693871,-0.057451662355471646,0.04285075150101808,-0.05267356101755367,-0.0023833984237365403,0.038604091578573946,-0.013404242098434814,-0.102681342430013,
0.04976769862849782,0.04197302453116195,-0.07746837141090135,-0.09064690888367898,-0.0009286475500485382,-0.03781199049994674,0.0069521883034638675,-0.013199095319528535,-0.007044120792041178,0.08458476869354319,0.005627923622557014,-0.0558533712238716,-0.06352949837218737,0.09266344992639568,-0.020429871159251968,-0.04450206204277607,-0.01718018727788701,0.02094823121668595,
0.05374406798570549,0.038438422998120135,0.022087688733115618,0.034769537086176486,0.0337768761928127,0.011212288924978069,0.059647996479152005,0.03740662574128333,0.05744327083743825,0.07162368122650405,0.04021052767717679,0.029551748713268343,0.03286615422151264,-0.01759112734908365,0.018177666631510016,0.03920784265688136,-0.03652835716215792,0.11001718580670258,
0.09153567962881871,-0.036070376703893486,0.01816368362358742,0.0735066970757061,0.007039466644416414,-0.03002745719478468,0.05848753441655103,-0.0054408478798651985,-0.0356987959215951,-0.10643530674873675,0.025716234765998627,-0.1092109873343599,-0.05372978579931323,0.062105705485123876,0.1299106892380386,-0.03141450831271087,0.005345164838355835,-0.09608584143244397,
0.024063928410487632,0.09158684341689353,-0.041295671037677,0.08660886849194929,-0.10112006095035937,0.0651814507585683,0.0781354565977454,-0.05224533951239756,0.03478561226251705,-0.051600885759933074,-0.02247785646044927,-0.042012805328775035,0.11335650145006156,-0.03578124610466665,-0.044583218192306893,-0.018658958692009148,-0.04184115991681793,0.04015662414175797,
0.04339608444101935,0.0486337705365629,0.11301910642124553,-0.1243800695729385,-0.10798266956485894,-0.0034178290695449465,-0.0613672584172514,-0.03922373216370369,-0.059474643908341195,0.053270073280814886,0.012223899672946703,-0.0018547996717270673,0.022113317932149015,0.021571723444428103,-0.11510995712894723,0.045750552623131546,-0.041793673845375384,0.017518395668488212,
0.066318398918483,0.00911129960758242,0.06327912687974382,-0.046115724628153616,-0.07622905478680951,-0.09268434567669938,-0.08818121850028908,0.06347630675309349,0.07911803060183832,-0.04008830848340261,0.026219176082348285,0.06911958380444996,0.03985395587662249,-0.0289925698237372,-0.04011717125203531,-0.13946899069763888,0.07392363105236238,-0.01670914204947626,
0.04102039102152448,0.061358536953571026,-0.014308308913813931,0.060920910937091746,0.006819060549531447,0.07710603475718415,-0.06970072179037015,0.08996763244066469,-0.09479618225378673,-0.03571574268037915,0.04491435893599524,-0.06452757314229712,-0.12133567666956069,-0.07021828842790398,-0.0063688388321190715,0.0031010879036392903,-0.05873677998646223,-0.05804113244723427,
0.10162027301798686,-0.051731240332563766,-0.03702858875276355,-0.1115617472570864,0.16155378946697171,-0.001738970185186385,-0.015460928726888265,-0.05957047889361524,-0.008367870883087526,0.05168433875431601,-0.00005842355814561863,-0.0795397570542858,0.04988551206590355,-0.06313201976684624,-0.03536942449502561,-0.0524573699472327,0.06836775832021384,0.033717967408251955,
0.08979872286231934,-0.029392117192495543,-0.030229277156823508,-0.028644024722675417,-0.026684333205458387,-0.05323402823754722,0.08914848165466586,0.10659426319571272,-0.006355616201160362,-0.00022296738896947533,-0.1076699550134623,-0.01643574114690417,-0.015801176474027782,0.05089640829656891,0.08701499231351777,-0.01893177443326635,0.057445658588442354,0.05852295694082238,
0.06710929131024032,0.009917039649130726,0.03693745927110805,-0.022544218417255454,-0.06054603770654265,-0.10440802613020403,0.08675466774616063,0.06827195327022997,-0.0639772789875875,-0.06841218482160034,-0.012509985420865595,0.10267164777685782,0.07360116318239739,0.008815743684185183,-0.002618654333517055,-0.013216115865552153,0.006120751257318011,-0.07216182302673847,
0.09207908890665588,-0.037340296790818024,-0.07512318625042462,-0.013295971933387173,-0.05152094489788067,0.07651469177625551,-0.03751204055789975,0.03908943330063442,-0.07609150763976752,0.05933401950721434,-0.044094749445328846,0.00124525184353482,-0.057981385494364115,-0.07716017698806255,-0.11529878561030016,-0.027619681614560954,0.005960352778919704,-0.021529803590424793,
0.0169400133721008,0.11354806059743641,-0.002134763118861613,0.019219969994857825,-0.14826919710212386,0.07544254425902626,-0.014934621363088915,0.05943345929657408,-0.009487651526821538,0.01149066499143715,0.06177992903697515,0.03016944411635694,0.0599181208368274,-0.13778801350378597,0.028390492288680687,-0.085665418707436,-0.09634221290170221,-0.028677808021428806,
0.09101407021279613,-0.041176715883747404,0.005335759574745811,-0.024565274372078148,0.05286048893291191,-0.13529128514721217,-0.034483828756628386,0.009136084881466944,-0.0767702630812259,0.014418113286055642,-0.04066390897967833,0.10048192033533397,0.13040464382088934,0.0762694619138222,-0.022269507615715563,-0.08049489942778656,-0.00908530877081031,0.04632395708275397,
0.07089019972534731,-0.008717676157769756,0.09761113444628773,-0.017267994204063136,0.05790417925276001,-0.025285382486699017,-0.0026715667246527343,-0.03741000625459465,0.08076584830793536,-0.08093393986159372,0.010589233057351726,-0.04514926618834044,-0.1450494258613062,0.08311063415687253,-0.08469822205248491,0.061918973756886,-0.11663481382284312,-0.06255170645041154,
0.04686767332722539,0.04757706346909242,-0.0510670345287422,0.006040849889175936,-0.0694242092118379,-0.015507706104764866,-0.04417828122097525,-0.008534532717161356,-0.052544680106474444,0.04465395809342271,-0.07832308139182605,-0.02932187308185958,0.03546395824306398,0.06743543260681883,0.07884130009084782,-0.15052214434551223,0.00789735570848999,0.055179484857828164,
0.08879650791066734,-0.040803741432669946,0.037947626366933065,-0.06485998537276068,0.1385345882844772,-0.14555316613584593,0.03472933941047866,-0.060089437018260236,0.018420628684702917,0.07654826077652703,0.10949294255821926,0.10933296157221511,0.06796023846869846,-0.0008628156519455014,-0.057191307072899385,0.00790231514436213,0.09216643489580872,0.03046459641720411,
0.016768939677737547,0.11575355303795028,-0.03817481318114334,0.022195269004173932,0.041224363982814094,-0.046072928125321204,-0.06444329326157464,0.11727565032132921,0.0093457061302591,-0.02495523266746595,-0.0963290047664995,0.014133119021626676,0.04143777502410288,-0.013297535277589635,0.05547468142435919,-0.022626666761783903,-0.09334965866633813,0.019287690406636793,
0.09653999476071332,-0.05495035331883194,0.0158073547350091,0.015459636315187807,-0.15773299500768487,-0.06007724909186077,-0.014344003693920821,0.03279573543081618,-0.004806195505513894,0.10143921670235653,0.0066337535887250835,-0.08351648928640959,0.006131124060228631,0.02570069259938875,-0.09054106625315515,0.03697480178286823,-0.05357993045335441,-0.034321066708829534,
0.04181362602897852,0.05655013251580423,-0.09120843843587505,0.053877448335091144,0.015891674188176216,0.008425713655609401,-0.09286137306282911,0.033771193397456094,0.005732812621597081,-0.041803905336061244,0.014019237013203295,-0.12765062973715954,-0.07795692702930027,0.06814598063353232,0.02132991907419167,0.02397820582007409,-0.04004671261962541,-0.049016950434390846,
0.02823035982856298,0.093196908816736,-0.06927277938697529,0.022001526335582253,0.0659147712942607,-0.01228779045717512,0.08617842418328066,0.11028361649823101,-0.032042991708667756,-0.058194316288459835,-0.03273090992493571,0.1164693501190969,0.015332037295459162,-0.02573019724609394,0.023278744329098,0.07141203174641719,-0.006807501124432279,-0.0007732712137651962,
0.08861665651186455,-0.03989857117417445,0.024519787456202913,-0.02319135844488289,-0.07074116343187636,-0.012406482603190019,-0.022740949743360418,0.013424331164557645,-0.17381279079254333,-0.010633327057481348,-0.04846130932022681,-0.07872050140944688,-0.03288227343754694,0.10075746669989594,0.08622128876807357,-0.08716853339376045,0.13872780603852705,0.00449692848264038,
0.09474196622763696,-0.043153162657736006,-0.02814357267714211,-0.014990438339869646,0.010302142189398596,0.02937503114055093,-0.024976682874053156,-0.051196096629718496,0.01746513740384228,0.09722554744929228,0.06226833165018014,-0.021208305318537693,0.06580801665885075,-0.08314553229360928,0.008461562855553337,-0.034336537856381424,0.07658410355205314,0.007605298744662083,
0.050073833802450035,0.04359051433474454,0.02487442951318694,-0.08120276211140119,-0.04962750829115305,-0.059261877664955755,0.05376220647761698,0.04121018512416848,0.012456466342729068,-0.03258900766610368,0.0018409008811749992,-0.12341409849127942,0.04505220414606188,-0.054715404620061546,-0.0851830397600269,0.03399537393637223,0.041584457512531224,-0.17034887330448806,
0.04016775671665381,0.05431440287874062,0.08898214974011881,0.011033249480820071,-0.013658622133915676,0.013614161920518873,0.09080544865165673,-0.01871792457552842,-0.012615526738040806,-0.02235471998364569,-0.0901309303955973,0.025865293793912687,-0.1305358960239092,0.03730214145444666,-0.07725262545561754,-0.03229390050839379,0.01940348756564744,-0.0018542306045500846,
0.05441792312605062,0.030996730427039383,0.017092314652157794,-0.022133459299299028,-0.01821525395288825,0.0837074779813135,0.036089170906524186,0.04101856735487149,-0.0708301152006872,-0.06677364596615509,-0.06547812531188292,0.006413840489028522,-0.05299863118687247,0.013426440314038522,-0.13085333063947718,-0.012134700393174932,-0.03758814244640173,0.03668186155276884,
0.06755735080928325,0.005664843149523404,0.05271300054158849,0.12799276560034334,-0.04836664593134419,0.022067193897916948,0.004748761522529636,-0.045920092763248536,-0.0022239261108628317,-0.06684162227629954,0.06778549256953091,0.1037927761194133,-0.04399988359612381,0.053726634223239075,0.09897908888643633,-0.07830913058493738,-0.05822792996646076,-0.009438892268685332,
0.011956191636547169,0.11370962524826617,-0.025866862985236532,-0.10991978785141854,0.12536740070063013,0.07906113644993083,-0.013165026996718227,-0.04649303817165538,0.12222574995929786,0.016006497972202126,-0.00813903534753382,-0.004270716730238365,0.010186467864197165,0.05787834007903261,-0.041827197657601775,0.04099763550939442,0.018407281957798918,0.03252506018324306,
0.10014729515301828,-0.06295486272238827,0.08507629195543295,0.002881459888943307,0.027439204668435357,-0.01945427612476091,0.05175310194178401,-0.02307724643695249,0.11055192976688802,-0.009694980034974135,0.09180063783881069,0.027470038528583866,-0.07822956279518829,-0.006578810988061301,0.00018927053415011483,0.029947685967433288,-0.0043674489597840425,0.04668520830028109,
0.009950461789771258,0.1146752653770989,0.030841431962778464,0.04152585861850232,0.01300613674077401,-0.0064901847689342465,0.06826279891811864,-0.0036466857909515224,-0.022775643300384674,-0.08071981001320783,-0.035674382349595316,-0.041402407888317685,-0.09886809826241601,-0.03131961247142787,-0.021443917021835145,-0.047048527409143705,-0.05354448919001419,-0.011994349628554736,
0.07090136304858695,0.001110956240508334,-0.059586064711598774,0.032167612467508724,-0.043492645558002946,0.025772484024659256,0.028601882822024007,-0.10685811190477186,0.056209829112077114,-0.022581376866773546,0.06716194852820424,-0.026019885011712172,-0.04819104063342909,-0.07272103833269182,0.043072145870489145,-0.013472175794846834,-0.03126078287003955,0.12052525307761655,
0.0036666372333081826,0.13173906435160182,-0.12109088964716203,0.03580050337792728,-0.0270894889774661,0.030503341295754754,0.046067386066745084,-0.07219379122333858,-0.026543576304040632,0.002288992898988142,-0.09335455227530384,0.0635988443402885,0.05581195283201318,0.04046639595208669,0.027723577703158576,0.08671777906978058,-0.00802101819681901,-0.07175280593360024,
0.022538768082082633,0.09316961598570449,0.06288895250749589,-0.05547884839014456,0.04472886806305856,-0.10886910739574142,-0.11758294872192503,0.0011342026087873657,0.02406289677655207,-0.06193321542548617,0.08036750330567895,0.07464287620780836,0.07393771391715999,-0.028610982153571177,0.1049039557630522,0.02686531023281262,-0.05957117497405506,-0.041112212142887475,
0.0639051087319247,0.007800296636300169,-0.05402199441402999,0.09656078483193,-0.02860212148235771,-0.049690471908681894,0.02643828342896587,-0.10284581187566282,-0.1362542080526031,-0.012289018044874632,0.08354779934886052,-0.04431412305692014,0.06157358416332253,-0.04033242179285476,-0.08193334703678692,-0.0020851292308153783,-0.008075683443215855,0.016989895663894264,
0.03329372943642469,0.06911942095394501,0.09678776280320422,-0.03807239374982071,-0.037379303026697806,0.08798489164008294,0.012162437178593704,0.071885058431615,-0.04649515693119463,-0.06245189857342557,0.03040656293060221,-0.09246885056833627,0.00247168800247265,0.059276967629023715,-0.07382892023470164,0.07790479712646177,0.02647835829093076,-0.04164597637135975,
0.038180730236843714,0.06402526931777165,0.016776142741870646,-0.08621716353164981,-0.06976072278325554,0.02007143487784453,0.11151754242360093,-0.023165318145221186,0.012273266521578525,0.0279357024726279,0.12692723996017638,-0.07065360897291398,-0.01475786315005854,0.0529510363719069,0.031763171842406915,-0.12131610040754794,0.03249742106534059,-0.016091763678586557,
0.029318143071130412,0.07732388457995087,0.05768061819530199,-0.11764372834861532,-0.02494941482238799,-0.05838843733095401,-0.06532397449685712,-0.04502148462353565,-0.04889672495475379,-0.07269135702771973,0.054861260350528115,0.015147902841349044,0.05540479939521788,-0.043334084732227794,-0.031214765576076848,-0.09241366590395898,-0.054017929597068595,0.0374816263535757,
0.07672945940380595,0.00029810144187366054,-0.1149420337569711,-0.002007180463327297,-0.10392393804178711,0.038448247402468196,0.17110670156828114,0.013977439918305886,0.017064315247118992,-0.11312573381169812,-0.06299515906521162,-0.08634857561872714,-0.0748447305907845,-0.06302982276483507,0.003862932425763809,0.004338587239795222,0.1014906751618167,0.025781658686888625,
0.045536086767434626,0.05027459129395702,-0.08183620283830799,-0.08858650127591984,0.04477233597282981,0.029984217917579284,-0.0522420583798299,0.011139825195977492,0.053677810587970755,-0.01856027766182032,-0.050844746690281245,-0.05788339118183395,0.030549261272044697,0.04743813372052196,0.006093608378384091,-0.04347394214609911,0.03853523685114572,0.03086951600063356,
0.04116938433949954,0.05833339459690233,0.013385895247510434,0.0000853731407780883,0.047487515727274054,0.022230930673781086,0.009746551220041543,-0.0028141589239700374,0.010796380608084617,0.014028653554332237,-0.06542612423854367,-0.0044967230258844025,0.014492008680477444,0.1033337283251805,0.010274623960447616,0.04464483447695154,-0.022435776672815023,0.03438545641639426,
0.0620051445452077,0.012582724954544927,0.10843090150716378,-0.010735936917461249,0.15386719065252952,-0.015403814585509858,0.010314761613351174,0.1389865641343954,-0.0692581908403362,0.013856624337726142,-0.07454077223510541,-0.03538661445006831,-0.07529548470348851,-0.056467858074452794,0.0029730884709133205,0.01372357201231344,-0.06709305609240807,0.048739870441846085,
0.04667930871215431,0.041333182823301444,0.03320502268592753,-0.015166504205234015,-0.08352336833905752,0.11674119270099917,-0.07023093976953583,-0.07446404838392379,0.06867234866330678,0.04701083220902158,-0.19201701383161887,0.09997005496714535,0.04041374977043688,0.03419178200275253,0.02929865377580201,-0.05552124095005278,-0.06042299768757365,0.08825385192308502,
0.05760083880736071,0.031971773202950304,-0.08291844281455162,0.1365141600912488,0.02138753295290582,-0.0660877169545779,0.09659461649646857,-0.0752157417556466,-0.009067844646853103,0.05256566175054242,0.011009524253131687,0.012761355712767127,0.102819189718556,-0.02492816442809304,0.02519225799784551,-0.035227627069666465,0.11330388758644783,-0.011448037431777719,
0.10007441770816351,-0.0544741367031948,-0.006130252641208261,-0.03660534587968529,0.008952855077274535,0.04713563934748455,0.06727804489267279,-0.11694750566877589,-0.09782451433811615,-0.00847871435998975,-0.1494667927772513,0.11003020860216303,-0.05262778573244215,0.055788965831994004,-0.09881156302927854,-0.13348782642897972,-0.09889169441338493,0.055449306390154635,
0.10433568019041763,-0.06032427453705919,-0.0030224803847088582,0.001083286081627687,0.019674906533264543,-0.03542165828345432,0.023288846871002786,0.03003874615099676,-0.0068736125120907945,0.015679941561373114,-0.02377347496019031,-0.03633118147822415,-0.05418057068061675,-0.15818507233291257,0.021283013864620504,0.027645231050129348,0.10145689251059944,0.010013787752296142,
0.0973056464877004,-0.053164327868275095,0.0795111701507445,-0.023228579978908804,-0.09539388419349587,-0.06039137878637289,0.010475511498129671,0.0854301460887261,0.039297719551579194,0.05483046251374004,-0.04978345648615238,-0.047788462997229504,0.057202732010038004,0.023928379699582086,0.03893059556047537,-0.044077777104559186,-0.03437967545611575,-0.015057561701136288,
0.023219532710600163,0.09591666341817992,0.06310193035970363,-0.013255951431275554,0.07559353052866069,0.02389492491295795,-0.04272040991030609,-0.05612832406992761,0.004967607364953279,-0.022409823482028884,-0.049443128557260754,-0.041533716116880184,0.08283263403884704,0.09084953051080501,0.09463447077384952,0.06665557338322346,-0.035189873808560035,0.05373618886136171,
0.10291489438492936,-0.06295407038705135,-0.09721259553077903,0.023416556328482215,-0.03338464904794661,-0.0882713768477483,-0.02714914508550567,-0.10367800765448874,0.06657142447156256,-0.02944022611908999,-0.16321114299212044,0.06327405170081872,0.0276396617335613,0.012808000514560321,0.135825164678458,-0.07078917315999564,-0.09556977262254034,0.020596568113107745,
0.07345633694358752,-0.013313169541966473,0.08638691936252738,-0.07328872052891201,0.03003596716263837,-0.03926509725551399,0.050560027440648136,0.00648630598094074,-0.025282682028612845,0.01651700071921662,-0.1260658384640169,-0.08241937686375753,0.09898323491094775,0.0355744227873095,-0.040804438842832684,0.04459430036422359,-0.022162191747851428,0.0638194073821876,
0.08758834692885872,-0.021692895421916474,-0.10814743418573261,-0.005450665581548041,0.0754183213039351,0.004942201791282967,0.10172318924412174,-0.0187832381620183,-0.05374866218705801,-0.03756808667849769,-0.023072557562916266,0.018950731319857732,-0.01011551390351716,0.12516293114489996,0.04635641489111307,0.07956265745586878,0.00536399672570069,0.007892291402279027,
0.048356346297911475,0.04274181861495316,0.07588970503985128,-0.07944454705100411,0.014710941791341187,0.04927891529523946,0.019225437147743652,0.09832095894838877,-0.04735219969289886,-0.06142831848573262,0.025501728999562226,-0.05340387900173784,-0.04687427406800238,0.012205464434824755,-0.07422669993069793,-0.06985530875224469,-0.04704072415271603,-0.04757258867297655,
0.006450364188207524,0.11932492777015827,0.08271043614606291,-0.01028896462317286,0.11688240843656726,-0.059259650641496256,0.04743511214858075,-0.029915542252238556,0.06772533612833068,0.04390404742632419,0.059220890634132745,-0.014427333634133593,0.1197744880583987,-0.03917728250411329,0.01418944677969774,-0.01729065731811501,-0.014847704278100811,0.03698162103628268,
0.035160675466372006,0.07691582453827632,0.03283030708458992,0.048481333273357324,-0.07690290136362356,0.13098631051390897,-0.09029126171133249,0.04465041371907514,0.008336118884487913,-0.015716918696496975,-0.14624684678127628,-0.045897919857990487,0.15763964092134444,0.06894156132749993,0.1040548611879184,0.06674432346894743,-0.08375921284002966,-0.030689804660416816,
0.026347141102485455,0.08594007417535436,0.03866465849328237,-0.060377190444567165,-0.1300924695152438,-0.04315536257094726,-0.10613711212754508,0.08853703228821341,-0.09002054894687968,0.004889100664331426,0.021739709841867027,0.030527611875997555,-0.08309970706302122,0.05406099626937436,-0.056677706398093865,0.094446973210437,-0.04595991894044773,0.05153237632778236,
0.0395462414625838,0.07146350761578854,-0.061771195587669615,0.10534427087015295,-0.03798014360539953,0.03985771430964656,0.02684468483753064,0.12090980340495662,-0.04012702802769592,0.0036662471471932065,0.020844527016799504,0.04389814028577722,-0.04278947528800944,0.05209186880766597,-0.0023231532483588167,-0.053047393772464535,0.10474190275541133,-0.004498264241430038,
0.10778309824587853,-0.06365525461821774,-0.21404150043523182,-0.07466573651071312,-0.05666811654364726,0.044801518056467676,-0.09533864086326274,-0.07954037620541411,0.040398857378462945,-0.04965491174236304,0.06607502823332179,0.06596923599255669,0.02779800013481182,0.014841381579279715,-0.0758346137129309,-0.033118842227592836,0.06927346627836754,0.12207416369390932,
0.03898531958093093,0.06216543401735915,0.01450473295412539,0.03463697669975947,-0.0730723298245002,0.06047659813669965,-0.12927040368526477,0.06976417046284804,-0.01060325488878688,-0.08785157587039087,0.033663944044207646,0.018037759981717846,0.0811033105830032,-0.052133604168706035,-0.01632244243294306,0.007055476383421568,-0.007327973142704395,0.02169268842817902,
0.023607395250644335,0.10078069128094376,-0.062273072548006285,0.09381928592375392,0.11105312740497143,-0.05241569647428575,0.03300871894225593,-0.03403765540449455,-0.017135392922616725,-0.010669286436245169,-0.09900163499499877,0.0058628719677488285,-0.006631536628206947,0.025162640507947236,-0.1823817162996359,-0.03639517487177065,-0.04664427982111182,-0.07569078497465676,
0.04923324001600666,0.04106633054211783,0.0012827346032551281,0.037655958268942115,0.026135301152646978,-0.035303368749798544,-0.012699175492143623,-0.0889798053878618,-0.11745383407638112,0.06683809344172295,-0.01935661483905429,0.013956728977671648,-0.053903455637708785,0.04708260597774832,0.0772608784915829,0.15088309849147022,-0.07070139768025577,0.024725299485337603,
0.02476740776686112,0.08500966981335575,-0.0646310688646903,0.033889490132239776,0.008795114897651883,0.02734432755074497,-0.11188210504220271,0.017668272397755203,0.003304124092994925,-0.07168934066356196,-0.09834592405131197,-0.08159541478973996,-0.016511504796279837,-0.11316432981371592,-0.02373465888182143,-0.052529397774030734,-0.06366541836579367,0.1150508240626943,
0.021440928071529256,0.11195450593660262,-0.037923281769219684,-0.05325996373112698,0.04710433330198784,-0.012134525740505268,-0.025654777720997037,-0.03864563255447377,-0.010678396602339147,0.0425260195698727,0.015400714833405257,-0.06540561785275661,-0.0066612495315684014,-0.04419951245870075,0.051795809529956646,-0.06707516111624277,0.0159963189309631,-0.05121172665855499,
0.05364903897547428,0.03306322472218131,0.015434396891880094,-0.10999486849648979,0.08805307581590564,-0.0329364941615073,0.09988823378523078,0.02404075178305468,0.0018802690762813562,-0.03744006229532271,-0.01920366879112385,-0.037164712167188,0.007809392735907485,0.02901573490266333,0.06416645720222794,0.11589017902749893,-0.0786977855805987,0.007371558698164102,
0.09308470909781842,-0.04292160065550786,-0.05365006810006774,-0.0050772550825725835,-0.008383690916200037,-0.08277515806277627,-0.0913192559640484,-0.0040839147963173525,-0.11095283636448365,-0.011001441560312186,0.09931611060788623,0.05129795250002962,-0.08804547778682183,0.02063747327419308,-0.017218726750080706,0.002775439149076682,-0.0727661643268774,-0.007196530196979441,
0.05943773730491122,0.016801767626097315,-0.006024105873457586,-0.05903668391033171,-0.05952102138417295,0.012043518562086176,0.009860811057548246,-0.008011445499981819,-0.051360641357095206,-0.07695779786855239,0.03302073893617267,0.11844953938827302,-0.03746316925417596,0.017892726637435682,-0.02268259113321683,-0.01680621479188141,0.03932699832186711,0.02698685756167173,
0.016300424282081904,0.11665802386487528,-0.07803414830328227,0.0031118250673720176,0.04681754939075201,-0.04289179262902117,-0.04399874063416137,-0.0442374471936249,-0.08276365623201065,0.012787744328330871,-0.05767821694331502,-0.03157365266121773,-0.02223983418932632,-0.03272173329524544,-0.021497896852214083,0.11475502440012696,-0.03356622879077497,0.07144985596707798,
0.08822538585391652,-0.029874655117443156,0.08348537229883095,0.07775086337375976,-0.046478582771199345,-0.0207103174040526,0.10570897042664165,-0.07454531659675952,0.06760807451028339,-0.10797703863495553,0.05467710855839395,-0.06077960113815578,-0.001979841768874521,-0.024267174701187146,-0.018398335569939382,0.020900934278308678,-0.0989699042335008,0.045093409907369236,
0.07787772340488641,-0.021056095118274276,0.16261906293401476,0.007725030383684243,0.01652287559842512,0.10970982094699057,0.12004872071955985,-0.05369051639043828,-0.06790468967676619,0.0884432072202787,0.05149880516829749,0.024649017361071054,-0.021279498686238997,0.0025803265316692403,0.044812073542214385,0.016337668581419773,-0.050811988116422235,0.04411498317661523,
0.014939395160729254,0.11548075838105118,0.04216704250245167,-0.08466074785997287,0.076763635604973,0.015064269482008025,0.09467622502388465,0.05319489729485683,-0.1638474608276395,-0.02746363466510429,-0.00007071958249280698,0.06687922881492647,0.03413422918509354,-0.02283770377029269,0.07289473277108743,-0.04268453425946915,0.027815552374896458,0.020205860697195016,
0.0348497598069941,0.07038326493823867,0.008335229143871192,0.024824440032587804,0.061806638413175026,-0.05865358214310187,0.04727412006905639,0.06313446177050526,-0.05440642150179418,0.054846748254822844,-0.04099510591151142,0.0005144772063605046,0.11234677365776594,-0.06526242045617404,0.013941506357155941,0.1253172320569058,-0.01083158951044917,-0.013828279056894537,
0.0758651244488424,-0.00931371965585519,0.005304735889278725,0.017778691329747354,-0.0016458646018538935,-0.03599681326305718,0.03952963327403624,0.04913337991978495,0.013477123423412807,0.020694799549685287,0.06210982881828033,0.08367577120699078,0.07168087482991334,-0.01744760822245231,-0.062447512587178296,0.012613176365416997,-0.12214827488631459,0.011663197523974659,
0.025557897401702948,0.08342021059455723,-0.010433471834996773,-0.005263522530773529,-0.004872905674521889,0.09040641416184984,0.08787297479768655,0.022165308935444886,-0.03398025554084489,-0.07124324045646509,0.06045297811606705,-0.10266014400193468,0.07908600903152736,0.0787980275837778,0.04699719991154722,0.03526829330900588,0.04140668997887297,0.052980890890746556,
0.0327418674781601,0.07248312624052346,-0.021058817995250913,0.05213835144082764,-0.005054168724744862,0.025760339660811437,0.15345799296687437,0.004389065589719017,0.07263069612285866,0.02826883411183661,-0.00638544029241042,0.06264013508682857,0.0034242488712805407,-0.03509380270348318,-0.043686992313401105,-0.06227120569280043,-0.028524737117038467,0.016379922335786144,
0.053789135634758484,0.03567128238583724,-0.023741844988870962,-0.05689422339742662,0.06310106691707841,-0.01806886465411846,-0.12995387413391435,0.027364305313923313,-0.05140138726198977,0.05537296298379354,0.052685751896714976,-0.05817590490151867,0.0926360155136649,0.007356418594431469,0.05638853921032562,0.11843792551594697,0.07511856045585341,0.12001268696108122,
0.04891502435000672,0.05605204241282736,-0.03418532544467484,0.030922681716449754,0.003480300266180263,0.018442416211877578,0.07352467626018465,-0.03378617410269082,-0.022168295767387363,0.022256287151918623,0.019882483985542786,-0.06752910877423955,-0.06829373947112602,-0.007632632558288838,0.04528026445523408,-0.06284216414567569,-0.06801844892719551,-0.06351873525845193,
0.06685073958250383,0.015198137868159354,-0.007143876226108692,0.003633716992818937,0.010933754001105724,-0.023805066775311474,0.054582821892865556,0.0022159247351896338,0.024219188192522948,-0.06077991659261897,-0.020361675114612787,-0.011724730508637196,-0.019109797526555086,-0.06695586484033221,-0.03955040644047541,0.0064715391110388275,0.052942486795686076,0.03238211222899913,
0.018372967553514707,0.0982452385644879,0.02636742577203488,0.08291429858610047,-0.1259183485290895,-0.06278735544448431,0.02389760777818391,-0.049532232060550546,0.06931243083811764,-0.07543823053310136,0.14921340839397507,-0.09379248002771717,-0.11212868971696345,-0.010858404540007825,-0.01688237353621822,-0.055774866582289334,-0.008886389521751388,-0.013964445301528974,
0.09519300614598696,-0.04021434733939324,-0.044772167945128234,-0.03892322640786275,-0.05230359033495958,-0.013245821905352732,-0.05992796217556459,-0.16467285123017217,0.05132407183248851,-0.06029271182771822,0.0029206987694585496,-0.11840664705035549,-0.02675092185525383,0.07270703262466113,0.12419455071822197,0.09409242550913198,-0.12767312533723832,0.013135863524569481,
0.025539591228497135,0.09386000520390754,-0.07530395315297496,0.003521710571251845,-0.0007151429466330135,0.03888829458813921,-0.0029516074616433756,0.0010696456386817261,0.07203253649340047,0.10752809894034983,-0.02051288813947576,-0.01506925803224321,-0.01670530435685408,-0.02388395001802685,0.015209763354327386,0.0019354158306137033,0.014223943397144159,0.0658865882619918,
0.030677285020377514,0.08003759066112971,0.048384954053386435,-0.052754684725097103,-0.0645441535899148,0.07924946351009582,-0.0026431734677261087,-0.036973623842351734,0.05023228852100329,-0.07491923900763432,0.07463375678767188,0.06170430825671751,0.14877925386673532,0.024908458680850357,-0.049298322423684385,0.04454727718204485,0.1299410409980542,-0.0049887950445642966,
0.06083563502825951,0.01870348773241458,-0.12158434642590217,-0.01381780427455349,0.04979560998291008,0.010861732324649456,-0.06143894708078394,0.044804719160141,-0.08835670447010509,0.021338451428437336,-0.0837756864643438,0.04074415057661809,-0.07605868749648226,-0.00556457483064344,-0.011243554144019874,-0.051549340623236836,0.10712185580398888,0.019966616787141546,
0.05499026037991224,0.021984207433137243,0.03560842931625521,0.019830209527995392,0.024168781418990135,0.04859189386509328,-0.06226215790591247,0.04233323955281467,-0.011186291818692459,-0.05753758613501068,0.018827279207574914,0.016683217549541954,-0.020401032582034087,-0.09782876874152745,-0.004922320625080945,0.079284844161557,0.04770064728013403,0.07344377477046861,
0.029104942269290505,0.08182448105484331,-0.03040981189353792,0.02229574693512262,0.051955104463629796,-0.10032689397698767,-0.014821071890679436,-0.0308834928513161,0.059725107700669,-0.011469423777640918,0.03752818121501843,-0.11800358811132214,-0.028920462778419333,-0.030504620847522285,0.05891306096911741,0.13632347880907686,0.09216703507187489,0.05202938610427937,
0.09503577448361294,-0.053746342945908146,-0.015160457193435317,-0.07235190864927958,0.049422592597774324,0.12632244239710227,-0.10154288947070259,-0.010773312006843777,0.08944933104251755,-0.05183118809471709,0.10606997607235989,-0.12720082801203708,-0.05102518928708121,0.059207218569167115,-0.02702389556096157,-0.07346157586576335,-0.05581209500064056,-0.09490274825348245,
0.005375093088579708,0.12890358995343792,0.05243745437764425,0.03748539787958789,0.03943912670115451,0.06844972235745916,0.03846298794689616,0.013444346482512663,-0.011808678281128394,-0.02528804212883992,-0.07720887689872624,-0.09073040275000285,0.07312340154839468,0.06215015878056328,-0.00970808863726856,-0.050413474346013815,-0.05608507289694057,-0.001414911132473061,
0.03819764849438239,0.05903914543206362,-0.004555788842681929,-0.00506464613509165,0.0578906574736722,-0.06991326479984081,0.044386413410669845,-0.019371666658738795,0.15095117213096101,0.09732927952462234,-0.0033030500379762737,-0.024820409782211037,0.02621317734837298,0.036950724115655385,0.07504697869563709,0.023648025206373158,0.1349329589861873,-0.08215486677318481,
0.0968834836322509,-0.04754073022473848,-0.030111756861753165,0.05522549273434214,0.016599825764255276,0.004637673578251123,0.0475973217518485,-0.004919064612271943,-0.007893650342065238,0.0006911042784617568,0.07351318727791903,0.034900880717274256,0.03203185929728639,-0.08403141151752974,0.09151412737174879,-0.0915781789829921,0.06675665093627002,-0.07249634018328094,
0.08878449415093184,-0.040352653188719584,-0.014041413619131589,-0.06304092388249805,-0.09114321987101623,0.051537303851690947,0.06068200471146578,0.040761739276169655,0.006296185650360168,-0.0031002544380928716,0.012166534156173319,0.030703667743356627,0.059351812881455066,-0.17476002768690288,0.010516352783998241,0.02558261969294206,-0.08275402802072857,0.10905108904489506,
0.032706691745512065,0.08249414211442124,-0.009049292848301875,-0.14143847167512907,-0.11305599127943881,-0.12235371521938666,-0.08362644314825954,-0.02698688258172462,0.12929057382577566,0.02818504805218263,0.025189088895958164,0.008325664746988877,-0.0174799080967989,0.1858393495231699,0.019957364492901405,0.05058410828503437,0.09769615899622065,0.009722418518761183,
0.03179507352928576,0.07573311993070592,0.07342822119779119,0.026232175718660284,-0.01884712842391965,-0.07528017853301457,-0.08001530213818843,0.021786238393496797,0.09674220077087017,0.057300575251876845,0.0235408809381883,0.023820079366404737,-0.0557177249428688,0.0033624834503540608,0.057877650204980195,-0.1971089262222233,-0.08788270462928818,-0.011601607053090608,
0.018566487640984078,0.10789778884336806,-0.04790785380104089,-0.0358199780668287,0.0009447365328012727,-0.02184927983049748,0.006149195714615268,-0.05424812050233507,0.013440439073283258,0.12955845148526024,-0.023575283697329377,0.013113002685284156,-0.03867260371027036,0.003877196802407807,-0.08919810190034307,0.0034548784552837267,0.04233802703658935,-0.034570173250157675,
0.03562896511894516,0.0654780878591552,0.043094447330990625,0.07389527514235554,0.07048629184680319,-0.028337376447483013,0.021095702704292094,-0.004619071584955052,-0.055875747772172794,-0.11196895100945393,-0.022554879914086317,0.04089040163718873,-0.09992083967466579,-0.013914086405599706,-0.106248638133504,0.03399509722186473,-0.07453205062969048,0.05363405935362608,
0.07349348863773396,-0.0030892639754424027,0.03151188212806336,-0.026194921708427115,0.05919910940487863,0.05797841520345873,0.024079106505976063,-0.019959336487673222,0.027179408401505886,0.02533908652006976,-0.03944742278520644,-0.025324711438452153,0.01667922102348694,-0.008235052262846616,-0.07598860722237344,-0.031145588238162228,0.030931301849287787,-0.01614931605838465,
0.0710691845475782,-0.004185287284261398,0.06423525866510808,-0.010506161452835129,-0.06452871780600797,-0.06538743938156887,0.06258012217903257,-0.054820592693710854,0.004541529980048153,-0.08764772960260891,-0.013462832244527267,-0.000017605732544923208,0.02554943677239133,0.0379915640690179,0.0052343135840582375,0.03663671853538877,-0.0509210852493291,-0.06401786074346999,
0.06280550721219261,0.006755808379688855,0.054788650360358876,-0.030859329668365815,-0.052795406073448625,-0.11895660205977376,-0.003524776422717245,-0.07644994626633525,-0.05114747255056948,-0.008785251497381527,0.052122061805492045,-0.03229614227887356,0.006498149605513858,0.07069974198461715,-0.10887762465707627,-0.04741906349871672,0.12206684984351902,0.03449569543651319,
0.041508311481642156,0.06189540476418479,-0.13562350345781993,-0.005952504173385875,0.032601046832817594,-0.03299801643576248,-0.04926886784918123,-0.04654847867038097,-0.0067017798931318295,0.06791869043466198,-0.06769443425204628,0.10558321357177783,-0.09262640250806288,-0.0006520974276696331,-0.008667484284197152,-0.046854084258193526,-0.03428352787571299,0.05051549987157346,
0.04219891727721623,0.06096940521518823,-0.09998043767619609,-0.006323982107004417,0.024994848828689815,-0.022712544494027757,0.08300995672542222,-0.011061943869225248,0.014508981933859744,0.02076151384710489,-0.03162296498148428,-0.09564588297865079,0.012421134239578236,0.047764656902409414,-0.02096063299688789,0.038050018601515564,-0.054546634497593505,0.013772456776783652,
0.07081058026746405,0.00590561959652352,-0.10795992020349193,0.009167532586420717,-0.043401136088777145,0.01713058775339394,-0.002185633782381047,0.12122067535033869,0.08643131670190825,0.048834616881994204,0.1197612965268801,0.014408651739104595,0.03334814448209467,0.14951993666941668,-0.1043697436522336,-0.07164645195674801,-0.19182917690731302,-0.05233698610983626,
0.100473347485201,-0.06286259788226807,-0.010476778470424728,-0.07276759165733748,-0.022208569310931892,0.02100981410536281,0.027623342697800035,-0.025230856859696105,0.08685105852313449,-0.08638986071845993,-0.005357981769982109,-0.09686786648160806,-0.007666582826176591,0.10265542518579072,-0.009271823797322838,-0.03878693882509975,0.08958085725569907,-0.010442461193306626,
0.05132844459207215,0.04694516980800785,0.06961784567525121,-0.013109318279655604,-0.08710867580104983,0.03261788046578999,-0.009956795003661076,-0.048180748413534036,0.07193889057571912,-0.07821630987172053,-0.026616420671354297,-0.009768015760571198,-0.09055281591269274,0.03288650989142153,-0.033359407661904386,-0.023536609509023875,0.10361975089535166,0.0623793896853511,
0.014633868074399295,0.11051443671190359,0.010273439426929685,0.09745215824590739,0.005518094282822605,0.004208703563020228,0.03922882909514287,0.06417353314288021,0.04288966367297567,-0.016419564060371285,0.029186985701105474,0.04644970757538027,-0.032078279012212246,0.06093695740507815,0.0360865002220323,0.018963565593580117,0.07920171521795076,-0.07377791618055454,
0.09579844155399866,-0.05286003760543966,0.04263584514393719,0.04650137489665785,-0.04405397721316042,0.013023004658893273,-0.10013893909263963,-0.09907653308419002,-0.08534219366590663,-0.05840695962163393,0.038109435166790495,-0.009872863109661421,-0.03664888276834291,-0.03957112102616694,-0.03526257266730337,0.0025995550083799243,0.037410274476758584,0.08054621679336496,
0.07954007821762274,-0.01989417974144899,0.07945730708245757,-0.011256233057463904,0.009782366079523175,-0.0005350614010663136,-0.030662669764802274,-0.1540197319802422,0.10368833668377349,0.15281104748479674,-0.05232357135128835,0.03708582920236615,-0.025139545646918143,-0.10039157401940849,0.08661270125025579,0.007162534619055906,0.032580597537879875,-0.03298204491230219,
0.03582715765096039,0.07045209361564855,-0.023838505007165372,-0.002651801404210149,-0.10607156316511673,-0.049303705027962906,-0.054067312542318176,-0.06385996296878876,-0.006795158141046326,0.024949312040229914,0.06672209517748383,-0.11115986464979757,-0.04547351251569228,-0.10555208170111599,0.10469980127211992,0.07832924419851352,0.011039621038368842,-0.11168590251874168,
0.10184437541838501,-0.054672715433453825,-0.06305676912300513,-0.0008770963110207282,0.12118668290539593,0.05808352726939603,-0.01781570895649821,-0.05422075795860649,0.040879750321545054,0.07112882177311673,-0.07643519694737694,-0.0783582686836903,0.04372707456704218,-0.0030166767326408055,0.010851560411812317,0.09156300234600999,-0.1179542628754314,0.08172981180306074,
0.03514167228323374,0.06277532400660919,0.10135532550060491,-0.05902033292548249,0.06028667858729109,-0.02660235737651303,0.023589921783297777,0.04818561343096308,-0.06026768613807017,-0.0017991076902623233,-0.046870833665455906,0.054417286798306874,0.026486216668656113,0.15521597225097344,-0.07563637657717795,-0.02682584683487074,-0.10275281198622788,-0.10023950902364488,
0.004418885297097381,0.12819263905290695,-0.03583138948153539,0.0778644497667944,0.10917529818370088,-0.12963567999059,-0.025077437160613256,0.05733245022282269,-0.011936761808840691,-0.005996580954000012,0.0027809695441349358,-0.07732697069130462,-0.07542229545686605,0.0007624729266173631,-0.03185398439573351,-0.07931596165946328,-0.04936549363180773,-0.010205402553852891,
0.085951784208739,-0.015335467853134038,-0.07097097959198638,-0.026043327879622772,-0.005655256392984394,0.00649910249909531,0.07329326262086122,0.01534913167513955,-0.06281291131251977,0.025608137639763297,0.006610441626821643,0.0916446005327326,-0.14564393250558239,-0.11521200377010085,-0.0138012979615275,-0.011161896811738306,0.011841564112726593,-0.029475113410349658,
0.01191656812739227,0.10900704792465621,0.1271102231494984,0.015498862698415591,-0.05836335481894705,-0.14652493418739465,0.023751400423943376,0.05030161368093861,0.0210666312010939,0.024087561323047582,-0.11880657777507957,0.03239296358636716,-0.00455355993313119,-0.015238793418610251,-0.009624954285432976,0.008962488807604281,-0.0322188662835922,0.13721007698085827,
0.004413771206644556,0.12888256117654034,-0.03829710312659545,0.08863983477154815,-0.02167622987599212,-0.09733094905678172,-0.006210391917857362,0.026233722965794386,0.09850091510649953,0.09996773439520995,0.03914464504380846,0.05584694428031129,-0.09899987904560043,-0.0999689801316123,-0.07896285400981859,-0.08293406940665381,0.018820282687863465,0.03262763224986631,
0.08153062981262585,-0.019387056231123193,-0.019335991282963125,-0.034980894994865584,-0.07813495399237676,-0.041453695048242305,-0.0026657812780290216,-0.07200808314292974,0.008380571549848295,0.10388742170949972,-0.043495741381029726,-0.009309525381682856,0.1174701318410405,-0.07155173700645184,-0.0021254672944715724,0.16916109282037253,-0.01309443806661958,-0.061101282762120436,
0.047409236887743615,0.04238001221809277,0.045251416432775,0.138679734532213,0.052725245286122324,0.04527833574374088,-0.02213502318951752,0.020022875444695703,0.0550418357627523,-0.020537931004773743,-0.019759368088485937,-0.055868757239687726,0.05453234864453942,-0.05648590708166017,-0.01001878269161844,0.06274217998449247,-0.04519258689510119,-0.028945962850885815,
0.05368756241383717,0.02344774202324679,0.11891239815870318,0.03255571888877033,0.03243641997726028,-0.07090999333566596,-0.0592094745282474,0.042234260218003576,0.05391110872345476,0.0598243544351058,-0.05040390492752658,-0.03483177760422234,0.02277918330393594,0.125741058256441,-0.007177159466702682,0.11244940296717573,0.06453527191712614,0.003949599170172329,
0.05433175492383139,0.035642419793778,0.1708302402317809,-0.009731485028893582,0.051993027433221255,-0.04370178409453199,0.000902454033941262,-0.013219020401336858,-0.005974384197064402,-0.09060727996351081,-0.011838942141464632,-0.05464716684620443,0.019626139678048975,0.03254881192300752,0.10089589835438359,-0.16717302378092672,0.1419015702110255,-0.06009884392437537,
0.05115760203231057,0.04374004609342351,0.03178654027693486,0.0073603459628720025,-0.0713946295252106,0.017131013937887272,-0.017764606402407762,0.017037656318567556,0.0902954582149418,-0.00828527774154073,-0.06686073651731592,0.1275118513977594,0.057028324501550764,0.025535070520783017,0.07519739503730824,-0.06510373809221004,0.012917840675175162,-0.042030931856757124,
0.04134395647612914,0.05923394124330478,0.0022414591752790572,-0.0008031466906783492,-0.007649163458777136,-0.019129367627083577,-0.020938732341214312,0.044647074052126215,-0.05314335379200281,-0.055529297584486055,-0.04409142680133958,-0.1564538465840292,0.05839835682934538,-0.018930470201313877,0.1352919173462758,-0.06649449840142985,-0.03450671541471148,0.08899111191713857,
0.06889728429108036,0.008063144230915057,0.007976709826107693,-0.0264895547192232,-0.0756682243082823,0.11139843551417457,-0.04507570873299006,0.0354171717901739,-0.05999484369032767,0.04051271315682108,0.07478752853491369,0.01257172115510822,-0.02690165770144313,0.0494160106588857,0.08990382607750692,0.02403429579199298,0.0774309655162585,-0.07013886613476522,
0.0656205899023707,0.012597515609073169,0.008191611640137453,0.03350933394608549,0.03848382383051485,0.03821980952632028,0.010930315509080801,-0.005532931700859224,0.00022638291184544766,0.10166975819321485,-0.04527120611870933,-0.05595709955735221,-0.008724184294590548,0.07813470623295754,0.07252206180343988,-0.05227618942130433,-0.0856384636484496,-0.01874838368576887,
0.032510480422103444,0.06616107470901587,0.0031032573995837236,0.15109685562931935,0.049769846960086635,0.016467102224871005,0.016868406336453538,0.04733816970372451,0.047019777368624484,-0.03016845432251074,0.038408324767237094,-0.008918636817788515,0.10018472931126755,0.004731007523935676,-0.05962093071609602,-0.09736170648485841,0.0031686290044624075,0.10714108714757214,
0.006877860766707433,0.12077550908896673,-0.021571870359433185,-0.03656474269069388,0.03327939752389046,0.09152568186407214,0.04673469034445262,-0.05969744916328129,0.03280185919374485,0.08418539560359901,-0.001151618427193488,-0.03834377722099187,0.02425115594439186,-0.06604804149980711,0.031087467123078517,-0.05991928067228886,0.045031156400660834,-0.0015705349146895474,
0.013247723591536144,0.10919001364526575,0.07743742707531993,-0.023977263758111357,-0.02834011143062936,-0.009652797874067854,0.08843346864505841,-0.07405358734333295,-0.027528941865063408,-0.07807118326282553,-0.004670754496358384,0.031192920158671127,0.06491267361282009,-0.09094728763533756,0.009277425539332113,-0.039341228856316135,0.0045080110688746145,-0.042779353327311614,
0.09996967523227848,-0.055626267358153715,-0.04507683866023203,-0.0758173462346082,0.023237125637646874,0.04183759726566293,-0.01221236842463569,0.056063638899744334,0.09611377909944747,-0.08397828686269099,0.02286400195750023,-0.017211344806023078,-0.01341750452249234,0.011043303285995284,-0.044959573491445026,-0.05623804784415583,0.03397716628221787,-0.08773844902773567,
0.05067033434352026,0.0395797351356572,0.02853925207487269,0.06647616028695567,0.007991150204094962,0.0016246753659607228,-0.062303370897568586,0.1660273972751627,-0.014286654593468466,-0.13717280917937769,-0.03575106076626662,0.04417713172076296,0.13544103268572266,0.03979182451482923,-0.08170539995110063,-0.020683154009487868,0.10994286054096258,0.05954927820561516,
0.05304727450118964,0.0351702627136066,-0.017844723397449722,0.008860540560180735,-0.035312380151615225,-0.05235056253761558,-0.009232396214694159,0.08049868912586303,-0.03314874008099344,0.041807282763898,-0.03797667252313098,0.016266734109657288,0.0369990528799361,0.08357021863457294,0.029675297080713335,-0.004169324322188958,-0.10553244854937212,0.06404786447318733,
0.054494884085309565,0.028331867660763396,0.046185874268259236,-0.07990261618542205,0.03415840270751885,-0.07365522364087643,-0.05831391238695192,0.0269273629032924,-0.06992044794315316,0.06242723102488082,-0.01203832344461061,0.03299904105430673,-0.04396877363909472,-0.05503922395211784,0.1172143854012411,-0.04577489579678179,0.09533301470506118,-0.06736500263776637,
0.08187561907967561,-0.014050498857303532,0.005068030769536257,0.0011253350783703789,0.08282729444049218,0.033708684232689315,0.034666883257910446,0.0026847456771847147,0.03512325200127879,-0.08282947847941971,0.054453512598937895,0.008101434486519794,-0.04250703903522947,0.026940021843760792,0.13832261843609256,-0.0685503482456439,-0.07123464186257211,-0.035369082210543294,
0.0812584302848648,-0.020428875342291465,0.09676120848302591,0.06618368180158417,-0.052749614435909156,-0.075366788415676,0.05535157738194369,-0.03990097824593577,-0.03780473338047827,-0.05465774229931864,0.007231638777483597,-0.028751878702671874,0.03667965463976913,-0.0022762007860146556,-0.08157799212381937,-0.03815692316943812,-0.05204258300202326,-0.03381712438411979,
0.049339102853784886,0.050707639467741636,-0.025529005300561985,0.049744012265425866,-0.046690449399226966,-0.10098507131026119,0.004605097234897477,-0.0598286658946125,-0.04640023630321497,0.005603263998349553,0.0040466530949660445,-0.038296423520058,-0.048271889663362995,0.05310762083693454,0.08079022066779008,0.057669283961791176,-0.02816043094783934,0.013137717314613806,
