0.06171019552919504,0.017147563128393207,-0.019741596301337688,-0.050731063093980504,0.00713857636547135,0.06082222616296309,-0.018607205066704047,0.004161112709815316,-0.02351821813704717,-0.09759585522026247,-0.061932330692161405,-0.04336705847942178,-0.05936343924576647,-0.08785840502364309,0.07929767441725434,
0.06020804313258052,0.012223186734918968,0.11862367444234972,-0.06452462859139194,0.004378584653955649,0.07605371425514999,-0.020490999100464428,-0.029075911405643525,0.033300458565003625,0.12220440670395605,0.04859558473429841,-0.055559218550981844,-0.06809088214364102,-0.08204226681053654,0.04752516927053663,
0.06335629603898543,0.011377827587645226,0.01982392448724343,-0.09318924130665676,0.0014809327423271398,0.0786995012980197,-0.07402803866773051,0.03173996291502959,0.12564432471455544,-0.06485048312979345,0.04954299017637464,-0.0742046610622234,0.020204368298507063,0.05753013561363837,-0.12333796509663168,
0.07157067717057448,0.0014285679203501704,-0.041671888801244186,0.07735897393355735,-0.09380228895036244,-0.05028154314777293,-0.019287946692858812,-0.05068613263369848,0.029282484998874543,-0.10255740100866426,0.06413376905527077,-0.06969164061047808,-0.02050565975712499,-0.021841303603563875,-0.0029307054254604707,
0.028394646562843875,0.08950460946401684,-0.04467079841624172,0.03411928582349004,-0.08008596643713702,0.014667767160406903,-0.0057537521643518915,0.07633224282678744,-0.045123743752674,0.06246828227751595,0.003967852766887524,-0.0729532199407877,0.02273011314289457,0.03937311061625835,0.01586390501311425,
0.030103926324220008,0.07478622938966445,0.006225037401093938,0.04703978474718037,-0.002347620117997246,0.051110403324660214,-0.03964547930180337,-0.04048323960003256,0.0008754924695203546,-0.03981673316609582,-0.06866934539504903,-0.03766301711676451,-0.08099293796420735,0.02512866450485816,-0.06361626891717803,
0.06320775056766768,0.0130136021411622,0.020664289599069356,-0.006631105064228591,-0.011526546957069552,0.005911851127970309,0.04917994508356672,-0.07376061155310551,-0.014104159645164838,-0.1621554623652538,-0.03485984044912331,-0.051561235710251146,-0.0345672782855698,-0.10361435121383267,-0.024072176840721226,
0.019860363894954006,0.09749553147020852,0.032708554797878875,-0.0426764741180462,0.05707175640203925,-0.0019363508645210378,-0.04105702733055937,0.014903257252511343,-0.026498052658264687,-0.03443178300211006,0.02438129507587888,-0.05836913547839403,-0.04899229972603609,0.05167512502832274,0.04985766497216285,
0.04280841472277861,0.0497469169769586,0.024376768363602634,-0.23847705078022446,0.1210208973217916,-0.08018586348884975,0.0463413995867412,-0.015506544103800547,-0.012382465637530553,-0.13745971694773107,-0.057616725904513506,-0.06510761204110051,0.05386240722466724,-0.0021699608285253177,-0.008484887993045007,
0.09551080922428219,-0.04426819558330463,0.08892894919988073,-0.03470422665193452,0.018754936171021357,0.013454488401003757,0.18337809529010451,0.061927098347272135,-0.050530588558481485,-0.09554474350977198,0.12557711356619897,-0.07723655243563449,-0.03650315237628303,0.03712026191259494,0.01998991430493825,
0.013046871408919358,0.11088114794415263,-0.01171693164166807,0.07566375517678238,-0.01913853032355508,-0.10366421132418562,-0.04697040544847355,-0.017616459090778108,-0.09240251199722864,0.05301068490208555,0.10176843040502158,-0.06368830387714622,-0.07131154816053284,-0.058936941005989923,-0.059131084756180806,
0.08793479382070238,-0.02792880380153125,-0.07673628705705209,-0.08400107213860906,0.005401071461609654,-0.027305801690755447,0.07903463500734376,0.01730413784673711,-0.02124094267663263,-0.0462313323411705,-0.013311492500401464,-0.04227288667060448,-0.11124671244568833,-0.007279776670435233,0.16604478603556186,
0.09403040429077329,-0.044640614959266425,-0.10386096186642046,-0.022264041308835185,0.007744279208544425,0.016871303930576793,0.012201952025040083,0.08482408898155407,0.10700426326477168,0.0037830586328392517,-0.056410642234691,-0.05367148002187835,-0.009881943213412202,-0.0405081777734888,-0.03290639708407145,
0.06425878611565315,0.009618412583837756,0.09642917297851246,-0.0983743838111395,-0.014097501510261304,0.10344641162096364,0.022450443453609276,-0.005397360085572076,0.05295404831507924,0.11683642155579989,-0.06960945444289189,-0.044756394409722615,-0.05601161270595327,0.049842426464164605,-0.05322069173608577,
0.06232017146217937,0.004239643985638454,0.012300477658045652,0.03125288434857989,0.020308493029498723,0.07984329975911403,-0.0035445263667714623,-0.053666504553905515,-0.06312460213517705,0.06978505161156054,-0.04060296733545598,-0.05610178775077178,0.011681465099250821,-0.007273238201309646,-0.0009144006694618081,
0.022606814793800608,0.09490211288931118,-0.014181867835038227,0.013359703113637404,-0.01249351693704393,0.033153220996283934,-0.05349574890155853,0.09901503710131555,0.05789751571659968,-0.0211686960987855,0.011591555326671181,-0.05863023662975149,-0.040742487550256036,-0.01580025209614686,0.00989277913779083,
0.06346796628607135,0.017356327480374415,-0.12422710808059613,-0.05697571599498877,-0.10976106794828257,0.1725690899202828,0.09459055836287562,0.11795654346974555,0.06519963112152774,-0.044710010717954246,0.008269255517754794,-0.06739253449108863,0.010802016886741905,-0.028515154173825556,-0.03056336607849183,
0.0688508644086997,0.0038479748053638187,-0.01785029508381932,-0.04096604251839803,-0.02282150096981772,0.06085973272324746,-0.019743491568105127,-0.004821832394286453,-0.08686865245443325,-0.0565216576609459,0.051808830992358494,-0.04643992532558562,-0.12452531530534143,-0.07312566872942927,0.04323124763620978,
0.018958736311136138,0.1066668650515897,-0.053152327842618655,-0.09051626255569693,0.04543950127438101,-0.045172926571088,0.0073321061894989475,0.0480799267752439,0.13489891315790292,0.013209067391040991,0.10345078613548231,-0.062154047702448,-0.09234072651013517,-0.11967846386251091,-0.08310665064988501,
0.08739742507661613,-0.03265784111504099,-0.06217346594299416,0.05773228828409813,0.017974240523492332,-0.026545483858376687,0.07603665063438701,0.1292563155007094,-0.04422079187811407,0.0825469787956968,-0.051947298250337594,-0.04308350403268887,-0.0710324464558806,0.030843826562731463,0.009176144778480791,
0.08681392779261635,-0.03406319534676775,0.004510145436284903,-0.02899077172151039,-0.034325466934228416,-0.0035226147428357936,-0.03951291756669465,0.10519403662212067,-0.07546046139220285,0.07530433297851043,0.03254890543380727,-0.08128780480534058,0.06594827657744759,0.08010336361801523,-0.05939428232450023,
0.10866875058911846,-0.06626412221432729,-0.09450840518807406,-0.06221985913257181,0.09538940189416757,0.021583391288145893,0.04044387091457672,0.019823263772407465,-0.0003847929931086501,0.004086264078210088,-0.07992246550401412,-0.08448973575135359,0.14731475803353977,-0.06920402006458876,0.02997890998188748,
0.025187234130095625,0.08660351480827311,-0.02755091800780353,-0.05123831674724647,0.05318516395158406,0.03432645326696082,0.06584641206532092,-0.12658000978394307,-0.03288505508162117,0.04160589807999026,-0.09210022232744182,-0.055995347409757104,0.02502367071304724,-0.012419051832950527,0.07835404622291822,
0.018042154638661392,0.09908261463802934,0.05482678349114557,-0.10679653082026681,0.014600296721172414,-0.05188028224658768,0.009009469756977228,0.0013396906531866102,0.000993191837562978,0.016022901070210097,-0.025717503414853283,-0.03961181635988718,-0.10566392188423107,-0.027030684189620704,0.05039266990965991,
0.03559774896435737,0.0685826218499221,0.04920681990625343,0.07342070130115867,0.036258507856731854,0.0482650520637425,0.033877504895537806,0.014734912205452231,0.0025222422077424258,0.03325677333007947,-0.09191440495420966,-0.03373684751296567,-0.09697137244375019,-0.0915005387557551,0.038551599303657806,
0.08034376950516206,-0.023157604127069128,0.055320950849689396,-0.043803057301599634,-0.08009337512498087,0.033757989247401365,0.013448647342752192,0.15373733130762898,-0.01902336723005663,-0.09238729571886675,0.039678164641204716,-0.046093197654261855,-0.11147144074178575,-0.05089564897452655,-0.13965037176207343,
0.019213751238233982,0.09588777713355114,0.06552195329860062,-0.0036369634732619565,-0.002270925681353036,-0.03181833532643041,-0.08834883321927658,0.017073688971952578,0.1273345631926423,0.031823967694065654,-0.11751507070924583,-0.04118825694616964,-0.03358821510715417,-0.020466095110584157,0.01932967810699409,
0.09841362118171974,-0.05295877349956367,-0.07189434918867459,0.040125328428602995,0.03379545932724889,-0.007698896038653019,-0.05333400234428682,-0.14878331372158202,-0.016176712867633888,-0.027799852298761835,-0.029526805261006324,-0.05587475368831381,-0.019012426570697606,-0.052217632670837205,-0.0008217361742118072,
0.04205280221668985,0.054962264181576015,0.0016422703421241707,0.03904627463410536,0.007965726737693808,0.04759259307780345,-0.1468625118770255,-0.0980931310537357,-0.07816330649095375,0.025856067844975364,-0.01139330851735644,-0.05047109518210186,-0.06406692944127959,0.02856579473162874,-0.02746576462281559,
0.07310828192837082,-0.007653129357030787,-0.008781507777169083,0.034629709339338545,0.02492512467609822,-0.06792775728598652,0.042918087976835974,-0.12183566099226695,-0.022579809748157237,-0.01563673960011998,0.03707096976124418,-0.07382857661771122,0.028694811617372338,0.03412163729405491,0.02258918929006319,
0.07487858758949052,-0.009898031075481891,-0.06810375128937579,0.008016893655796548,0.011870103141108928,0.07651111058150338,-0.01363107863153883,-0.020427975917359256,-0.06476733974845914,-0.023821894233141443,-0.022704441165976568,-0.06496627216876943,0.024765286505998945,0.08787271066282504,0.035207577466616284,
0.0992686147286644,-0.0560159682735483,-0.006518489471251323,-0.06633376685652627,0.02429407570138636,-0.013916041436407746,-0.01733489127252466,-0.09159289604835415,0.05219817878659116,0.11389753321817607,0.036767916761704614,-0.06556146101859224,-0.020191310765120728,0.0011179559840656327,0.0020842712109849265,
0.10153353586900021,-0.06310363928363096,0.11802480437936654,0.021139090918405625,-0.10509344669630728,-0.013687543010337954,-0.11584867215734519,0.005121850114415175,0.010395041043784619,0.034738488889593466,-0.0337256988603197,-0.06861250285548505,0.0434637108260125,-0.015098260342288861,-0.0014553245851298847,
0.10368828738488144,-0.06219359797978028,0.09813358476845802,-0.026023961428558177,0.019780637266568583,0.005210443465616717,-0.01082755413220448,-0.13242460192429004,0.06674703361308074,0.043912210674589634,-0.01741760782861607,-0.06826435339630346,0.020195198798477344,-0.04231588860108645,0.03437000414407302,
0.00956586767323906,0.11918003621399587,-0.002402405329629742,0.09435051917387467,0.019635181514761638,0.011348200326216973,-0.025116327901317567,0.04751410486406987,-0.014727519962911731,-0.03869303159927449,-0.0743410598153257,-0.04879078971465911,-0.027008170321165422,-0.12939155101527108,0.06738028041673597,
0.035787708817696565,0.06406332663592479,0.09354920447385182,-0.0993021440737318,0.09168007617908087,0.02721644753403946,-0.11036728932054184,0.10892077283144302,-0.020570245084809376,0.009126824165657178,0.08932689722623537,-0.07876855576341323,0.015780445558396937,-0.10719512114075068,-0.13723105059603735,
0.05271882691913668,0.029562634720268693,-0.003990848146089175,-0.06319301599929954,0.09056395571217467,0.04877176370838222,-0.03365272410537016,-0.03454566253647847,-0.04606109039171821,-0.0013477372679593302,0.03277335882526246,-0.04944706748398772,-0.08834722814284038,0.06767688623766206,0.0053244635412872015,
0.017526637189978322,0.09986045245752923,0.019495986890817656,-0.015641286106896902,-0.007460003601716635,0.022252585594098564,0.035997211004878085,-0.072791488555984,-0.042554638533448125,-0.061706369342684426,-0.08232877073316142,-0.036954965219427635,-0.0768896044832559,0.008399688823306458,-0.021509984298047236,
0.02440151763509066,0.09300905308038308,-0.008562219474622278,-0.086169131285389,-0.02197515192057902,0.040487209995891955,-0.08247477454718782,-0.0580337937968274,0.03535534269661005,-0.005784744086587003,-0.11662803880655391,-0.03669967585276919,-0.06813029790087131,-0.02809608940464396,0.018369005895567,
0.03173161422857186,0.07476057017118204,0.14155569653129424,0.037414026122379256,0.04637818813358828,-0.06065985868625642,-0.06659576186827022,0.07299614823886794,0.10404838492166597,-0.057091354519927924,-0.06025447608254708,-0.044547752801197736,-0.06813649308976377,0.01729794805718727,-0.018906192462180532,
0.01976325578736927,0.09582274217525753,-0.022855807546287608,0.024809516023680676,-0.0366676137018878,-0.13674967451407863,-0.06599391300033942,0.0008725761101476335,-0.06099129246138859,0.09118717424114604,0.03679587506379587,-0.06682919255538779,-0.007573765179120652,0.02141014704183411,-0.042478521563468964,
0.07772214216312535,-0.009666263479389283,-0.08896628181976128,0.03297551186251738,0.05483762667354875,-0.08656382958175432,0.06042153085734788,0.05709950935821951,0.010615469236681094,-0.06212536336641735,0.021594985105983615,-0.08493422234575528,0.08994046295404268,-0.13266601666036545,0.09643733351938402,
0.05852709383434873,0.017842524878696045,0.009990737784623397,-0.059581493776311216,-0.17059654135329494,0.011901141289578252,-0.03329057471138311,0.15772858778127316,0.045004904139150204,0.0487578012402694,0.11002458520987228,-0.09782548626681967,0.10710054661884924,-0.04324670547233209,-0.053919767261522505,
0.08522257794077819,-0.032291830208030864,0.08187186680472883,0.02292365336942789,-0.007736262542753755,-0.06418872621982621,-0.0683160338995644,0.02618030888174642,0.0708415506079185,0.02002115029530516,0.018402121757068953,-0.061390061530746956,-0.02835070310539377,0.12630547472758802,0.06362902620453634,
0.08542349389904558,-0.029737831244380324,0.01601828073326754,0.03041115306538376,0.012761685586747671,-0.033897127393064094,0.11168714249915838,-0.04720182094789056,-0.039965358645658214,0.013522606184649944,-0.1243232940443539,-0.043209207251932814,-0.02006940244160256,-0.06064279767653125,-0.09722834731468746,
0.04641236920434342,0.050111120812161875,-0.014247053638614178,0.04132894568570235,-0.0051381945607219485,0.006951768204196346,0.12616088294319291,0.09084069977506702,0.023188775300777568,0.010258892290307922,-0.01129869488564532,-0.05444527406588539,-0.05287811557986718,0.09397166203633843,-0.06734844223321823,
0.08789645663764321,-0.030154272322593823,-0.04791705922065756,-0.043873523690977176,-0.03686905761402255,-0.08087555852047468,-0.028688717657642172,0.012153551824694218,0.026169490206174685,0.04679237940121358,-0.011843004064852867,-0.04865619882768227,-0.07901180118398632,0.03915110294130178,-0.016150739821504563,
0.10013327135253887,-0.05448136816767737,0.057202302807145805,-0.019627463606137645,0.055101781848330214,-0.03170017220587338,0.06646581286578893,-0.022772320279605865,-0.0471938862063614,-0.0008300325950407504,0.053076879802745086,-0.051394309167547135,-0.11512161407580984,0.0526896000638849,0.04463843399455303,
0.0019984688017503803,0.1334202877036513,-0.04851707261889946,0.0997273903573387,-0.04833507302792086,0.021482504517179358,0.09140679768110921,-0.02532150026018187,0.05555597833021596,-0.03983669834190508,0.017604697058409422,-0.03903206124120515,-0.14011626078210332,0.0341913237317269,0.032961708683794694,
0.029295196762619154,0.0785534685789832,0.028106490866086173,0.13735442677071044,0.10150734433138327,-0.002230085384789688,-0.02883528680194774,-0.01730874767322107,0.12267307332159709,0.03511612460178356,0.1450920487631817,-0.07216263103461437,-0.058483742670995556,-0.06420464991434452,0.0003534967176875076,
0.10415742196048873,-0.0567009099593722,-0.11269476340828119,0.013221624795223312,0.045742693008286615,-0.06736635301720578,0.001203195724606856,-0.003439366204028347,0.06239502423423248,0.09340427125483139,-0.018750387868504127,-0.06481164985591871,-0.0007475236396768028,0.05733845907881342,-0.06649493403998523,
0.05826072214335104,0.017131187054684936,0.04231923834806589,-0.07308056847130012,-0.0050799251539551974,0.08929497175524369,-0.00265892874809687,0.05871933715022133,0.11608616194679727,0.023262085581831966,-0.12166962591699752,-0.03670616135132045,-0.04525467042255853,0.0211291489442481,-0.046788804545346195,
0.05454074319897633,0.026357841651340825,0.09904508815656321,-0.006837488552976848,-0.07303469487295144,-0.022496879457503272,0.025297224463463327,-0.08546595143916207,-0.01439811599401684,-0.09712062831771293,-0.04118802970863137,-0.07169681171902932,0.07292024772942123,-0.05847977462200322,-0.01053519011365887,
0.0823304094565311,-0.01778296797551399,-0.03283295620061514,-0.08680912640953807,-0.11269039873229042,0.11897568957663393,-0.007330540523988872,0.07218598849759364,-0.04524119360814438,-0.023218502389918922,-0.031006397160989563,-0.08129891175081348,0.09711351508593631,0.0339483690073841,-0.031706327855426146,
0.04316531920382754,0.046752520051240934,0.016197183939944727,0.04289779986476098,0.04041958605503647,-0.01160330273774613,0.004516654930837018,0.066199789077438,-0.050778178545525125,0.0248797771085462,0.05823329346900229,-0.07156202808230641,0.008041644526470926,0.06155834170092982,0.07571484519054944,
0.0580112069696245,0.030652090563062454,-0.05487907966130784,-0.025064454872980438,-0.009664732936679781,0.13179497404095733,-0.08619629734148805,-0.024941305813460404,0.059825906984393516,-0.05817888676569219,0.05426858949944071,-0.07660508619908431,0.013263675040767016,0.03441968820337473,-0.03850656473772879,
0.08087243323177076,-0.021984015559392136,-0.025266253813739727,-0.057136372267938274,0.004812822391206841,-0.10387170076033723,-0.04899420423731141,-0.023888128506449183,0.10875955381374659,-0.06930850670996302,0.05893695943425534,-0.06663558893909216,-0.02087459101807102,-0.028101266722934528,-0.05144902883764803,
0.08587114663182555,-0.023767782057306605,-0.044884851902029115,-0.022262841739023716,0.11235195094385828,0.059719789740160185,-0.022897583729711506,-0.00516553443229652,-0.024500073194317986,0.0009290148113969139,0.02629404143949403,-0.047491536152788595,-0.1138695445818349,-0.06762717011087471,0.13626385134981575,
0.08449318400708157,-0.019171245672988346,-0.05348786462116981,-0.03596351443096305,-0.019094683683047804,0.05372535424770287,-0.05197615334147979,-0.009968216867875138,-0.10065378362459253,-0.022628918754639838,-0.03286698426451663,-0.048363799757705835,-0.0712242650019525,-0.10045965783104636,-0.11243633917065397,
0.05849000872233959,0.027042826972365826,-0.09704694134018256,0.08301810732319286,-0.005082933932803152,-0.02359159568269075,0.13739481691333957,-0.0005723123707117054,-0.08064714211648283,-0.05050077717364668,0.04673507096250991,-0.09434050644121401,0.11726086282777888,0.057386213083645034,0.044695973824124255,
0.05780552485525816,0.02561846433080606,-0.034505484267760476,-0.05404762813576595,-0.040279745844019436,-0.03536955782933095,0.005447914799543331,0.039910246041986,-0.041658496726989964,-0.017676089125649795,-0.05876200501610727,-0.06567039459117187,0.04924226583486583,-0.07461150588202392,0.013087435146976283,
0.0890669324204764,-0.039761419830487456,0.061068928681868195,-0.03488989128294271,0.030017119544746628,-0.003113173968684638,0.08124094716355967,-0.03963262677398102,0.06794035444287588,-0.012724257369737094,-0.0050328515531320814,-0.06886872560797884,0.030309981052670885,0.04161801651889347,-0.012243543064896927,
0.07609229709877777,-0.014861565028586888,0.029612209311421465,-0.05660445767752421,0.10320484738404537,-0.050563608301294166,0.07330082250656683,0.028238171191979446,-0.029194237387237653,0.012092050656454181,-0.07241280914801629,-0.06462523123341231,0.05740689642420611,0.04372768362933714,0.02019379768657204,
0.09183514110841065,-0.03566288455501653,-0.11420322786765273,0.005301816468228095,-0.04380565304813462,-0.08804514006660522,-0.02189996608439986,0.05109502629039053,-0.08546403890465092,-0.022440724320252216,0.14420848970704686,-0.06654015355587281,-0.09215581130962713,-0.05911673138486226,-0.009171994050728894,
0.08982249540007638,-0.03972355786036295,0.06378298599352386,-0.04801733410404681,0.044646744856958694,-0.014681287952746258,-0.013143355067409745,0.013144099912980987,-0.019052608192602075,-0.051919139281087524,0.015636319960872003,-0.05579947552211708,-0.05151227067376179,-0.03720573242047049,-0.0002481508540806868,
0.022130002991369992,0.09559203513779525,0.005767940111056617,0.0735699970424716,-0.04749369114243621,0.024910378925061413,0.11178409204288137,0.03167158688233455,0.04519302790036447,-0.03301170962312454,-0.01837730300629296,-0.08156827345528622,0.09687799288403998,-0.04687582678982529,-0.007930073124995524,
0.019282415757351543,0.0989891219292918,-0.05050941485994118,-0.11088297902561939,0.011987700318741792,0.033336079058378716,0.08293944179280384,0.051358039376237424,0.05078204713863258,0.023639129503451463,-0.09804581638059476,-0.03184819976197646,-0.0957315108560743,0.04752596503726348,0.0011437291848379496,
0.08901093902220127,-0.04272135184888614,0.04895494293356939,0.060737893533956484,-0.0711172336146696,-0.036376764172212805,-0.00018427414860039951,0.03711458003033386,-0.01040880668264466,0.06098021861575349,0.06464664085875431,-0.05914522221243811,-0.0576633714323932,-0.06513947606012163,0.024558320632996972,
0.09436653694722799,-0.0417498169349429,-0.002490793525407015,-0.010456338313850568,-0.035137210485218145,-0.01424382369341319,-0.014824383870434074,0.04520240040922187,-0.07701662914099179,-0.006425175174694338,-0.001962630327878598,-0.0804167872440948,0.07352500625881273,-0.037921315096246626,-0.009764898649314626,
0.054012224873236044,0.03972322455495357,-0.03499733318572894,0.020223465652542384,-0.12652965289753215,-0.002886706046543069,-0.011602995023980548,0.035120514638298454,0.08541968577625102,0.09778900577153742,-0.09342952919526494,-0.05879713882172444,0.017186370194508156,0.022531698050852894,-0.005355351559475904,
0.05074553027675919,0.031282774551973515,0.1590079409177932,0.07688646305677496,-0.0026296356778606924,0.07001847158238597,0.06941662451643954,0.004565617188122879,-0.07679995928735331,0.09715040675378146,-0.023033668274670623,-0.043909197734416455,-0.0838767372467216,-0.02416871186614511,-0.015940867336438028,
0.09294735493885696,-0.04514067321300387,0.049951881880031725,0.1137526536807142,0.08628271843616256,-0.07548467274515751,0.059353187607514235,-0.05070498117197762,0.10185512347991639,0.03781767889314922,0.03125899530505929,-0.048833332818677716,-0.10287054453204056,0.06083916945397753,0.12132610271112718,
0.0779307348750998,-0.004521088508045218,-0.06371775824443748,-0.045230338724342636,-0.007204951294575621,0.09240540731147036,0.13371372791983094,0.10848676784276834,-0.03161309267295708,-0.025778094940078607,-0.06573965273880603,-0.05496810198657009,-0.021542039135318124,-0.0006499286880558262,0.03823906083163438,
0.044181109592631745,0.04993272266810339,-0.0924176964673506,-0.025277674189666137,0.050212486649303854,0.0542354806573425,0.0026918111604335247,-0.11930304175370526,0.037536157909250745,-0.015177526632141692,0.031586759063377705,-0.06114686808208574,-0.030080292893845503,0.03845959979108626,-0.03208248723986843,
0.10347464357215726,-0.06252891864446389,-0.0029193962151282033,0.029494321064448062,0.12559061051241133,0.032302301971788204,0.08355485995574008,0.0520329768034192,0.05170809657452542,0.14513645525554802,0.042751463889231574,-0.06615032405015125,-0.02551068137524153,-0.02393116066592406,-0.06714643811331847,
0.037511876198681224,0.071255442735766,-0.09492806875088233,-0.05083616459849215,-0.04112131402258605,-0.10780100790202478,-0.007466275802919315,0.03818340754005942,-0.02941206046519053,-0.10647877074476887,0.009917194271738834,-0.06089877820961327,-0.03712028803937572,0.12566222347287642,0.11364178839082334,
0.03304499960779402,0.07518695283078886,-0.1254290276581888,0.041644935145630085,0.04762470502143574,-0.05530292100921511,0.14627174567527304,0.09679421842326057,0.04224881511496225,-0.027137378360338846,-0.056817491400920794,-0.07593645079295114,0.10032748176255245,0.013273395985011222,-0.00407518966358681,
0.025778740685723757,0.08889997304045842,0.0737029684022483,0.10175883970824769,0.0457616549340364,0.07489504765617928,0.11375911440116916,0.05233510453997603,-0.04518821615152922,-0.04099546924232072,-0.036307404432244374,-0.05841043684085211,-0.01606726836006663,0.024397585346161176,-0.04060665760491553,
0.0763772223568551,-0.012402363367533666,0.008665130136283946,-0.02922195746895042,0.019759203381371812,-0.12933666096590737,0.08564848246875131,-0.06737122609671511,0.009299348686793139,0.021753859725943566,-0.009313496117169359,-0.04672468626626116,-0.0833971886849371,0.05166810614638472,-0.09982200310381537,
0.07519356846234988,-0.014652525519707573,0.06010359540365923,-0.025394054775588763,0.007401579124606548,-0.00670252510487018,-0.0275955860190416,0.005132652690973611,-0.04347762790939715,-0.02365258503963215,-0.04769956788894572,-0.05555594199203705,-0.0009657674389777974,-0.060995424068892724,0.06565004982188505,
0.01305980233475968,0.10773472698128611,0.0014751424625928087,-0.04418859745385369,0.03612585229805353,0.020585062061960153,0.05939287737872545,0.09231204646095605,0.06418944879721611,-0.11736369397269214,0.09353098078079057,-0.06813490334662436,-0.0366383312842135,0.07105607931779445,-0.123371539598413,
0.07595500242912731,-0.0029243538526539073,-0.07861059803805777,-0.0015994054484349432,0.0952075758273942,-0.09951261191104162,0.024135896657104403,-0.016787114103205426,-0.047862796868562464,-0.1319189583026459,-0.11236030769000738,-0.05504533645940287,0.01764182036352002,0.0576387887690257,-0.00280766454683355,
0.047365069840598094,0.04956798924323419,-0.09835411729408645,-0.11542538288089371,0.03364935239971618,-0.045841022555155646,0.0788866142555174,0.026541901365062532,0.0506553189186423,-0.05082713284170063,-0.02180593872543021,-0.08024093270082766,0.0935392146778106,-0.05218503907135568,0.02904903658575744,
0.05368102581090121,0.034783820028960334,0.00817891327020143,0.09728223162393056,-0.08116765222612966,-0.08797046570193363,-0.0341267378095601,0.058805700330607766,-0.018949193013180272,-0.10745315017081798,-0.0012283738152880316,-0.06487342811366112,-0.0031493974460011565,0.08961664108311446,-0.06227114235654665,
0.038153020605721906,0.06566781270052487,-0.022274418135063766,-0.055422295633639394,-0.008585379185944604,-0.023658229491734645,-0.05991747623015709,0.051070134668975205,0.04772937675306965,0.04381474880811399,0.06630758528014777,-0.05912580114960798,-0.07598124728609851,-0.11246521132336394,0.045277058238643,
0.08317678504765204,-0.028822120214043248,0.07782432907241278,-0.004788114145255596,-0.005389611692453927,0.016595032626975176,0.1081123770532244,-0.03817384920551961,0.09162703494600424,0.09515283958820968,0.08962232018592217,-0.08607900550886598,0.04867468627874615,0.12517865076835574,-0.049995275503828075,
0.04169322564987211,0.05915821198972797,-0.06773758080289348,-0.03561775325329508,0.03557409403237255,-0.024701015501707863,-0.003275525419581625,-0.07426726604697667,0.05594829970466623,-0.1702260015060765,-0.02958510063017309,-0.05576039428048152,-0.025414402157000388,0.0565212171662446,-0.0609689080710073,
0.020766656766784027,0.09916721166118796,0.020318854243225607,0.048190889244385034,0.0642583702807675,0.06196706166379531,0.01502217685900241,-0.05630750074376504,0.04883012254890326,-0.016986826571549637,0.0006628315005611419,-0.07025235218281453,0.02046008108044537,0.03828875205506165,-0.10248717740197623,
0.06927549383264843,0.012288093473627373,-0.04634296664905372,-0.023316900399754734,0.01792599273584757,-0.025478319571474204,0.010676735224666856,-0.03217164440710896,-0.006978722496726145,-0.038434170627979214,0.07671370943441715,-0.0790269427681291,-0.00015354173295076157,0.0757274913622175,-0.029624450135082372,
0.06134236954739189,0.02053086114576434,-0.038395794655811076,-0.011800269696502106,0.13187601900170856,0.02001599129312569,-0.19975773942655703,-0.05777281308572785,-0.1315444988660955,0.040973897082849445,0.06190920930211796,-0.059501170462698795,-0.07004427379045425,-0.08397870300760896,-0.05586416004401094,
0.05326139637142528,0.034536109548632066,0.10652201282319002,-0.004091833855894335,0.01828165077120928,-0.033289610476201624,-0.0023321883851320953,-0.10881721260945973,0.06340861507896436,0.057163750885834086,0.023939728162234733,-0.060196889841254535,-0.0509672200271832,0.0731897237107949,0.08581176566212348,
0.014090438526967562,0.10918490263757816,0.07316397213286834,-0.056502623200943125,-0.03346709910698134,0.04219687327287379,-0.03457623863585344,-0.028120313673724685,-0.035093704212852246,-0.08610854081978497,-0.12139062272867987,-0.04748357103761615,-0.002421227562661486,-0.12839071982173125,0.005933626197265241,
0.0809767354772954,-0.021396690212940814,-0.052975931616042755,0.11186435341423141,-0.025266683744520006,0.01646446886839077,-0.047120365005054045,-0.016128952811384344,0.0304950721417795,0.049968270695714946,-0.0596844267591891,-0.043891579315034596,-0.05739558082236833,-0.028664357890190385,0.0071570317616880905,
0.05890554798689717,0.024964677856314708,-0.006295925377732439,0.01725619304679477,0.16026910240379513,0.027818754168896398,-0.009843017091871391,0.011007030541854526,-0.07318232222516276,0.06406277574901185,0.018915442787309687,-0.05615743240846053,-0.05972234839157879,-0.07597906819110288,-0.00339555552221015,
0.05213259209429573,0.04008302098723263,0.07084463514213513,-0.01791689005629606,-0.020611932863462412,-0.08424930687371003,0.08768622834916909,-0.01943523096430718,0.09224459046090001,0.020781773147112437,-0.07251921713658202,-0.07329432928928432,0.08039685651944063,-0.043376677845659635,-0.10848406778536789,
0.057187058312273,0.022056668761227076,0.09144247921450864,-0.00791414485604119,-0.05656883639173975,-0.018238141143466412,0.00008992567338534972,-0.014416593033593415,-0.029332060156864213,-0.0461782921661307,-0.004668308202097502,-0.07613396500290674,0.06806626735837944,-0.06337698715920882,0.14080351954573442,
0.03344235066109217,0.08080549230131935,-0.05536293578397549,-0.061249766009530915,-0.03544368266001789,-0.019743720785129888,0.06827315287779895,-0.15765393994827748,0.06120390725552676,-0.05556832650114642,0.00403086801403152,-0.0645231588696705,-0.017673591756576255,-0.04586221360370955,-0.05598258927045605,
0.0685268589181076,0.011246199373393809,-0.04096275267959403,0.03545735130915387,-0.07662179286040954,0.08806944099912913,0.033899730440175344,-0.03630112043663608,0.027793132758725216,0.017812897832896725,0.05697476931801045,-0.08953768233004755,0.0703049228489427,0.11815076522356852,0.12960294278893153,
0.08308693005004551,-0.01947047128301266,-0.044764261147099325,0.12427315738390195,-0.0036099382685424323,0.1047784104987911,0.021688421107006577,0.018501646476587388,0.03403582639397443,0.08259277048105516,0.05800533344124339,-0.07527929156698704,0.006644225114740798,-0.05972393352829316,0.03741818315719915,
0.0011387242433525387,0.1367857887205877,0.006456673237599713,-0.0005851458678847527,0.08589981653261253,-0.004281801533204182,-0.09626685923678759,-0.025017876107053964,-0.0035656048679933144,0.03898204088246465,0.023669782782614657,-0.053601050148588784,-0.08031900474356782,0.08492630347083652,-0.18825403191064288,
0.11173537816731564,-0.08145122963572066,0.06114836306509535,0.052522715785106616,0.03496574977284845,-0.04727786472368847,0.057237765874637865,0.03565479843249366,0.061593355357167784,0.05029842028687128,-0.004033683093895093,-0.048368464194910823,-0.08055184744297397,0.006733217734621599,0.04575481196120929,
0.0732589866601148,-0.003617033977231507,0.015892247658122582,0.05296182261538148,-0.11309657339024731,-0.012238165715486218,-0.01641630636641503,-0.06744174346204146,-0.026840725409174048,-0.023776420999162773,-0.1351477629029832,-0.056027257864768205,0.04290732472487946,0.10077503980411699,-0.0019099172298649909,
0.06499171129843691,0.007907245845006728,0.05076740798799792,0.09606700913096636,0.009893874974979682,0.14256617776690925,-0.012912589160738952,-0.020500410212641037,0.06185230362113355,-0.08318153388621866,-0.07114696777469073,-0.038140118550471565,-0.08266880120437622,0.09005318347797932,-0.08959522087976418,
0.020694779326159922,0.09684591301535828,-0.01085618912583314,0.0021441953538557136,-0.007407792462753122,-0.0547947215967223,0.03758674529519484,-0.03939672840019572,0.00993520671162105,-0.012338911567573586,0.0790860723001889,-0.0878673835694365,0.06520805353181394,-0.0006254747312567373,0.029396959624705794,
0.09664731330198849,-0.04753403854306862,0.03489784231001289,-0.06639542163080028,-0.03745271529194538,-0.06613390518312134,0.06323761871123805,-0.0020068767548735377,0.0005369462896208095,-0.11838910548549257,0.028010860472725937,-0.06115432364908005,-0.04392924319284006,0.01573878347542112,-0.028072800468343654,
0.05042606216769165,0.043559793829928556,-0.04077913818362591,0.05163613136496535,0.01967736106366537,0.03614570016154553,0.06779486249443119,0.08668927523625077,-0.051828879114699,0.014388619096328372,0.0058456689044182365,-0.06889663178933551,0.011166144063747474,-0.03651453350348212,-0.04989539100421649,
0.07963315529123033,-0.021894688140190355,0.14464200890655385,-0.030530710604410462,-0.06874377611585053,0.035252133343195276,0.020974528366861197,0.04868075149358014,0.009719100542109674,-0.0009063960327364753,-0.03449817405934451,-0.04412997095293023,-0.07737274148786895,-0.07448849388048728,-0.034498034802577515,
0.07452714290764324,-0.002277785077404197,-0.048247716306007306,0.02005961197465934,0.05460696699941038,-0.04968406395597783,-0.06796282172479738,0.03907067705701042,-0.0074090874594959855,0.054772614601973454,-0.11605315964146379,-0.05796972135279281,0.03402584668899295,0.08660873889651442,-0.03754917932887584,
0.07300543646484504,-0.0021376847966873775,0.04259170863904102,0.03525310523425482,0.005239863230834463,-0.0771298716727597,0.013808992261968873,0.029744820343240327,-0.0015404516135754593,-0.04139725332250266,0.007776253667534897,-0.07057727418935757,0.013620148240613146,0.1437009319386841,-0.061574210753805377,
0.10980109982878097,-0.0678400223595886,-0.1051101838340979,0.09646498441488194,-0.015012962390067641,0.016248599681834716,-0.13352616486068644,0.04689949653652937,-0.003524157432637571,-0.06419522128729352,-0.09078017541488984,-0.03482407907352659,-0.09890354276523079,-0.03776212840343143,0.05482611311777479,
0.04081978180330084,0.06269608337956455,-0.06707712791553332,-0.07245791883360189,0.026656166276755718,0.10459904148755746,-0.004919101166381502,-0.0011505873730627205,-0.010168599226026268,0.04029819749310006,0.006923542950179417,-0.05732828877570246,-0.050049484163628276,0.03198940943603314,0.021391344625823105,
0.01605171507582263,0.11272049509495669,0.01189872276277625,-0.02656217537464506,-0.025783942085375294,-0.04687854321455767,0.018759172823101,-0.05338720755652514,0.15119832180316042,-0.004052965973838016,-0.02543253405804271,-0.05750050293726812,-0.03560262512430901,-0.005706758008085477,-0.0382488137679076,
0.041342941697218284,0.06091451387195594,-0.024839507771091326,0.11046933648179995,-0.054982023666308645,0.014189468066404724,-0.07194577968536599,0.036865269150196944,-0.05792065692165062,0.007321102890068101,-0.015436348772188331,-0.06154172130044756,-0.014167759569829142,0.03829067087125795,0.07269305048201775,
0.07590450102131543,-0.01711030052226848,0.05341292549546054,0.007300819847620083,0.048235463610765444,-0.08481919827310089,0.03294177859162299,0.03892515405931872,-0.007558984867959084,0.13843381280379452,-0.09740234112517349,-0.030764810441092867,-0.09599488982601423,0.060543317546419034,-0.03031917193893548,
0.08870961586302333,-0.03476677924848316,0.020945818697694882,0.11298703475986933,0.08743160698662479,-0.0652808427254066,0.009258071174228416,-0.041366246573979325,0.0956959894465904,0.05164376581997791,-0.0937554139156308,-0.044889746756366256,-0.04155810847917433,0.10867607600353714,0.14953000468470432,
0.019923827562045745,0.1026358574650342,-0.01939115617103497,-0.12990458243989983,0.11346305878465035,-0.02354468771044626,-0.0928818696521121,-0.03071910171339492,-0.03488912464990798,0.08598721115859581,-0.17190130108937549,-0.05347097554134241,0.050634123231569905,0.036527391293290974,0.05332610967477411,
0.01680524135061563,0.10187534592212326,0.026905879747700326,0.04787461754425833,0.06908961194472328,0.08907420304341263,0.06112888456209938,-0.059348754300459224,0.01861782822971354,-0.048537811135345166,-0.042949518096980326,-0.05166635016534209,-0.02978789666338872,-0.05513238528820461,0.004600736863840162,
0.014863376259484475,0.10851173969642264,0.006219910975330969,0.011960209648955132,-0.09724641536459132,-0.03841811905918171,0.022017239277938087,-0.04348204403054483,-0.11948340090174056,0.013082215049122164,-0.06100649469589229,-0.06813139471214227,0.05892855728536707,-0.007036622733596626,-0.10006802898164766,
0.024500267404118533,0.08340820703524694,0.04131089170153491,0.1292052973274001,-0.059764766410110935,0.007557964802341148,0.06454688131245358,-0.04581225489318983,-0.008974821191799542,-0.13150257975453325,-0.04157931304047532,-0.0846016766806963,0.14578927640163303,-0.04854124742718236,-0.007743543881843404,
0.10617583439018285,-0.06845468460076207,-0.014982619843554226,-0.049706530757031464,-0.034465290047487565,0.008582647926899544,-0.015155855943076058,0.03826748912431833,-0.0037170172264268907,0.05687404790881446,0.16460089938191172,-0.08625710937231328,-0.0033962827958528854,-0.00277066089512278,0.03176920562969374,
0.05023102086945165,0.042764957781703236,-0.024592718474341375,0.07774448019223108,-0.09626838515178612,-0.04350583246503936,0.02069515069283259,-0.019211892469434968,-0.019810980725998354,0.011092457229170374,0.008846832182986824,-0.05849548075157146,-0.040708808192191186,-0.09668074566045667,0.0890544262784487,
0.013703931299206306,0.1041941152786997,0.0035431512195494793,-0.022328557719932873,0.048724219720867906,-0.026432737594215706,0.06142696058718063,-0.06279641931047862,-0.08147722172567436,0.10194670584174709,-0.05869770334639504,-0.05899139004391347,0.02371578880658014,0.04663806833619233,0.044144514031359106,
0.02116872083114903,0.09372600786765434,-0.041529200662369474,-0.05250999017006653,-0.054497189439141266,0.010825589640570794,0.02312777567031485,-0.13080448150130305,-0.07167115898271245,0.01160616617488732,-0.08717397433723312,-0.05978248074828075,0.04427726199716549,-0.018039997207685534,-0.07913469003450872,
0.0947239731029602,-0.045485499964548565,0.030976670460143158,-0.0253295734948764,-0.07838064606539422,0.1078358498895763,0.05078134619688155,-0.021240149327760995,0.09919128743607736,0.0338302995308264,-0.00030887950322149846,-0.05721763437028879,-0.04102959695996308,-0.060114781006929054,0.058340771736156635,
0.04976769862849782,0.037978484099506445,-0.03483184110451059,-0.1457706131457188,-0.018570665874958994,-0.056900530828125157,0.04847985719321545,0.0287627237330823,0.03664979389016595,0.03822343534158662,0.05859193756386663,-0.06558449509258368,-0.026430630970502703,-0.025190965296896004,0.015250570747276896,
0.05374406798570549,0.041253748973968926,-0.07301434509041911,0.1128420476683234,0.03604705265493677,0.053087450847745334,0.03150519146868735,0.10109203939528896,0.060650397034038635,-0.020194728496777097,0.004094279352524547,-0.059711393576686186,-0.0420091591180762,-0.02495446769378909,0.04388829337782922,
0.09153567962881871,-0.03806948792928727,0.03568281684615831,0.036723390607229456,-0.019218984020391867,-0.011648932276816846,-0.017591951131135666,0.031754099372371,-0.08278577357261159,-0.029826021289825234,-0.05225807745329021,-0.05013158819696501,-0.04366202823016018,-0.05424530654824915,-0.04232126918450428,
0.024063928410487632,0.09338289143189842,-0.06275143136680886,0.013516237017692593,-0.01856887498492737,0.06715951926379322,0.1291365297171768,0.0003689375203416995,-0.03248398570932687,0.16255572500718876,-0.07957099874578019,-0.05099783960901654,-0.020292334987520855,0.001747073796968604,0.0897729357403964,
0.04339608444101935,0.04657980545863829,0.15068896694839662,-0.1391955818307431,-0.06480552575987653,-0.00916999075892381,-0.01781883304740838,-0.01422122516873116,0.0068413785726510684,-0.0498013886508853,-0.032199511534773045,-0.0695822390354839,0.05261208772552673,0.03372470269188227,0.06809141930869238,
0.066318398918483,0.008929806536036014,0.05813574685991141,-0.00558196052183087,0.06817570216464774,-0.02259724407029675,-0.029991890957302043,-0.006407725354486411,0.07037058763317763,-0.07662207371761112,-0.00720109195432564,-0.09058478592872453,0.13591465209749745,-0.08531032095292232,-0.0005870888395789018,
0.04102039102152448,0.055625604148731356,-0.037328145182578154,-0.006839763786283266,-0.009769554927728965,0.04176221069264058,0.061660271169259075,0.038786054478793026,-0.07080408034926805,0.05534737221905191,0.020347981305864144,-0.07041777919493028,0.020121010825975876,0.06844120387467668,-0.03123279043616832,
0.10162027301798686,-0.051846563277587514,-0.044421397426820275,0.030720148500276587,0.08280060391349442,-0.026808327069839877,-0.11995285061235869,0.01818093684742032,0.020272120577239674,-0.06076188430167828,-0.00703998210376379,-0.06719515036718124,0.0026907102206725495,0.007666628373251071,-0.0012049151636850434,
0.08979872286231934,-0.03002199688242337,-0.0004627584909765853,0.07019846385357069,-0.051482562801305344,0.030862893251281616,0.025802769283090124,0.09710142782639769,-0.034555989770121386,-0.008630175148271626,-0.007306175716365857,-0.07089134077911259,0.019066517353469335,0.056082382381700435,-0.034707369126029175,
0.06710929131024032,0.005691622749279688,0.06542114071728572,-0.06561829581506004,0.00045318132504944004,-0.0018844289606848835,-0.09930483057080218,0.03215345816375321,-0.027557329143267036,-0.0488086423861911,-0.11210081405105954,-0.07746215344903618,0.14148578349742646,0.03052828236263651,0.08732430478908107,
0.09207908890665588,-0.040235368200954684,-0.012845680828383768,0.008641063704821143,-0.013132049937464085,-0.10757985475561588,-0.07037481851294554,0.07089171577887333,0.008489768273655288,-0.007838305520557668,-0.02191388174011077,-0.06746606775579911,0.027827350907065864,0.00586718530462021,-0.02132443111900019,
0.0169400133721008,0.10043519185400974,0.012752265485268114,0.10359299924120778,-0.022557716285457087,-0.01322319366807878,-0.03502263847673825,-0.001577056641485359,-0.03397596581228435,0.06762421886883065,0.008291964143993993,-0.06911643796448559,0.02470700613349306,-0.023057720975963144,-0.004664741759354099,
0.09101407021279613,-0.037533663029453046,-0.001413064198416924,-0.06604423003883725,-0.005436556395366488,-0.047438394589652016,-0.12724857663600408,0.07287255875001672,-0.08489197801728383,-0.016071050305110256,-0.01660880282783032,-0.05714175887263372,-0.028749697976943878,-0.057342182642197925,-0.08316656354626781,
0.07089019972534731,-0.004651171167613705,0.08991929259846285,-0.0733590377768825,-0.007409168382897622,0.08792611406122802,-0.149915038176055,0.007580281319041965,-0.021579805409626153,0.06072186344156944,0.07394909680814306,-0.08601227742655242,0.05816696844871831,0.12422546332157516,0.008933027711107815,
0.04686767332722539,0.046272123827803546,-0.04223892783962441,-0.018757852022886348,-0.02606318449046388,-0.0594250386508454,0.020580050973276903,-0.024896816472258318,-0.058673759980805214,0.04948210949813004,-0.07041707112109287,-0.048802209644208276,-0.030507270869794278,0.018922332600143452,0.006219839408103136,
0.08879650791066734,-0.03916382406740321,0.028246204609227523,-0.013831861816711848,0.08203793997711238,0.03100779087004195,0.07833413793394162,-0.003783512590980675,0.034989222793068195,0.015699184243583,-0.011284986008151584,-0.0657099072652298,0.022688508431480854,-0.0567133870112057,-0.0659055912072726,
0.016768939677737547,0.11548812973582523,-0.048937563150627035,-0.028679356901732546,-0.027426263277701233,-0.07963899766152513,0.09811425399645579,0.010806724641395435,-0.045796126330308905,0.08606600620974261,0.014448023945997304,-0.056794929991172693,-0.07545304544879543,0.052187432602958106,-0.014553150551713174,
0.09653999476071332,-0.049713711394332276,-0.006499302989462712,0.0972656671655526,-0.07000193288950568,0.05184725665398162,0.06524890128597652,-0.028158349503875153,-0.07934519385590878,-0.013643411685945066,0.06368516625049625,-0.06090168736689927,-0.06060739945386667,-0.08721224415393454,0.01628292768446124,
0.04181362602897852,0.06304432376629211,-0.062327138022367425,0.03230360494813772,-0.11572245088704494,-0.09940370716513329,-0.05809489385919174,0.0289590555488945,0.09988640725945047,0.07804833316869911,0.01188461767838844,-0.07996408681836627,0.05504348980125639,0.03944063683377902,-0.06259478921952998,
0.02823035982856298,0.08692035455007426,-0.008363437369254606,-0.00247665915582988,-0.05763021773011018,-0.12303776584664408,-0.01908163137879956,0.054056796225722896,-0.025397230971551207,-0.031171729060825458,0.058433200010997326,-0.07913535811907345,0.02295758641108166,0.03442350501159297,0.07559998987150905,
0.08861665651186455,-0.036272632321634704,0.07411197375626473,-0.07072558619636772,-0.0031971541945012842,-0.04352469255554498,-0.02616506421833045,0.030029729786308336,-0.017017483399676476,-0.01782386879552075,0.051825142976958026,-0.0937318122503813,0.11167775502874952,0.008500459820561536,0.009273764892185973,
0.09474196622763696,-0.04455022614379677,-0.05554053654019261,-0.0032559347484548058,0.027119967023647464,0.10675161114329854,-0.0034331940650787606,-0.1010825218393789,-0.047847048039489755,0.017433305789065826,-0.0018814624555555644,-0.06791371855778183,0.017229072544520895,-0.00988495453243683,0.009078681314559484,
0.050073833802450035,0.04464780845053129,-0.06575975098713498,0.014911485716054208,-0.06458157781125728,-0.0668689037004459,0.029740341075836396,0.0730384238007249,0.038979598722107676,-0.0400775236211109,-0.046066738366088725,-0.0520789950116491,-0.03723042166404478,-0.03006505750429525,-0.002964562208385972,
0.04016775671665381,0.05593829370160504,0.08596482049754536,-0.047328055576103104,0.017189722542606145,0.010122750900499545,0.08501353917301796,0.01452967008566191,-0.044469903306589946,0.008267475475429423,-0.010920225217446447,-0.03871891837318052,-0.12394494910526727,0.049778928038948934,0.2326933102685377,
0.05441792312605062,0.031792667574057513,0.031864716519558904,-0.03162563455507712,0.07534965864846487,-0.16793709861578113,0.038273487392913835,-0.0004523808729455591,0.039100465746944355,0.017002905028620514,-0.022916721265452095,-0.0727592675767934,0.053773197040411974,0.02116116894331551,0.1090262173315113,
0.06755735080928325,0.007063704170405916,0.055781714485276815,0.02690651812949875,0.06637420538068023,0.04298644888467324,-0.00480869150689689,-0.033580162294365584,0.021012165062701683,0.006978898563356378,-0.0616208481871326,-0.06429377906302369,0.03469670329011042,-0.004176633383523904,0.03021761744654665,
0.011956191636547169,0.11615630519724589,-0.054697587654518175,-0.00566622160277962,-0.041779109284834366,-0.17157048497732913,0.08084326352314825,-0.029651807439093632,0.01928580641459776,-0.015235480587729312,-0.017013693305963456,-0.05832599377640092,-0.02050710319710797,-0.04987128233486882,0.10821714123040785,
0.10014729515301828,-0.05686058356597143,0.08658846704242047,0.18380765473614838,-0.0026858350048476025,0.09842932590020227,0.026533087959414017,-0.05125612706844161,-0.0015653381961363013,-0.0626707083201034,0.09002467342445107,-0.09217120642682519,0.0731208034779609,-0.008272718875242132,0.02101786032401091,
0.009950461789771258,0.1205979724622929,-0.02748077364178648,-0.0016093349992382555,-0.011389305304459248,-0.05651457099762459,-0.16114035798636353,-0.03851779079686134,0.03534524927443624,0.0474524275136455,0.030519910515168176,-0.07189101721444514,0.011160881864478606,-0.033888822582565536,0.047748725429210964,
0.07090136304858695,-0.0006356705463749244,-0.039164128338813574,0.03941592667730392,-0.06739633572512872,0.049217294535350134,-0.14243260044806014,-0.009034926407167613,0.1010404112233584,-0.003539135165350437,0.0480501389273911,-0.08376537085414507,0.06804764335310422,-0.009329307741633493,0.1588850259217669,
0.0036666372333081826,0.13241344953172293,-0.06673165428420838,0.041830611872993695,0.03757854780567953,0.02671127840252974,-0.007862780341735397,0.06376185912268713,0.16028352453473538,-0.0376994374886309,-0.05207787786992198,-0.06292880156133332,0.02512389705646669,0.04997761825564786,0.05804122306935449,
0.022538768082082633,0.09498872197936555,0.10779034582048685,0.12564181898534793,-0.06861829955324675,0.004662015991173159,0.037723848224597775,-0.09166494278093246,-0.015939635079962784,0.050616223179762346,-0.000645138248923786,-0.07485358512623431,0.04194595380704908,-0.06597875240215939,-0.03547469260527326,
0.0639051087319247,0.009303730008218351,0.03737153094051792,0.0716439652888636,-0.14283251410649464,0.0434138539545418,-0.0916281612620387,-0.05691968970841638,0.0188494758367671,0.01468846636246498,-0.1354232320760867,-0.051755764475434986,0.03251872054403795,0.06517580997963224,0.04032641520711721,
0.03329372943642469,0.07051260020734472,0.054354644077815484,-0.04909236251934649,-0.03250190292782134,0.014680885278533212,0.02205027297993802,0.0507493831051133,-0.03375785840474756,-0.026379141207866483,-0.05717468736884138,-0.05411221998731881,-0.010517537185098973,-0.07727794386767405,0.13111446747447658,
0.038180730236843714,0.06196634035578598,0.007603026643945077,-0.09696153816309978,0.004467010989384634,-0.07006424990625075,0.10215855245828373,-0.15630157802265973,0.06817978161877382,-0.013806846182669221,-0.02734178140513501,-0.04331888450995133,-0.08729605881559549,0.005820609876262494,-0.009405427642899237,
0.029318143071130412,0.07872746466197018,0.013542750826521503,-0.01179042790803485,-0.1144333820342042,0.05263712082971869,-0.11627376158467502,0.027903376769289365,-0.09575770660997455,-0.09803910900740598,-0.03085498095584864,-0.044627351908140156,-0.07731761210178109,0.04667956003166285,0.021021189414560864,
0.07672945940380595,-0.009699495746057503,-0.09144544623041788,-0.06708874721407333,-0.07872371055172497,-0.04113204474734855,-0.052395354238092086,0.012761194068802254,-0.13390583629411765,0.047805046804450725,0.0037632602047364717,-0.0631815273471729,-0.00956708403201354,0.027679819706459472,0.057907674423979205,
0.045536086767434626,0.05225174529954864,-0.08178037242264669,-0.0438353347195323,-0.06600551099359005,0.08530596917208451,-0.04622694753755732,0.03863445107262864,0.14420289509905065,-0.16781037169840474,-0.010228778592264018,-0.04033248116315164,-0.11723356428258985,0.036515691519362924,-0.02914058141647535,
0.04116938433949954,0.06102831841523277,-0.04712202955233935,-0.0560065426266119,-0.0010503120028583074,0.015263857210831564,0.0057375505027153235,-0.028399916154297888,-0.10965133080909799,0.08835941749641307,0.01810833787390818,-0.0643053206159655,-0.020278213118052706,-0.034685482250668316,0.0023820269404666848,
0.0620051445452077,0.013568851876777055,0.024416960529195647,0.04942103889597828,0.060028950139613166,-0.028198671260872072,-0.07389492584929817,0.0835682607604032,-0.025181535921295562,-0.0012504014549429851,-0.03703410155370385,-0.05716417204660567,-0.00467828469678864,-0.055961865101397675,-0.013465567837794682,
0.04667930871215431,0.04341885316087693,0.044977162755090956,-0.0459634737999851,-0.0024854160495779935,-0.029209218844864444,-0.07582501664032214,0.12702532587575532,-0.05998937398421249,-0.08146900003244754,0.0994755510334746,-0.05299788618398311,-0.12337428537779249,0.06825655084029732,-0.02210578568182637,
0.05760083880736071,0.028272531411430206,-0.07631569907032457,0.08889336579727913,0.09682541705850996,0.04126399501809498,0.028646536122967407,-0.05332727676932313,0.04041704488768406,0.026483722442662064,-0.02510411562224296,-0.06620684444177921,0.022454298399170024,0.032659097998151754,-0.06795200671696311,
0.10007441770816351,-0.05450952726223184,-0.0051598728729109295,-0.022428210174921696,-0.10600826425835858,-0.05215161341540146,0.03733653400083576,0.13710334284669767,-0.014305683242702349,-0.07310486546570952,-0.17480287541120068,-0.04073517901420212,-0.003295010560460522,-0.07219323533752066,0.01472994138072073,
0.10433568019041763,-0.06453918330805325,0.009140670147036926,-0.01611729075385028,-0.08163694465110916,0.009863424059431407,-0.011025172373159276,-0.13378555157590352,-0.013157296433544918,0.07978828471934848,0.06629617810380196,-0.07664745049203531,0.011602501048354587,0.026889097627329554,0.0535737424733536,
0.0973056464877004,-0.04947467292183677,-0.0002040816589624358,-0.01893003227054827,-0.13157086255919306,-0.13098028169453085,0.03037462299204126,-0.019052546459125318,0.03807103967714313,0.03375025532317289,-0.05019497556787426,-0.06403691479155212,0.026421516175721315,-0.003300500941569601,-0.08390102836831201,
0.023219532710600163,0.09478763040828019,0.040993279215794244,-0.027223244582486074,0.07147286641701842,0.06633985642722291,0.007144048521378021,0.002982526870718158,-0.06883898976789826,0.013297061417982838,0.07776365777641861,-0.08243409824559245,0.026558549537759588,0.0415559959650033,0.06464399366923655,
0.10291489438492936,-0.05784620013687934,-0.12722620235471938,-0.09332859778998581,-0.01782514426970642,0.06614852449298472,0.03294123306661788,-0.09956470683324836,0.018714154131030555,-0.12846171152602598,0.026927726584434614,-0.07331109008042266,0.02419181432594967,0.07762815833705142,-0.0720269815867086,
0.07345633694358752,-0.0057197912101690455,0.051760491448983086,-0.09782953228773437,-0.025714597092258377,-0.06874190093465332,0.007533111305085861,-0.014296325795728858,0.02969649520328818,-0.03123507618884754,0.024084511705319847,-0.034622719516052745,-0.171362909250218,0.00738233982824864,-0.008194148864263779,
0.08758834692885872,-0.025295848811707353,-0.061068490757838864,0.0004170531247224192,0.01984592935620287,-0.03577712161241537,0.008432102324618487,-0.017790431870353098,0.03166367810214952,0.15579023955889199,0.04064046694447414,-0.07169693184770812,-0.0071026171723038494,-0.03454640362132037,-0.11442428846797344,
0.048356346297911475,0.04283139426110978,0.02424283961415821,-0.04253755728109968,0.04293241655065802,0.08086157255669515,0.0030909031782920316,0.08895013028204155,-0.07024029526720353,0.005974416718656418,-0.06561676351206633,-0.05744774783891127,0.006624934637964974,0.0631849744600812,0.0005617459628767582,
0.006450364188207524,0.12610964537917835,0.09624547744467948,0.045779224728085176,0.03362216615126822,-0.06002358171581931,0.022896995002063974,0.05190474655687716,0.0760915548777496,0.10571532234174259,-0.04305354080556977,-0.05370150903195404,-0.03765948187000732,-0.029102997296684682,0.1595373123915246,
0.035160675466372006,0.07264180254541465,-0.022668141077167206,0.03312371308280516,0.04748574775188695,-0.048898949987277056,0.08962203597939039,-0.031180562462038437,0.006542535386424825,0.010812585558897265,-0.0232345093092238,-0.07637661721506796,0.07143896672051182,-0.11735340941937694,-0.10056678902560512,
0.026347141102485455,0.08704068718163124,-0.033308073672058236,0.041283648666041735,-0.08871690099547852,0.024768551006019313,-0.031277018189768746,-0.12810773669260012,-0.03690959185939314,0.08505324224438407,-0.06469385806096828,-0.043234352076287036,-0.06590046144695234,-0.004972166868000682,-0.11340430409486403,
0.0395462414625838,0.06343001523772335,0.03214283118633358,0.08708722973800181,-0.04292808670610785,0.01830426805618084,-0.03511580177585581,-0.0091367255022732,0.04522935143360767,-0.08532440943298007,0.06332309083449032,-0.06891613572315622,-0.028327142956234393,-0.05433844679564623,-0.0932906962612352,
0.10778309824587853,-0.06911557650659317,-0.13222235393439427,-0.03235533950941312,0.03190783781849958,-0.0480934769236459,-0.009487724704905902,0.020552093138161066,-0.049675686520386564,0.058038423528614456,-0.12709473481894126,-0.05070061109345513,0.017401172917028234,0.041536187568505585,-0.009366625478130183,
0.03898531958093093,0.062157890476329795,0.031415097258409554,0.006502303744776165,-0.0616781770889346,-0.010175215479568947,-0.01820323479131925,-0.0547020317579215,-0.03557401299856634,-0.00809899726915341,0.054272790010216954,-0.07905085335166116,0.03168911727856672,0.03291835128003739,0.09476412134390755,
0.023607395250644335,0.09867177529988334,-0.044187146845684616,0.04487305413779807,0.04895181610870324,-0.005242869199316298,-0.04305476195484749,0.0022250545701480756,0.009001903944135243,-0.0768761959375874,-0.01476801353719054,-0.07631741760652987,0.055635465603197556,0.030430152957514726,-0.013859637754028981,
0.04923324001600666,0.04005430042020506,0.008204739099435901,0.07810757929712882,0.04207119545937477,-0.02532732303481859,-0.07517883804544119,-0.03496054031445857,-0.01687652528220062,-0.03251182490929693,-0.06865600223310833,-0.029923163957292432,-0.1231726297543294,-0.09902393219337688,0.051257865129580756,
0.02476740776686112,0.09078821243523298,-0.04171508569238621,0.0548446169020433,0.03708954116114409,-0.13344917816795182,-0.0036985706475602584,0.03537908564127391,-0.08445171894286667,-0.04249942473460954,-0.09725405896081109,-0.049680230468870025,-0.012557500480798267,0.11012009497945287,0.0001704956641208418,
0.021440928071529256,0.10562156641013785,-0.12196736475125462,0.006404619822494616,-0.06323979348271254,-0.03639769974675242,0.017154479163103746,0.06214682891811631,0.07168490509398585,-0.0464611524387384,-0.12496679392655462,-0.04217280643409977,-0.04613216577511536,0.1057093814718496,0.012360965428071245,
0.05364903897547428,0.03564671886375982,0.028519918558603717,-0.15709022407325093,0.016414991970762755,0.12263065248828293,-0.011926198591217137,0.029930300119659428,-0.013037548159161704,0.06587300315607317,-0.03812088959637847,-0.06656469018788777,0.025667242713710944,0.061872912385613155,-0.05964792427539276,
0.09308470909781842,-0.04395676569029732,0.015476643299763768,0.037122126559333696,0.1344115019616708,0.04904447038910746,-0.05241631156675323,-0.04143238232369438,0.0717012287610939,-0.16396220516932664,-0.038471731930574134,-0.054031805241345716,-0.026265234959451288,0.08344451420875507,-0.059547188340423635,
0.05943773730491122,0.02093500487760478,-0.0038422144968936114,0.004888483855060215,-0.03901605462563535,0.07003593950024864,0.027089176946152264,0.04559928296462185,-0.06992402478676994,0.0671309825100704,0.10782753849824005,-0.0657359746819454,-0.06921088910453714,0.0810791647597412,-0.055282508120479,
0.016300424282081904,0.111485704683921,-0.06838616397592617,0.021625002828153727,0.10524446186734354,-0.01979518015734154,-0.11809864025406114,0.034705913857866234,-0.010703227123669107,0.009694415753347346,-0.00797329945176295,-0.08240016500685413,0.08890115126102377,-0.10717375339348106,0.08709074841803334,
0.08822538585391652,-0.03344793119809382,0.003536212692497909,0.12407229308359712,0.00027429196071429514,0.04085483636161849,-0.021325208679002745,-0.10525053920965696,0.13610482067540222,-0.007252351109403022,-0.028341124523116414,-0.054457971884558753,-0.031742045206021835,-0.07260517657314329,-0.026340469486395766,
0.07787772340488641,-0.01775216412252889,0.17540446355172135,0.028071868246664147,0.04808310529573141,-0.019567390486147116,0.03264004932563326,0.1536206423076979,0.08048957636247811,-0.057416260177665976,0.02126511373121292,-0.0658598774110215,-0.01121799397614705,0.04046593529972659,0.1141208046273672,
0.014939395160729254,0.11031311025881826,0.0011179947504664643,-0.00929510273916216,-0.02216209414793325,0.028499900764931085,-0.004615451046625265,0.02464066445315763,-0.05793896308193445,0.056136607797400005,0.01676922130143187,-0.05761487344818317,-0.05515528967730033,0.06331128117840565,-0.056327957115756194,
0.0348497598069941,0.06625165516433656,-0.017785433786301687,-0.04529831069269931,-0.017961653363603326,0.04224387418344394,-0.05112795310325387,0.018107552985308355,0.14397952341806713,-0.012722868745690773,0.03178898700352506,-0.06963897263198661,0.0118719229222613,0.043080193480593255,0.07399726367757492,
0.0758651244488424,-0.009921797140740273,-0.015672314099027983,0.09368746766172494,-0.004856817614489384,0.014692784330781028,-0.11767475011080111,0.06602036635560488,0.000971007980630091,-0.05207317658140742,-0.07585771593301037,-0.04176750591989766,-0.061070421555532814,-0.050382558988441385,0.05909354175289952,
0.025557897401702948,0.08367612197007607,0.03747916281162714,-0.010841245545221248,-0.015045115879440218,-0.05311131438143816,0.01537849652295364,0.007701423709480702,-0.001138993407535184,-0.011189197112623568,-0.0031276487217544702,-0.05615361580649439,-0.03363646389816689,-0.015816176744210333,-0.03755158230599605,
0.0327418674781601,0.07428982569232828,-0.025876276999942216,0.04270043760552469,-0.013436667227909415,0.058609664059975204,0.02652243365503272,-0.001747809933530046,-0.013423069276442616,-0.004754121707067173,0.024904970365956184,-0.08141650132273624,0.07197684669359188,-0.12752723852663697,-0.04453707752857419,
0.053789135634758484,0.0350720797822734,-0.010623600269171895,-0.048818779002991135,-0.08668943389367119,-0.022565483504523844,-0.010590577414727248,-0.005766615283478148,0.04429884858216672,0.0060116735677368804,0.07243452424543488,-0.06671681692272918,-0.04463346404866786,0.030631289007712992,-0.025873027183743392,
0.04891502435000672,0.05211935480695814,-0.018750091556227574,-0.051869553856752675,-0.030406232352725,0.030657347367259037,-0.007482986983676387,0.001367507720842873,-0.041036788337387296,0.03526815088683623,0.06638550942577469,-0.0832747653119294,0.02293823507848837,0.1377476800407636,-0.048192237982520605,
0.06685073958250383,0.01182942303810587,-0.01292678845154831,-0.06570175472800696,-0.024046002801091256,0.02359256129309131,-0.026871212035467502,-0.06518719705776528,0.07539049989753979,-0.00827460668655602,-0.020432078821652093,-0.05317448064033007,-0.05258278399862585,-0.032112674719405376,0.004656511963910626,
0.018372967553514707,0.10449945881160044,0.034700737207981,-0.03083976153512174,-0.0973089829428128,0.021561377771854944,0.046996023807556964,-0.04342771967673123,-0.007067526413822131,-0.002070507892983013,-0.059424335099744846,-0.04979814124687945,-0.044295049999832935,0.006407324263305832,-0.09703878310662885,
0.09519300614598696,-0.04381567796263576,-0.08698498114567813,0.058945783789820363,-0.015820886446375894,0.002680231657720125,-0.0557952940273447,-0.05135067999010372,-0.09374087729720176,-0.00763895139722322,-0.060089031251166526,-0.04193682600979557,-0.07905315682841786,0.09281226172890292,0.02631386873400423,
0.025539591228497135,0.09329606757575284,-0.13224019481665278,-0.04926773604579143,-0.05243937935717778,0.03318178689680562,0.08630034115354793,-0.09283469367155395,-0.029036993368007778,-0.0020971147201126745,0.09244982825716112,-0.07539945844011568,-0.010528260061368254,-0.10467205767847217,0.06657528325329456,
0.030677285020377514,0.0864395910302075,-0.03217558119911981,-0.01206159302536177,-0.09365966202037897,0.06094336734537813,0.024906234924168765,-0.029942601314828492,-0.014197432784232524,0.08639417822038997,0.06626288554663812,-0.07150864609791613,-0.031805229560395595,0.03258147930111586,-0.027816152654329865,
0.06083563502825951,0.018822423696163455,-0.07913001286974788,0.008055246450368708,0.14743215850925268,0.021393989247986942,0.027719836531777568,0.016404098962134565,-0.037078139982192594,0.0430876374971301,-0.03501156374337309,-0.06264264029133816,0.01948571845728584,0.006716958977657534,-0.01759568348164041,
0.05499026037991224,0.024883188175914905,0.13897268946662647,0.014750726233197637,0.028217474743502922,0.02628198253785477,0.0027331838572030435,0.002905423190483382,-0.07941176810329281,-0.06399295462787133,-0.014044614299080917,-0.06130001624021,-0.004933731590578252,0.10444495167877933,0.05719257686539297,
0.029104942269290505,0.0782879099889148,-0.014222167122527834,-0.05413758376086055,0.07955023220202535,-0.11690708642462991,-0.16048880009255007,0.005680287132377432,0.01958660000970113,0.03730258168814746,0.11927529757408029,-0.07822565976837605,-0.006611867049340309,-0.0041570542913558,0.03067609557813018,
0.09503577448361294,-0.04999117630769813,-0.019149709786817973,-0.012868042496538784,0.07379269597658947,0.07988886620035247,-0.07385526598843675,-0.06777648605021497,-0.05972224635882594,-0.058947458195710956,-0.036171989413356115,-0.06646940225872651,0.044044723085764605,-0.010678400383056461,0.017686592631948047,
0.005375093088579708,0.12915238786012972,-0.029219508875081405,0.03543722533143675,0.11951049864282558,0.12882644406520496,0.03781960993612977,0.04579520338975343,-0.020974318655935485,-0.06255014294282635,0.0475067433139193,-0.055177238234176966,-0.08355056128078457,-0.009266275365423975,-0.020489651441045597,
0.03819764849438239,0.06255330069550286,-0.007317557306023958,0.007808883927081155,-0.0782447093007068,0.07003963557489153,-0.07913918353518258,0.0659813485173543,0.015281524896103144,0.015121472358430189,-0.08382605699152171,-0.03228674537401979,-0.10574575191938343,0.0055105219904973924,0.04705510796895669,
0.0968834836322509,-0.049731076588928315,-0.01604369977733872,0.11284102105677034,-0.06640000174230899,0.019032419057070787,0.013922154859683816,-0.06687392758827199,-0.058206100964249725,-0.04316251616901227,-0.048109500026329424,-0.04916748095911963,-0.04653302154051135,0.018594165261422813,-0.04012232993746594,
0.08878449415093184,-0.042835278192402494,-0.051806931000860146,-0.06849134501418695,-0.03096192089432434,0.06358906493595361,-0.06052275686199025,-0.07776260205973894,0.039137649463278995,0.052004758115333026,-0.14141912107029234,-0.029444687574212352,-0.060674172652412636,0.022200115492638235,0.005837977171265166,
0.032706691745512065,0.0804800049550266,-0.053772440250838355,-0.055786966321444816,0.013221893738261735,0.035471954568068384,-0.07368440406840121,0.06256862249707366,0.04297838433004466,0.07877860853242184,-0.05483190450269378,-0.051040498905836014,-0.04335067910327674,-0.07419922792037058,-0.040318624885771974,
0.03179507352928576,0.07902083853587959,0.05115686769466488,0.09082226426289651,0.05765923697491316,-0.08152544483122807,-0.0817340649369282,0.0438800414981348,0.06785430061735737,0.0404815598634133,0.01878806864728703,-0.07932122603116516,0.047155610121400716,0.06989007743631906,-0.016029581617299664,
0.018566487640984078,0.10352203541044859,0.005805805524802197,0.023187389873915245,0.09789344517711535,-0.07151224231787555,-0.07135012275556893,-0.08749819644445977,-0.11407538148924916,-0.08330490610710811,0.051797802276562326,-0.08862240360878933,0.08245568222976712,-0.023333285905622038,-0.036465568982564776,
0.03562896511894516,0.07366686311401222,-0.020138892261698856,0.06792463288198786,0.08184518630871837,0.05250092421680941,-0.004411225171392429,0.060963951707061724,-0.10146340375154668,-0.02333906205647983,-0.020459898277552784,-0.07035870661508496,0.02775584147134823,0.14374959311543253,0.013065882041025809,
0.07349348863773396,-0.0026698791238649253,0.052066021004649625,-0.04472141084539764,0.07106328064709548,0.12181321982272066,0.022466813330645468,-0.12526758594317416,-0.040450587855533154,-0.0009861639315498405,-0.001184853032206446,-0.07745672874104464,0.053799134700301864,0.09500318774735604,0.11587302427204123,
0.0710691845475782,0.0012223471694017567,0.07471537736229569,0.0756362543002647,-0.06919167249293076,-0.08224588268223162,0.10460788876671347,-0.11172035857692413,-0.19092358820733613,0.019022956671396286,-0.02855198200926081,-0.03219116580902849,-0.15353733755786136,-0.07298484513926777,-0.1548884294622116,
0.06280550721219261,0.01074305063441799,0.1441687243536317,-0.06924654213559006,-0.004052357280715181,-0.12066220494112867,0.03127129962236487,0.017598907122233023,-0.10776574042293867,0.0018541883973188656,-0.00863626840962237,-0.05307512656898045,-0.05433824522532407,0.10684828798047057,-0.014091104418540655,
0.041508311481642156,0.058808536109904386,-0.061527898120892446,-0.1184993875177561,-0.07082263780259887,0.02401432091305797,0.06714803215794554,-0.058776539895883585,-0.10304163216493792,-0.05573693088744812,0.10510899574705326,-0.07678299868918381,-0.007512579361540187,-0.10259049564102786,0.056601486872717335,
0.04219891727721623,0.06302034527102375,-0.16049545082307953,0.017662591990841178,0.047432310606770695,-0.019751761279483734,0.01780841439037096,-0.12371795052452898,0.0517956823214431,-0.010606013962572679,0.09480244582762148,-0.06710111574603785,-0.05995104649935377,-0.0022352864466122467,0.06566666105133083,
0.07081058026746405,0.002791414674083428,-0.03881153880756252,-0.06875667342109203,0.07290640762535894,0.013645678794634833,0.0554923388883909,0.004479662326070141,0.029477536704336803,0.048863494229796564,0.09620611910045555,-0.07285310187560431,-0.026710102904602035,-0.10393627762859144,0.03705051026713128,
0.100473347485201,-0.05946247179246917,-0.03133056644043911,0.029633217778177748,0.10055146587126593,-0.03027244000132754,-0.0751662420058062,-0.016741223425535037,0.00622526426862257,0.025181723180219717,0.08896704732186018,-0.05229779821708359,-0.11886293780098219,0.0372880762904008,-0.014558088172524238,
0.05132844459207215,0.043376765523157806,0.05582990419353013,-0.06298071964583549,-0.10134541466194738,-0.02863597724552031,-0.030457669351098744,-0.03545626631079781,0.11169981973759219,-0.003779091032304002,-0.02007451353098886,-0.04913753622752771,-0.08113713970189676,-0.05757945365542945,0.018742860393514856,
0.014633868074399295,0.10914687146540102,-0.005824704375965511,0.018827756958004486,-0.05113311092763408,0.0528346389683684,0.016683228289494926,0.033091854230208814,0.17096672332231608,0.001406488450605463,-0.036904996805346965,-0.0424862537455748,-0.08897274360798592,0.03054118460055817,0.05343606218650754,
0.09579844155399866,-0.04796560751175063,-0.008384773847960224,-0.03132134611720303,-0.07562807056930981,-0.030811423860821884,0.028117154434457458,0.03824279911724476,0.026278109360233826,0.034979246315161465,-0.07815577587024623,-0.04375871084153801,-0.05276683550247638,-0.04131585583007751,0.04197620195326975,
0.07954007821762274,-0.02296385966434485,0.10203611896840131,0.010361650095732042,-0.04708681597045507,0.06832221423799376,-0.022595403262974607,0.020421605687085884,0.01021739996676061,-0.09121384239248694,0.04988756397876406,-0.06404054333904476,-0.027643451768816985,-0.03675108507833448,0.06721219589187977,
0.03582715765096039,0.06816482921959743,0.0693798082921641,0.040422994537735984,-0.11777512481680197,-0.045447639874910614,-0.10315852315333571,-0.12358178316648491,-0.03090726669192786,0.0860014036322027,-0.007229985806530175,-0.08416118751124238,0.09580708407868443,0.04373530750143617,-0.004414729416234889,
0.10184437541838501,-0.05645744082234712,-0.07050233466634015,0.05476266943058378,-0.027149984201444825,-0.043296607344262626,0.041316099537137524,-0.061195631741087844,0.12257062836356532,0.04308946272032526,-0.06663455101820712,-0.057903003490887235,0.008403739786189756,-0.07204627798808126,0.014354040176891077,
0.03514167228323374,0.06731716452537313,0.06131611378903676,-0.08531991088675103,0.085616541062165,-0.06402331192412009,0.035445077729976696,-0.09683130975726364,0.04244362810289373,0.13650015493706466,0.006765278867930713,-0.061322257571147815,-0.023785673787116914,-0.00693931978054247,-0.021079313290200647,
0.004418885297097381,0.13287996934391746,0.03072496935618497,0.016605499610301517,0.012865954713149422,0.0942878192275357,-0.15039931370786855,-0.13793018160397102,-0.04037988897484358,-0.04429896855516102,-0.0011008194452400027,-0.08248509937897652,0.07981255623367352,0.0018078886352187623,0.031914498773934985,
0.085951784208739,-0.02588131784071541,0.04399073829097898,0.03644969390500644,0.028620619379491747,-0.0417416034094057,-0.08154211246349777,0.008449360407498302,-0.005217021934667788,-0.00038070552791491047,-0.13232156658265562,-0.04131319088071931,-0.03940604487565411,0.00544526408521311,-0.06881119018726845,
0.01191656812739227,0.10643278931814595,0.12718541825217833,0.050748118892984195,-0.08243606850376878,-0.0016579835901643285,0.1399534381281913,-0.06331705278691074,-0.07764396812480806,-0.12934897629637687,0.09143739902738979,-0.07036006158077446,-0.02525404246977977,0.11609826315633937,0.03214503673244199,
0.004413771206644556,0.13391740560845752,-0.06044023371430642,0.06302668967434985,-0.009332993000789084,-0.013807529153735286,0.0028374512827892104,0.10924825938799014,-0.10712582281336169,0.07590562366456387,-0.0245452781745317,-0.058288589685748016,-0.023145788288736133,-0.09260849922523243,-0.005248616540385723,
0.08153062981262585,-0.02206629304918983,0.06903936743277919,-0.04589154963056788,-0.05640834662391456,0.020366469769715807,0.032049749482561826,-0.03744311501016389,-0.02117707221090616,0.016915715355523563,-0.0353342825839071,-0.05842260126267351,-0.007317678826405632,-0.07774944109920903,-0.09648441836829996,
0.047409236887743615,0.044051317487129746,0.13137991534955895,0.12587843755852748,0.1903136221344963,0.007491814313882207,0.07278672796595752,0.048094728332227395,0.02815392935022765,0.05261413437891742,-0.02153370946246708,-0.06918147227097891,0.03228943621722332,-0.06260647869250585,-0.07577635971249685,
0.05368756241383717,0.024159343005643694,0.14319793356890423,-0.04662297385262754,-0.018002471282744216,0.020154579127543877,0.03592498628068049,0.042305917291665454,0.0380349214269045,0.08421158385380259,-0.04866182813598121,-0.07212434683459391,0.08596372794895565,-0.15989834585568766,-0.016001730327088508,
0.05433175492383139,0.03303631362409759,0.11407648122091167,0.006564062026091611,0.007015000972628232,-0.0021333800635822795,0.04988378955730517,-0.03697243487135246,-0.02243657222926778,-0.07517262912896602,-0.0585752512383251,-0.03999975648343084,-0.09213147342743008,-0.09479999953744885,-0.06548405813536626,
0.05115760203231057,0.03982180863824109,0.03720732084706656,-0.019798212237137982,0.1506589843788854,0.03262078949634674,0.01041608094974436,0.084618559714745,-0.04893364498077991,0.0028822543256456813,0.040111788578957655,-0.10851860615358505,0.19218390233609645,-0.12298489947123496,-0.04598223177718422,
0.04134395647612914,0.059078099273723546,-0.00015499185176533222,-0.0173641507083903,-0.020849644641487034,0.012511495764558187,0.005404175834374901,-0.006532549127605233,0.0056502621923948445,0.020532972727029735,0.041679163910096864,-0.07361774631078384,0.010019791665490399,0.06549744530111443,-0.005119731653949324,
0.06889728429108036,0.005710046957200208,-0.007010156493734161,-0.044702420422923966,-0.030233599469508845,0.10572871757468924,-0.03944881092142755,0.011202699754076173,-0.05664289657196725,0.0544004726028705,0.04080679340718374,-0.058297523030827046,-0.06406614990178103,-0.06822347583137021,0.07202323728201607,
0.0656205899023707,0.010461408628066458,-0.1020688644693064,0.021844337206056007,0.09572357418845955,-0.06387406383276366,-0.018244257979458053,0.008169222030873583,0.005012296908177346,0.01897174147756136,-0.10338884670102332,-0.040763111430374255,-0.04586827391175586,0.03869734345207635,-0.1374457759869544,
0.032510480422103444,0.0699364869175011,0.03986110007601879,0.07516780647495186,0.12367621046624297,0.12338292064957779,0.008301309485245581,0.13773862241725454,0.02722472409774936,-0.011208597133119218,-0.023665894480107703,-0.06306289777967611,0.014294804207650367,0.05139596381610777,-0.06841676188023739,
0.006877860766707433,0.1253161616339224,-0.00030603292871484654,-0.016457649155573222,0.008780851340762001,0.1127591235945655,0.0016068182801096975,-0.010546655179111842,0.04750781795683828,-0.006144684704887708,-0.01870867279802386,-0.05101450450496094,-0.05976168740150862,-0.013641492273606105,0.014759919418785563,
0.013247723591536144,0.10502744899087722,0.08359055736459675,0.018143189640950217,-0.04425479545284977,-0.034619959386447186,-0.019359662625276712,0.012097482607276699,0.02792925947726643,0.022100908252772805,0.06619901634640135,-0.07188124525741109,-0.0019377769607019917,0.09393698157286759,-0.056242159623784,
0.09996967523227848,-0.053592267466876176,-0.02078322648664269,0.007418180185998202,-0.0002695100903346639,0.08451758397319857,0.03389846438532171,-0.09739515560317538,0.05643869004049307,-0.03814228401471164,0.02816452800555037,-0.08496428031240193,0.07726700657400853,0.06973654121514634,-0.05785488755329929,
0.05067033434352026,0.041421698032471664,-0.06091479098034324,0.10272378300015914,-0.11686083434216382,0.06594763418606286,0.031768837617468466,0.12576655814536247,-0.05195993733264704,0.16422643606154178,0.014435091320689805,-0.07100868382397885,0.016945666040925973,0.02874126905188953,0.03467421560680739,
0.05304727450118964,0.037735516071321556,0.049062184474527926,-0.09714484686491101,-0.020430585941800705,0.07904223540830038,-0.00035052134733476546,0.08115642495893913,-0.09006275301648427,0.08270270834567806,-0.15747117643182132,-0.06130527257487249,0.07855613225061342,0.0036428832306623178,-0.0013915240978856931,
0.054494884085309565,0.034822130082015804,0.029014680136278673,0.03569250361146312,-0.0863047158794747,-0.18912790152789888,-0.07930840431527855,0.012415607511680552,0.09917845647157456,0.00028506852779148736,0.033594811619044894,-0.08757518418472653,0.08597325265976265,-0.08651074364137112,-0.0656183327546759,
0.08187561907967561,-0.01653913345630741,-0.10601606577889063,0.04416434284669217,0.017089440567595888,-0.012486699018110883,0.006791761226529014,-0.03265214819457043,-0.03196871967891232,0.03191735875509348,-0.004993681919464419,-0.058904083939206854,-0.030432842567960288,-0.023630490339930005,0.005555688427222015,
0.0812584302848648,-0.016754388481228167,0.010443399140207867,0.11629505443456542,0.051305047402995595,-0.08169060829984351,-0.03558000534941773,0.05009943660370352,-0.09892044577903733,-0.1673558905556753,0.009335277288770651,-0.055864502972944076,-0.056616065956530175,-0.04053301455820494,0.0019329460659078717,
0.049339102853784886,0.04228459816004262,0.07249367334610783,-0.08467061905645064,0.08184400216830039,-0.1083901911625389,0.011188878026038197,0.05906523317088093,-0.1405778698867179,-0.04688204482465546,-0.05302086613901442,-0.03851658424252093,-0.10227529045993201,-0.006450483194900573,0.03478837339111005,
