98.50680878877306,50.76731088041692,2.3362112019941548,0.08891813194972788,-0.09748223623902824,-0.8527304513885781,-0.4284653426010094,-0.07483335759995015,0.5391308916744695,-0.20877109517042228,0.24071878704165708,-0.10216453589873947,0.3007525354544064,0.6133894292316392,-0.3677457668551832,-0.31909574407535074,-0.29037462909158496,0.8435773859906104,-0.04388842432169749,0.18039234420060957,0.22999048061627148,0.5191020539553759,0.21563271729791272,0.5091472149864082,-0.09853830692988792,0.06716875612760126,0.084800844439479,0.5770850573152565,0.2443549939447995,0.32695902805771015,0.03219723013975274,0.02475089886451578,-0.29553400295237353,0.26591436464701357,-0.11448640458052993,0.02868008926332652,0.07094179829701228,0.4451454087179041,0.427439430116489,-0.09197322691115262,0.0769123092312075,-0.37829756074344667,0.2680697147697536,0.2384212361466631,0.09596591910832138,0.17935122153650385,0.5421593171194666,0.32896829281126294,-0.26790311188393534,0.9375093502645316,0.14813416138713434,-0.6142207590060679,0.09931598310224789,0.35111256662822504,0.280897356635358,-0.41294342909307635,-0.09446733873527383,0.3027078517949076,0.47472313245053166,0.07632664942993596,0.15787985877770375,
51.110706590510205,25.738411412225734,1.117018544113489,0.11919051373301799,0.0011013057644720173,-0.32726805247442453,0.02617300149746318,-0.24966628180372674,-0.09220202639331392,0.24781990186478708,0.6576193408064228,0.3803506705270118,-0.22144140051894282,0.2460490585589062,-0.12949987118954565,0.320954439064458,0.08448558107293917,0.16109990072132357,0.18511590263039165,-0.2488518199809985,0.6430012886472554,-0.14611864071005795,0.20851521739786025,-0.060581228755748714,0.42862213795165105,0.2566106690089787,-0.16955019080342043,-0.4436559626221242,0.5029262275639623,0.6432246747080241,0.4031719427266258,0.02800551292946249,-0.6571722046788461,0.18361920091629585,-0.5959686904971888,-0.17007120680295984,0.1406151292541225,-0.5052301873079736,0.6499618593598137,-0.3770358129523368,0.11435267018686432,-0.7420045692062919,-0.24484507096904093,-0.24597145976126786,0.021089343968222783,0.19977622728298744,-0.017526980338479253,0.6812938098987799,-0.09695535476393147,0.5291299263732493,0.30577185388204386,0.11696496592276931,0.3824072698836817,-0.11573013118081237,0.04488955822837031,0.18084894137527452,0.3479748634856005,-0.1546942312537511,0.025064965549673027,0.0445251452809673,-0.1943695333404885,
0,4.948903821769413,0.7372811952285263,-0.3243955805409631,-0.15430158202116806,0.35317915351038526,-0.20476447335197595,-0.12377050590396466,-0.027418687468024738,0.2812920730251254,0.05360152021003229,0.306166803564952,0.058014733765941476,0.13999271602696847,-0.4652268549618622,-0.08824561774004994,-0.13604599832008293,0.36679960281496815,0.13852388174703667,0.26869708967330314,0.1852459132947804,-0.31676482244859816,0.13765901734394742,0.2287599857810136,0.14002900226223292,-0.015223679812295575,0.2832921285171979,0.049191924315037244,0.16593255736584642,-0.6123155985987507,0.41693656503404786,-0.07316146567558804,-0.2268964844567823,0.0018208412206676583,0.20358995809542535,0.25724184570652125,-0.11976994688387477,0.2476802934391665,-0.24410378112774325,-0.2635141170055935,-0.24855457441668205,0.10330732204307369,-0.013969662527830546,0.36877096232643347,0.005668191308167441,0.23759845393619392,0.10548026292424685,-0.406246369424197,0.07070180201895818,0.29891045114554415,-0.27937750201065464,-0.1206919029595815,-0.13159128064637682,-0.6958895031503968,0.08845956565347698,-0.29926144862678644,0.019325153046645345,-0.28928437711012445,0.23595490403517042,-0.26555450586468576,-0.2927864317952544,
0,0,4.3166072769461294,0.6551858200996709,0.1766813944342289,0.24984303928084867,-0.8181181976698005,-0.005683007578462872,0.05968406176678811,0.07321854029267344,0.7939981267256973,0.3237709626547188,0.21712434933261873,0.9566051169936146,0.3432301776800447,-0.037234187914864554,-0.23858081163898498,-0.04696482176676556,-0.31623246441134134,0.02559588051733316,0.11640607304392846,0.056625007987459494,0.46811697800646673,0.10721947657189901,0.009592247788294641,-0.3672918861117024,0.4764317456945269,0.18178045204060375,-0.1430666109786067,-0.5825535252657997,0.3027154402135734,0.33483749595387563,0.20026471921984376,-0.3978823217884805,0.08536717569013688,0.22169304152526045,-0.056256848108818064,-0.17128197994288316,-0.011891478769572103,-0.12830607109883896,0.060097977459418014,0.11174974385970071,0.15608305469674624,0.40296614893248356,0.22951638748709477,-0.05823502647139542,-0.12562462024435408,0.4422846717324557,-0.02702204710727684,-0.11552225780359943,0.4359161032991153,-0.1294913421938738,0.1821016531148842,0.14249844560675629,-0.16708590936148357,-0.2797385171064747,-0.017886511550798068,-0.03113107726063979,0.12159468370056334,0.02070689047866966,-0.3189817380330039,
0,0,0,4.629998976893907,-0.11230980887484147,0.17989397218122669,0.14986988720837868,0.17322219454917148,0.30427030026962126,0.6995368376842804,0.07742700231128015,0.9723576813425033,-0.7861839482531282,0.17831238107676758,-0.05126995406322363,0.6677594793172053,-0.17030264888008323,-0.052630491804073185,-0.4599782666180935,0.03202740637969651,-0.22443207907843193,0.545714238682007,0.35618495712286263,-0.11566660286316682,0.09948351217330943,0.29559122408121435,0.18398084109841153,0.2661229250419036,0.2839414109552631,0.2315187595136216,0.26508142777271354,0.08405497397000089,-0.23990422891119298,-0.0688691262486568,-0.21818776382054364,-0.07229870685072357,-0.09371927770602187,0.4092511581509819,0.18826136112742192,0.27551058797657624,-0.22826006915249625,-0.12635840592393777,-0.28745325503523056,-0.14721084731065293,-0.03704697968026609,-0.16082024578458068,0.36871355014724017,0.34983303066909033,-0.20357339156606544,0.14700414868193282,-0.2052658038379956,0.6381652503436314,-0.4971697691544918,0.049191293088273344,-0.0719187687274156,-0.38892065030854317,0.05552013737202315,0.18948059490746924,0.13261107011169912,-0.2916292248331659,0.2793415126499666,
0,0,0,0,4.534748318692083,0.1378318768784593,0.5225159072297539,-0.23150942679663203,0.04553742977119361,-0.23941074543447619,0.08421181787402099,-0.012844083978383276,0.3123821867680084,-0.36337368680439514,-0.10014379832515437,-0.12729669274442623,0.004906050666432349,0.30436347146193987,-0.44693956069168667,0.0030694799404824107,-0.2845249658170023,0.12054854986639366,-0.13679366763431522,0.20212770923100212,-0.3832467434614738,-0.06248796317417994,0.19944168648565633,0.22379625003533837,-0.23843321303139975,0.0248823501336485,-0.33931425506729496,-0.08701280769876876,-0.009404521651315792,0.06660932623921938,-0.2632666187563932,-0.15803233754223525,-0.09658002034850954,0.22085479077915532,-0.501332053006942,0.6279361651196887,0.12314772550513822,0.11608205086074533,-0.3769009474311923,0.09696104276387835,-0.03690491325516043,-0.1773745332307549,-0.06126391868045585,-0.048284214152130654,0.37309172095483767,0.46674738974969376,-0.37717594721558,-0.05232824178972592,-0.20119434547234585,0.06371128006589824,-0.2166519097029244,-0.2590584724420582,-0.17635000363855702,-0.46800813116993345,0.17782714574250627,0.030737787250082603,-0.06027513284245565,
0,0,0,0,0,4.662676922604358,-0.016331555154681033,0.06908922027858522,-0.19757701214070006,-0.444515300432575,0.41749413961504755,0.2519238912958795,0.22727498951639477,0.08941031331081145,0.12323239778519243,0.780833353765038,-0.5195645793546676,-0.1453301010701332,-0.0269944746606288,-0.011808836865072926,0.12969051675295087,0.08959291958046228,-0.10966339954934437,0.5109544025705227,-0.09234648517685257,0.6723081276855563,-0.4749397395944592,0.3777939161517286,-0.17533681272485663,0.193370706976627,0.1745138137386596,0.3026606703223376,-0.6790161431766583,-0.34847335677743235,-0.16789002239233905,0.6809968045020681,0.26838766399252206,0.021038940933936247,0.20263485363186426,0.2760363346276366,0.14794147305024213,-0.8316159087333788,-0.07537536993356013,-0.14149304795365614,0.08899826295658947,-0.2112271933107481,-0.1389499459863798,-0.14950060256087702,-0.019470125135697642,-0.2558228131948501,-0.24617970934902375,-0.30387286559396276,-0.18330220480369225,-0.11170717999648527,0.019014820863837614,0.021354908104498943,-0.16580906143381463,-0.30040397324476686,-0.5592662644253745,-0.19918579896792502,0.11062213122719776,
0,0,0,0,0,0,4.369084224542499,-0.04030023598225871,0.022795428953509594,-0.14593398999584867,0.15363329966531822,0.0963282580726313,-0.7279357238803299,0.5553055152650886,0.14884434008862923,0.0543560352804628,0.043340727860743646,0.0049109722274727555,0.4914902860874552,-0.40761645835763993,0.7184047200520159,0.15623731453059347,-0.11757254302085182,-0.3415891612559608,-0.08553258751643503,0.2044241322202661,-0.13195786502869888,0.2949767972140685,-0.3091796563608415,0.027789730403919535,0.30485067148281547,-0.1419346601287128,-0.2990683147385536,0.11923418292887118,-0.06774320606531081,-0.09033479840458435,-0.1253744500346264,0.02273738377741303,0.29883125510031383,0.36776423101925687,-0.03133359286463367,-0.48124863129789086,-0.386425102030048,-0.4419729324504466,0.13357451607092244,-0.5417012074713037,-0.2506437659365745,-0.19018902431761664,-0.21731409549899805,-0.27987184165297274,0.29871616974786663,0.3394459028723458,-0.03319255960943173,-0.15539464002179423,0.4711266376126985,-0.2853356632982317,-0.03633803284398799,-0.13401300106757294,0.11447866321327418,0.013311615430432685,0.20065392084379619,
0,0,0,0,0,0,0,4.307153592465693,-0.044096831248892555,-0.0837803066462195,-0.28447839658942176,0.36686246631885483,0.2608390881560587,0.0807998347783026,-0.48566540056588675,-0.0910504013742269,-0.01037736560158561,0.18803885402548104,0.39516207791661223,0.07888203518442989,0.32906633603588514,-0.06982109135223943,0.30123763406612425,0.10156918265930491,-0.07950124903170225,0.269134021557847,-0.09537517769188238,0.12088593582905241,-0.22778054305508047,-0.6357258634556695,0.34690693930939387,0.201684354123231,0.28827445411441016,-0.4981894801148683,0.06995625663638973,-0.31313493543459064,0.28211886397129965,0.0644370866632754,-0.20508603091287286,-0.09579728987091696,0.024833651995665125,-0.04533254839292673,-0.3005497790339476,0.022148137723500307,-0.06292244980597272,-0.12992658209879512,0.16762575158156215,0.0026272549823827414,0.44805266214691286,0.10069115745212891,-0.19929640371501536,0.09062921452195148,0.5574760790551001,0.23477860527806593,0.012448658416620857,-0.4847199724622481,0.12791713242813504,-0.283049632818524,-0.13907839350774936,0.04718376851419106,0.43043098606370767,
0,0,0,0,0,0,0,0,4.388067981521775,0.022362396426070855,0.35196586009455,0.22110508686643104,-0.3451549242534076,0.12798586675635418,-0.0896061912684583,-0.06195808715087135,-0.12755176990898376,0.5851503617865548,0.4076850249378997,0.08299173918854287,0.4289043280546637,-0.02157170363963136,0.08449795751063237,-0.5347277240558463,-0.15495928804078626,-0.014444038611069234,-0.25562134528667846,-0.06317920368872612,0.15255951796781614,-0.09421962760490116,-0.020937728082895245,-0.0285429391757461,0.05371480913516908,0.5623494345375717,-0.13928103641910214,0.09122111446872662,-0.21709207354597254,0.33533390907998606,-0.2322925769954486,0.20709309197960044,-0.1969710341528361,0.11801532628262622,0.12154811224774881,-0.3043801766361259,-0.08447123317998818,-0.5925731504125159,0.15665841032565636,0.6419155218602298,-0.17520096193832624,0.537331035937998,-0.15521912222062392,0.2583962208870088,-0.08035124946645,-0.2782455087167449,0.4461522645523978,-0.06630360398112937,0.013291017533275355,-0.36951473203677926,0.21112357163296275,-0.11765603403691552,-0.3323077106614196,
0,0,0,0,0,0,0,0,0,4.457777998513983,0.2904207898615347,0.17344653841688015,0.08009852500623563,0.6361187805201471,-0.26913159197183767,-0.5684350990220405,0.1141681314391661,-0.005116558835746156,-0.2731095210290842,-0.07656685904982813,-0.09892052589621797,0.1608072086411317,-0.0072494624461868105,0.11487299246123288,0.4856522708891207,0.04321022762423427,0.14368714256175452,0.4372063216598454,0.2847382600477537,0.07692194499758608,-0.14930887786295624,0.2367776826197428,0.2437794583591996,-0.2818051530269981,-0.15819421461111058,-0.014126682619934524,-0.14835895771064414,0.3761561059812105,0.18852665548746583,-0.014164537666309849,-0.10332814390233495,-0.044989826249569535,-0.06628526781365399,0.2825103846175965,0.026476827847683033,-0.34282845924970556,-0.23993174718934762,0.20021384928639577,-0.37722658219078126,0.08585458396940485,-0.03841279006532513,0.14689453313818118,-0.03399180839138522,0.11423177565184624,0.05658314432364204,0.19721470407223277,-0.11319494546397955,-0.2034558231908162,0.38176156708100334,-0.1513163772854235,0.08852814252191864,
0,0,0,0,0,0,0,0,0,0,4.253448257208691,0.04847496194314027,0.2925575546436945,0.34357851845616405,0.6075421274220214,-0.6172888867552961,-0.05763250089394326,-0.06976700352532333,0.09198743816922965,-0.34933890873489015,-0.2892478937615007,0.13231475966177178,-0.22906190809287555,-0.33312097172174654,-0.24061807912816394,0.3070707506805205,-0.03652167689293584,0.05360902482410271,0.20782830508730032,0.5677645657135915,-0.33686058116291784,0.1058503138504627,-0.03765144989546011,0.5457374840867337,0.19417804130965494,0.03730952045866544,0.09773567974219913,0.2849711153486649,-0.0695983643208324,-0.12275102669681429,0.05085050886769726,-0.3928032044052558,-0.16771099318709964,-0.05914230675370735,-0.10832026561476021,-0.18960941808755064,-0.005352278211220568,0.12298268605472684,-0.4849628992584114,0.23726606966567043,0.33725437926458124,0.08633519312229992,-0.11576720457397686,0.13766197528594312,0.06516644016317029,0.5794358745376175,0.29870691747911154,0.1327455000729478,-0.5048491458015641,-0.2292667081938562,0.2850601699177666,
0,0,0,0,0,0,0,0,0,0,0,4.148153995588089,0.16061480995091376,-0.11672066641381149,0.3496559246325427,-0.0864003498390175,0.0019546700116443534,0.061368145121056095,0.197233955794174,-0.11908647986118853,0.4089677384792782,0.35140877053511743,0.5473171278828555,-0.2781548917076438,-0.166465113642242,-0.4840155931658554,0.20544728845074625,0.19440645348316604,-0.338368577798214,0.2237983353321144,-0.12899697993871476,-0.04857064120291159,-0.1594072912408674,0.16381028001237083,0.24772545440049876,-0.6184927247849852,0.03659713660217656,-0.06059794237638118,-0.03943145343219616,0.10132240869920124,-0.7111517785575675,-0.1333167743152132,0.2455072500965344,0.23223320492860214,0.1284020354224824,-0.03238807917427247,-0.1725286823546271,-0.19041410049119575,0.046277357181055204,-0.09200266530208044,0.10545482171773655,-0.019699423829768095,0.05832839781711404,-0.018085976936326676,-0.13183444938575478,-0.05420929064376349,0.19146316707092711,0.28228899604530183,0.2589876367735111,-0.4124596251906662,0.06206171309406001,
0,0,0,0,0,0,0,0,0,0,0,0,4.361890791836306,0.11730517972963617,0.45452862945777106,0.2649353237090651,0.5065034466806176,0.05346817228680255,-0.03496663789254019,0.15954002752114516,-0.1991067224988698,-0.41768740135466126,0.2466483050478948,0.5025375886998047,-0.09384304241331938,-0.5341700154303802,0.45161503900449457,0.04708272437442032,0.011724235362538223,-0.1973928598196081,-0.00791884013078763,0.17336139288864005,0.43532814022611727,-0.016478799431942918,0.09657996599307546,0.11424380521878079,0.633369143405184,-0.0044120295316981495,-0.32312307049205535,-0.10084756056517387,-0.07490742805427983,0.23973417813778367,0.05703881210015822,0.1993207744472103,0.18547846789630368,-0.008231693296859095,-0.2721241684143345,0.03308749101562662,0.14302166382138867,0.20223097162138223,-0.01083877844094356,-0.13539909754289195,-0.20546795160354117,0.08774004421054311,0.2578277187821705,0.12070353248082803,0.44494503343962927,0.6681272683266241,0.08052009388184228,-0.007306312695530337,0.07327765049143592,
0,0,0,0,0,0,0,0,0,0,0,0,0,4.713519096410976,0.1659802583164196,-0.23453638508231908,0.33343917576318227,-0.30124176546954856,0.044575900543047914,0.6144721587765095,-0.24547549974006627,0.21225921233984274,-0.39512819763911383,-0.1553090747947654,-0.11876158886393395,-0.6808803431579669,-0.14703465222509987,0.32731638809053587,-0.09974299877731962,-0.04114810611097194,-0.12340013265967624,-0.2178754194190277,0.34959755486097643,-0.5803627791365655,0.03806115109867647,0.5016252115431757,0.09391384906422486,0.07615652138535352,-0.40418982946113213,-0.03839453535206721,0.3354121556031849,-0.5984086224837113,0.7245782205134679,0.1893846929943933,0.23199732179929522,-0.12313174976480407,0.3435224476866906,0.02695602288306313,-0.07358476966534085,-1.0110261693915548,0.17328758340625092,0.1445592875224403,0.22632625934272338,-0.1599993775433905,0.12961501050110327,-0.25476978360616875,0.08899717594812168,-0.2640863027827154,0.13932905652293723,0.15398165919612022,-0.399440185448598,
0,0,0,0,0,0,0,0,0,0,0,0,0,0,4.100520752039611,-0.021534853597760157,-0.39619301385508005,0.12468078376716153,-0.005733982322715119,0.34150088756960767,-0.03994805411560688,0.12093142840008964,0.02793998574295416,0.3582269405410153,-0.07972643716693541,-0.21934957224530602,0.19508946757191453,0.3545376981020385,-0.2449558071037452,0.3968781987182843,-0.17325116906647733,0.3317957904352644,-0.29504113821592876,0.3627421476323732,-0.05068884311024783,-0.03977641771539805,0.21896481368690066,-0.2526715434833911,0.05415488988346372,-0.2662576105043015,-0.20982534256425778,-0.35407194629092753,-0.05191593187944957,-0.19352201932572577,-0.2172126891496522,-0.1083865605157509,-0.05862864480505396,0.16884510282824236,0.016260268915887083,-0.6635781236128858,-0.21864448552482751,-0.11889627360799943,0.5872904130633152,0.16217212576058604,-0.32854058198696723,0.45297797622108316,0.32445852780223655,0.010739592030923364,-0.42480366805344055,0.18770538258945016,0.16416560156803994,
0,0,0,0,0,0,0,0,0,0,0,0,0,0,0,4.26486252423876,-0.10213977163046421,-0.14918329195868357,-0.02772701423889111,0.643536254625438,-0.4435805160752739,0.035994513040669834,0.34293432536057056,0.4562887457912927,-0.016393928837258237,0.027019333146499354,0.11042384084230843,-0.07194400601765055,-0.16410551211027286,-0.038949201501763085,0.22481738108955415,-0.05223315196670132,-0.3288685391252302,0.052926018468549337,0.2614614846251419,0.16719071223392373,0.03275437661017382,-0.22089769454373123,-0.42476031375639783,-0.3886521652881888,-0.05861219938892841,0.18252215340154274,-0.3121755314262441,-0.25819894586075914,0.2581625794414566,-0.1916579657385073,0.0016978188200735803,0.20259748374714773,0.8350705977800885,-0.0075310048303944225,0.4252437619599893,0.023528711046973894,0.07897068091870944,0.20354213764612328,-0.03190547897655866,-0.44564131176960287,-0.03787309133139477,-0.02644256737783101,-0.051993795867915436,-0.6587372470352494,-0.059011629111490556,
0,0,0,0,0,0,0,0,0,0,0,0,0,0,0,0,4.542804570322759,0.5667361341826844,0.03132768354971373,-0.19314663765176515,0.2432126505335385,-0.14344353001096247,-0.1445141432750432,0.2970103028114321,-0.1997801289225219,-0.12493896373313156,-0.06883568807618584,-0.032312367171832064,0.09259227887301501,-0.3019931957936567,-0.0306110963428786,0.1399166304986901,0.39514788141908636,-0.3187618125759218,0.5364587283212845,-0.13439685349908242,0.04414177819863382,0.13114597833900007,-0.07455095674066559,0.2608672015024199,0.6060418440871493,-0.04089346463624216,-0.015139203227790193,0.3763757725430988,0.22360837854034077,0.4663690417707495,-0.00847124448657195,0.24008861784760413,0.6912473590665397,-0.3604355978475869,-0.2148014626121156,-0.3107132680378644,-0.10949964030198157,-0.13997762740718736,-0.3734419592091898,-0.3478387491010827,-0.15683982756617956,0.034597327790565964,0.49858871310475467,0.24586113824116845,-0.07782022052369732,
0,0,0,0,0,0,0,0,0,0,0,0,0,0,0,0,0,4.8416454025770514,-0.49777910166837336,-0.6373789038493105,0.05009573927191241,0.26548751132890164,-0.24848779128555554,0.3112164741416409,-0.02550468088528248,0.47281249035067446,0.39418027080476314,0.5653388512328711,-0.3844823104579959,0.00046483736800870257,0.1560541242190893,-0.20611579739796845,0.3277085437716409,0.1681534656114604,-0.03768237187536159,0.2326142818035624,0.20159924677062702,0.13724233784241358,-0.4379808131534,-0.2489475739181436,0.3876042549504387,-0.28856923510559307,0.02070844883451018,0.21894977174043373,-0.023416129378903684,0.29333395477166435,-0.10111372089522778,-0.3218756734742365,-0.01458621877573379,0.234402725867008,0.01887568052979612,0.916863522852706,0.644493123812173,0.019592689589479427,-0.02682838044100576,0.16395021638809404,0.26262385857131426,-0.26234201200522483,0.13051476337133294,0.3965675076530734,0.36632771978283624,
0,0,0,0,0,0,0,0,0,0,0,0,0,0,0,0,0,0,4.581965192126387,0.013633744953329774,0.18181504464631118,-0.0628654512473374,-0.1396406370314401,0.2558157510523004,0.10463310448528904,-0.5156040538525329,0.6990002260380442,0.3014667207942333,-0.0046341935710426056,-0.11796700633525907,-0.17472187912064222,-0.4913043461202839,0.12851439994408398,0.04296513910335747,0.057856692595211645,0.05623909083449291,-0.3359289976090165,0.2620207006802241,0.219423433426635,-0.019298703921027546,0.007136714632034814,-0.20714896658585313,-0.004506278731767907,-0.6211138028561598,0.3222744464066009,0.3505825605095669,-0.051618004742177225,-0.10174246967373937,0.15798996107739638,0.23162520610977103,0.18989852052510792,-0.017766618781608012,0.09830666064362113,-0.5729100331443893,-0.03900234753994695,0.1273639353350823,0.29414678887755946,0.08600090445796216,0.23395212627150555,-0.0646385693729124,-0.1779877173965831,
0,0,0,0,0,0,0,0,0,0,0,0,0,0,0,0,0,0,0,4.246312501665793,0.694338159095543,-0.026653747825170146,0.21970565352523352,-0.07015049213550362,-0.18305203845194173,-0.05783987978892528,-0.20217899342019446,0.4081208959252558,0.05633122146983139,-0.2577832956016902,-0.09659128692694764,-0.5820942571712272,0.004174621269440338,-0.023993954858004242,-0.5822867305909945,-0.2767068828299873,0.08168888303996268,-0.3495444602246356,0.19003998692566698,-0.0570024785577687,0.2210445078727022,-0.010134003077066932,-0.1605761085191645,-0.18039911984458015,-0.29650560844560403,0.435970047450117,0.255895202840017,0.33996412947723464,-0.11659238800121824,0.22688413309832786,0.13447550855109158,-0.38929870617950135,0.23692400050278467,-0.2240663944859933,-0.4947629939736541,0.2318099378897599,-0.06593602858067639,0.20574278329131104,-0.4006634474993847,0.5443597272536765,0.3873254103506513,
0,0,0,0,0,0,0,0,0,0,0,0,0,0,0,0,0,0,0,0,4.281035590083803,0.18996754892251297,0.05377593424101336,-0.20748741273109594,0.22733303009991412,0.18804591784777225,-0.38858812477784,-0.03566662178458607,-0.3075558176247341,-0.3728100247907003,-0.10496554453749227,-0.25413434036147653,0.1974697592719935,-0.3243277965201063,0.43133664978255903,-0.23911534621556169,-0.1593127088214826,0.1590003691583328,-0.36564836245657234,-0.14668299055935205,0.21761243501983366,-0.45395571774064863,-0.3036254814037648,0.43066785766221277,0.06531082808601235,-0.09694120864307655,-0.2862076551256076,-0.10992979615805976,-0.041540324896289955,0.11361147978709667,0.1003231262555655,0.28725578343529584,-0.4630798922785664,-0.03374124560987687,0.3334147240080897,0.01389879706905987,-0.24456438487888427,-0.05501286319074507,0.12247931020488351,0.190850238824394,-0.09098009493748244,
0,0,0,0,0,0,0,0,0,0,0,0,0,0,0,0,0,0,0,0,0,4.74689027246283,-0.3143002130001115,-0.05151960872597507,-0.6290720501868474,0.5276725583989266,-0.038116276101610565,0.5281352707578222,-0.361951511192327,-0.18432095237224908,0.10497738687250545,-0.47150052377957385,0.32492989570915765,0.1312414166721667,0.3228245069630281,-0.13560886987600215,0.3040309609748525,0.3143793255381455,0.037728781133391856,0.13873585070840483,-0.18129104549411737,-0.5716890449710285,-0.10604405648887522,0.42251982586779124,0.34920166426560484,-0.16383219744609298,-0.07120825384326131,0.3992341510135897,-0.6696837855335543,-0.39848994668537063,0.19931215985383852,0.33230566587760185,-0.18663188427911928,-0.026135729862651228,-0.7521882127156551,0.08879212900849305,0.5305587114462799,-0.7220917509063451,-0.271769446259656,0.27727231811111513,-0.5682072582080464,
0,0,0,0,0,0,0,0,0,0,0,0,0,0,0,0,0,0,0,0,0,0,4.393463540873581,0.2986506098111098,0.011746469570675759,-0.21954527278101565,-0.3382835123460549,-0.029555633508407002,-0.36056610771574965,-0.2943076206167244,0.731598853161601,0.06796692010617582,-0.5013873271659974,0.14052940892796903,0.09126520712239841,-0.107902095230266,-0.3941382204946397,0.062286409886091375,0.04931759580104383,-0.25321805223349453,-0.3322875987807854,0.3354678596456133,-0.03158673216721361,-0.006105558253823824,-0.366619109787228,0.016093219971033357,-0.1649067020436052,0.3447704160194219,0.01141335048680867,-0.05117963813831643,0.006160859173791587,0.04031769996345827,0.17788877674683135,-0.22663752369708431,0.09564119744218076,-0.5813670850435555,-0.2077604850858837,0.10985398746156877,0.14553209693314637,0.5280545604659871,-0.19642427922150074,
0,0,0,0,0,0,0,0,0,0,0,0,0,0,0,0,0,0,0,0,0,0,0,4.2572055176148265,-0.25315988221803143,0.022813282120205232,0.4384025022188368,0.10992419206694018,0.388012278576718,-0.4710606815822752,-0.17362330251762909,-0.067026901071375,0.06471725498373124,-0.051631521778720206,-0.21098768979370203,0.025806744484456086,-0.1155141645475525,0.05988254449771253,0.27145028128500237,-0.27423110149221747,0.45127694510555144,-0.15249726328057983,0.07299220213587417,-0.05829492355537653,-0.2913932356229665,-0.21335308877155867,0.19934272105740458,0.41066576062875443,0.5402501005329089,0.29929663472585155,0.08876889636691024,-0.3398338091287178,0.3258672281344911,-0.09975097661314843,-0.10272645108342032,-0.34319623389036436,0.06910200631310405,-0.11430701668438246,-0.2044505214852791,-0.3537546517100924,-0.24308178298190658,
0,0,0,0,0,0,0,0,0,0,0,0,0,0,0,0,0,0,0,0,0,0,0,0,4.231115237197424,-0.2939337779173258,-0.3857008236618482,-0.06524978133711937,-0.021402155957540494,-0.022067993416816353,-0.13434679130596305,-0.09969565366289065,0.1709741035434433,-0.010363669170427163,-0.37708025698730147,0.10242163044163026,0.2359206179720929,0.023490663577197972,0.6136533142635509,0.19371026627965898,0.23070506086218245,-0.22948149095552728,0.42813958782912875,0.04934353642920927,-0.3216349438147898,-0.3758098511965179,-0.5141781681858903,0.6183850102121022,0.4974172700668569,0.2800968370257527,0.1800428166539448,-0.17968527773357712,-0.08316443599117945,0.3140172145281339,0.133481704654391,-0.0502293385730375,0.007007474398208516,-0.47224096151943756,0.30415518602606734,-0.02997053502602561,-0.802039609047025,
0,0,0,0,0,0,0,0,0,0,0,0,0,0,0,0,0,0,0,0,0,0,0,0,0,4.392421029037139,0.23946759821936928,-0.09635760140505652,0.3049881953232275,0.734466242458245,-0.2917883190939004,0.01706753672276337,-0.03465535912634599,0.6012028805619785,-0.061411958114973644,0.04898157199138027,-0.1641156425749645,0.3835963328005309,0.21736383377223856,0.020637713934965725,-0.3818432609381102,0.1439705642390585,0.4674440260371809,-0.01823875201149976,-0.5537140165739937,-0.7539549621175449,-0.021878833987240134,-0.48301778174747656,0.36860191746731974,0.12722555745640604,-0.07349242642593594,-0.05592732948892021,-0.5722212289261098,-0.8838628057965862,-0.2897247952595053,0.2819474712163323,0.4181800868908321,-0.6288750036617343,-0.06533681220647866,0.2667273454972241,0.19951514523541247,
0,0,0,0,0,0,0,0,0,0,0,0,0,0,0,0,0,0,0,0,0,0,0,0,0,0,4.621283256114894,0.05794149674955737,0.023823240016330446,-0.3336432395009212,0.187022032501884,-0.1207968200247084,0.15550095533588834,0.03070125143154422,-0.16312904983735466,-0.24143442653632438,-0.2749514641111281,0.24267406214638507,0.1707786675046251,0.10113222888991484,0.020608709578769424,-0.38206026448709085,0.06306383230434054,-0.029161254544344924,-0.12510727416592626,-0.03807260118641327,-0.4709668686982263,-0.36757323880466936,0.1767028439831609,-0.28016791474621516,-0.29902806378280655,0.2552534252662175,-0.4610907010670812,0.019550337234406343,0.07655287543208136,-0.24822792648707667,0.10816599087699418,0.3801797417807508,0.07270190058673508,0.4652685333215036,0.19129764923868672,
0,0,0,0,0,0,0,0,0,0,0,0,0,0,0,0,0,0,0,0,0,0,0,0,0,0,0,4.041296478775658,-0.20596699167338034,-0.44962235784949667,0.3603307617724857,-0.24509231130309284,0.16063726720544647,0.12807399280852566,0.06242030757846079,-0.003923682731262517,0.20722958000387118,-0.1087622610127968,-0.035907281684616314,-0.5047556407509715,-0.3305180104820635,-0.13234110665801158,-0.043573639014622814,0.20708059038056648,0.24965268629462523,-0.23041743717701177,-0.21243607281207455,0.09626501860232985,-0.5666365506527457,-0.4863652301674248,0.10667426479761875,-0.10468059614764244,0.04618977129665473,0.04124624552309434,0.010638496061017194,0.2697085801099886,0.09951386528346141,0.5676019673170911,-0.48863160793019517,0.012936951604009456,-0.0962786822295501,
0,0,0,0,0,0,0,0,0,0,0,0,0,0,0,0,0,0,0,0,0,0,0,0,0,0,0,0,4.34034443513031,0.18119886636830473,-0.46217966639788405,0.3526852362930516,-0.21689567890184994,-0.1371433225196063,-0.3118227415745664,0.46884227116471583,0.32632604459919323,-0.30480644473599894,0.5083068301211029,0.25758417913874143,-0.1123200102577313,0.35324223398217697,-0.031811812585846345,0.561580630064733,0.12352501143112297,0.3984662103180067,-0.12562981910975665,-0.1396314841242029,0.5095793214687709,-0.07656633059695492,0.040879354727310274,0.08135771790893975,-0.5845861085994001,-0.26196942098527465,0.00026212034997578643,-0.13233526302697035,-0.3371671288943754,0.21908773858141323,0.22794507540543232,-0.3128746721031003,0.09177568521158781,
0,0,0,0,0,0,0,0,0,0,0,0,0,0,0,0,0,0,0,0,0,0,0,0,0,0,0,0,0,4.331624839907092,0.3291560993154951,0.40624750765673656,0.33687118020058865,-0.2096740105833298,0.3025929021477658,0.10895941290189162,0.16463243739763833,0.24722769614416298,-0.15307011161196,-0.5460740481181867,0.0020091332927513906,-0.5183655153152446,-0.14522918350900474,-0.14847727980066416,0.13518268296735547,0.26600753773804947,-0.3858299551564563,-0.681760497694871,-0.22714446530862487,0.36823646669187665,-0.02171476717532387,0.27309893818960185,0.24006383149280625,0.02120287191582201,0.38415428638824944,0.21002003052159532,0.19523787605489581,0.02525679424365212,0.20387611836159872,0.41839031328556947,-0.267701142663562,
0,0,0,0,0,0,0,0,0,0,0,0,0,0,0,0,0,0,0,0,0,0,0,0,0,0,0,0,0,0,4.167310928261136,0.19283953600771625,0.29568201705706554,0.07124054026558078,0.27694911030973535,-0.24297308674105986,-0.2646229503326942,0.05058170543965445,-0.2499760777156554,-0.24168727697076292,-0.161058588624458,-0.06002858241517234,0.29514271963610067,-0.3864175187200056,-0.19083945968175475,0.37931204022278187,0.5323044442042425,-0.6064012963650681,0.36020692152920114,-0.32333689857214726,-0.3514951937822674,-0.22721314549635813,0.1092491850428688,-0.0017828739007441602,-0.21968641716904033,-0.5042820401903896,0.04997143711539376,0.221014356160714,-0.01954355639698254,0.2268955685698708,-0.07154027981188055,
0,0,0,0,0,0,0,0,0,0,0,0,0,0,0,0,0,0,0,0,0,0,0,0,0,0,0,0,0,0,0,4.364698463007974,-0.2770696049017963,-0.4603851043805724,-0.2765431718206584,0.03178148422278622,0.10675578149750455,-0.033978026931971446,0.07694519485998469,-0.19339975463137848,0.32530396325494493,-0.8771067246264908,-0.21666313513801877,0.7108077486173519,0.05387973250036158,-0.16622541449227604,0.31887257155189447,-0.24119567109945503,0.2520148579100849,-0.0825607301413669,-0.07715882266875639,-0.3494810599685986,0.17529236989659397,0.2687015800673532,-0.05412091136380644,-0.12228308372409294,-0.47624570150513207,0.0605729291013599,0.25063475774700644,-0.3988986130641223,-0.1592100865482965,
0,0,0,0,0,0,0,0,0,0,0,0,0,0,0,0,0,0,0,0,0,0,0,0,0,0,0,0,0,0,0,0,3.980069552142591,0.13312188575711142,0.2925829590180413,-0.08935301882926287,0.11967735358758874,-0.008258656180814382,-0.044342953114465906,0.32957206584754023,-0.5936676570850392,0.25523779472633523,0.16711636212224878,-0.17343682297857627,0.3937318559892401,-0.01073221402742465,-0.12273677278803741,0.12545786205781834,0.0438604417904918,-0.16404106995142334,0.1937796303373396,-0.0914491463235948,-0.4949967440178084,-0.25640526795084634,-0.041397773759457995,0.3406398749126045,-0.025166180960341795,0.20937288963803102,0.14974117445874835,0.040695054796257374,-0.3679829984783728,
0,0,0,0,0,0,0,0,0,0,0,0,0,0,0,0,0,0,0,0,0,0,0,0,0,0,0,0,0,0,0,0,0,4.251637893669802,-0.3498759827062136,0.15710407677551488,-0.12956495523760292,0.17464036597843172,0.025354555983303873,-0.08793733880740423,0.2999311485353073,-0.051305622835571225,0.20724835612466508,0.12080830665198439,-0.3833942016983616,0.07031753924850699,-0.19193136714618295,0.11571484357021589,-0.03349927326402131,-0.4838548403692668,0.13975233292076056,0.2025563264585284,-0.31424110822416673,0.32256475591268147,-0.5131777042428778,0.13277109063884449,0.064467234875139,0.22003480430682887,-0.02942747348105299,-0.2604351659438994,0.09265992829819161,
0,0,0,0,0,0,0,0,0,0,0,0,0,0,0,0,0,0,0,0,0,0,0,0,0,0,0,0,0,0,0,0,0,0,3.831608321372267,0.11363326985363448,0.17789278009755252,-0.41042255553041584,-0.43894863673431417,-0.19122533261912408,-0.5008574121870359,-0.0444989438213205,0.2103263841664675,-0.04654305100808212,-0.21884409575407804,-0.2629700067269953,0.23978041229843028,0.41439683158300633,0.3726036237507982,-0.21726256005120043,0.2393790603179993,-0.12692079601282474,0.46444230833638706,0.042613506024680385,-0.1759979674752269,0.07180932314201117,-0.06586725120577548,0.4542122542523243,-0.07532399404536755,0.25508002101617316,-0.23980544153582473,
0,0,0,0,0,0,0,0,0,0,0,0,0,0,0,0,0,0,0,0,0,0,0,0,0,0,0,0,0,0,0,0,0,0,0,4.375476634048088,0.2056962004045295,-0.18035954229026238,-0.11778598593500496,0.0504565131465669,-0.3853403449404879,0.005637737990546343,-0.3247086708695882,0.16822267677791036,0.054774637994415586,-0.31681567674112926,0.26690297056898277,0.009724876746114214,-0.28108349741633093,0.03442056855367569,-0.02688491733102334,-0.4214675421035351,-0.26571255811095135,0.04783971482048708,0.14767457925140998,-0.4142321304573523,-0.23831333982330655,0.12822513744480243,0.06471167567160473,0.4734369750234828,-0.1287732874533271,
0,0,0,0,0,0,0,0,0,0,0,0,0,0,0,0,0,0,0,0,0,0,0,0,0,0,0,0,0,0,0,0,0,0,0,0,3.861609133463833,0.11378332352813356,-0.3739467275703755,0.15048626481579483,0.19836781958189728,0.027377756524509654,-0.8743714939493222,0.07334342690261343,-0.34109035328383613,-0.24239808119368011,-0.16093593441522275,-0.09348079394229478,0.3077150390060221,-0.37547706492509697,-0.3301260558955254,0.10753863783199935,-0.16961418282356672,0.036338533078181336,-0.4289556595005456,-0.04670684363335465,0.41133709551976655,0.10355663859825627,0.24664315903310463,-0.14786543743559352,0.13111816100852025,
0,0,0,0,0,0,0,0,0,0,0,0,0,0,0,0,0,0,0,0,0,0,0,0,0,0,0,0,0,0,0,0,0,0,0,0,0,4.291327015158995,0.09945857230214816,-0.0034067349666168124,0.10944358431359577,0.11211417420216113,-0.39892002311623975,0.08738244752506065,-0.1883753621736114,-0.25368767662070163,0.0010697320356578943,-0.3176151991002636,0.38506042936607127,-0.14293210653876876,0.5608146899025976,-0.018108322699350844,0.06049458515070966,0.30978095718465026,-0.06546676972329092,0.21982397462049982,0.3857699665637194,0.5690379010477401,0.28978254982943397,0.09114355539934262,0.30081009678939974,
0,0,0,0,0,0,0,0,0,0,0,0,0,0,0,0,0,0,0,0,0,0,0,0,0,0,0,0,0,0,0,0,0,0,0,0,0,0,3.871136396340699,-0.19078367438143057,0.153896607622814,0.5766126531799272,0.27822973567948245,0.506484294135908,-0.40203605618239674,-0.10001447021312768,0.18953932437829518,0.25497652556504224,-0.006730174875024059,-0.28967751185222745,0.19387843853316333,0.03385548068919861,0.11356719395870553,0.29407418368644395,0.08751854410019287,0.06428702410556149,0.5261268455975175,0.20272612363338588,0.3708352884329717,-0.04124031964762766,-0.17796274157091158,
0,0,0,0,0,0,0,0,0,0,0,0,0,0,0,0,0,0,0,0,0,0,0,0,0,0,0,0,0,0,0,0,0,0,0,0,0,0,0,4.37184537018642,0.143952435211242,0.224416105115196,0.4494832119166196,0.28866466971156945,-0.16740939635149865,-0.16973642238644446,0.20173657667587241,0.09832527339742046,0.24974000143501285,0.2770106172827663,0.056023760201780196,-0.005162589281325822,-0.15054432467956871,0.32919323587106064,0.3904295653696252,0.1684215522041874,-0.27662281058571947,0.08734103131310102,-0.0214117808720504,0.2973771467221189,0.38014249798813965,
0,0,0,0,0,0,0,0,0,0,0,0,0,0,0,0,0,0,0,0,0,0,0,0,0,0,0,0,0,0,0,0,0,0,0,0,0,0,0,0,4.398287532584404,-0.08661787784320205,0.05381471014771133,0.42031381146778285,-0.4360556583249324,0.3027104895226595,0.10934211821145969,0.15971339070771073,-0.6678930511212091,0.1815595747527368,0.10600272070174357,0.196896433018415,-0.17392678840547157,-0.3126354020467673,-0.12141128412800799,0.567102402191875,0.20295388654735302,-0.2422759993305424,0.026370912329460577,0.44651851029593326,-0.3543100523804157,
0,0,0,0,0,0,0,0,0,0,0,0,0,0,0,0,0,0,0,0,0,0,0,0,0,0,0,0,0,0,0,0,0,0,0,0,0,0,0,0,0,4.208763496283228,0.29384185088684717,0.1064909808111772,0.010891164712172406,0.37980045895145914,-0.09434081802389077,-0.30883137052889487,-0.33351442834774425,0.6049029220170125,-0.2895815743617242,0.013201549838801261,-0.267535255042389,0.25958516927313874,-0.4152420247641322,0.40211135415549887,0.10695544375506098,0.09261503434201132,-0.31865515998548,0.12828533498159786,-0.14106168927491466,
0,0,0,0,0,0,0,0,0,0,0,0,0,0,0,0,0,0,0,0,0,0,0,0,0,0,0,0,0,0,0,0,0,0,0,0,0,0,0,0,0,0,3.8300097808678575,-0.031919227170111635,-0.3855346373972758,0.5958085914215117,0.4884638274612565,0.2181303804853405,-0.2813691135638412,0.24532569819002303,-0.3429903480039689,-0.2264883056997696,-0.22351210466007515,-0.23522150044627338,0.14580916543253794,0.22619657724007708,-0.04031768747311752,0.24816017345461686,0.2195741216566793,-0.24206181152339135,0.4285195686766472,
0,0,0,0,0,0,0,0,0,0,0,0,0,0,0,0,0,0,0,0,0,0,0,0,0,0,0,0,0,0,0,0,0,0,0,0,0,0,0,0,0,0,0,4.112078240295586,-0.4014450347694837,0.04340069462827198,0.059015939014593816,-0.32916462332283625,0.25113292901916107,-0.326530428898731,-0.19841657862297216,-0.15513995770276676,0.13518245235705634,0.28009641063560153,0.12688239019595002,-0.22686755872009431,-0.5556505027631887,0.040516393884910795,-0.15991860717726467,0.25756503576736645,-0.0777674716204754,
0,0,0,0,0,0,0,0,0,0,0,0,0,0,0,0,0,0,0,0,0,0,0,0,0,0,0,0,0,0,0,0,0,0,0,0,0,0,0,0,0,0,0,0,4.213681093978073,-0.0314343348329585,-0.00786381946840928,-0.7489415647873651,-0.2219159731207332,0.5387270860929526,-0.16781668168911407,-0.3018104600263302,-0.12504071423563623,-0.2752687567933673,-0.03146446387065789,0.023224702053423963,0.4035728175260554,-0.08628983239243748,-0.04847253157838759,-0.2679351953153466,-0.22818116066742267,
0,0,0,0,0,0,0,0,0,0,0,0,0,0,0,0,0,0,0,0,0,0,0,0,0,0,0,0,0,0,0,0,0,0,0,0,0,0,0,0,0,0,0,0,0,4.458557066860721,0.03447532239914558,0.28783773265516743,-0.2921491331307747,0.016457959557172663,-0.09963912498987579,-0.1360024799271999,-0.18880508184868225,0.209826964035801,0.1738064001290473,0.5820719884567473,-0.20926539062554,-0.19850587039750833,-0.4427170816419251,0.18691063948358555,0.006692932629830833,
0,0,0,0,0,0,0,0,0,0,0,0,0,0,0,0,0,0,0,0,0,0,0,0,0,0,0,0,0,0,0,0,0,0,0,0,0,0,0,0,0,0,0,0,0,0,4.083394015342699,-0.2538980874553769,-0.059522087011304486,-0.02702057647958342,0.5775893641126362,0.13030673016394315,-0.24398569675853568,0.06011859988437868,0.6953729408474876,0.2007139674540725,-0.16342859280858485,0.9180731938286603,-0.551139351017319,0.052226217078588995,-0.10274871547270548,
0,0,0,0,0,0,0,0,0,0,0,0,0,0,0,0,0,0,0,0,0,0,0,0,0,0,0,0,0,0,0,0,0,0,0,0,0,0,0,0,0,0,0,0,0,0,0,4.169224519004869,0.2174680167860495,-0.12066309400489009,0.0547422977718604,-0.3468200105855663,-0.36817493376497645,-0.004498075053818851,-0.03631167593820001,-0.28371919043620863,0.048975112187361836,0.258036967358075,0.43063899824757707,-0.34772202777651795,-0.20952118758121693,
0,0,0,0,0,0,0,0,0,0,0,0,0,0,0,0,0,0,0,0,0,0,0,0,0,0,0,0,0,0,0,0,0,0,0,0,0,0,0,0,0,0,0,0,0,0,0,0,4.060173012013536,-0.059445460668913076,-0.005114282086841712,0.04207340324298457,0.2850794028902046,-0.04115733989215958,-0.05177628012667187,0.2224957862268014,-0.08793019470521114,-0.24391538635163182,-0.15506328831356012,0.2383002569076822,0.40603936262122314,
0,0,0,0,0,0,0,0,0,0,0,0,0,0,0,0,0,0,0,0,0,0,0,0,0,0,0,0,0,0,0,0,0,0,0,0,0,0,0,0,0,0,0,0,0,0,0,0,0,3.66711927543281,0.22931444112586594,0.3892341064538509,0.09416891425504807,-0.1708147849108301,0.48321191583236495,-0.2316538023427405,-0.14538200412083924,-0.15948063492696227,0.03936632585819234,-0.13561655920237442,0.41375281905946115,
0,0,0,0,0,0,0,0,0,0,0,0,0,0,0,0,0,0,0,0,0,0,0,0,0,0,0,0,0,0,0,0,0,0,0,0,0,0,0,0,0,0,0,0,0,0,0,0,0,0,4.048707226682922,-0.15123432437724157,-0.15082019491614473,-0.18388979863450727,-0.1349603430502044,-0.2758256162046816,0.20853686788587122,-0.3499066060875981,0.010045272968281511,-0.2692029760921286,-0.032309928707627375,
0,0,0,0,0,0,0,0,0,0,0,0,0,0,0,0,0,0,0,0,0,0,0,0,0,0,0,0,0,0,0,0,0,0,0,0,0,0,0,0,0,0,0,0,0,0,0,0,0,0,0,4.0883382117876375,0.3693324593465607,0.6702242038166448,-0.5970847505875764,-0.0016952268701894598,-0.013112562316622348,-0.3500280207338443,0.211803184022655,0.6328106500192083,-0.17803705348892088,
0,0,0,0,0,0,0,0,0,0,0,0,0,0,0,0,0,0,0,0,0,0,0,0,0,0,0,0,0,0,0,0,0,0,0,0,0,0,0,0,0,0,0,0,0,0,0,0,0,0,0,0,4.065155635025945,0.16472082395850834,-0.3594445172840774,-0.019437918254581733,-0.0671720470809445,-0.5426427826886528,0.1350066923259261,-0.12439535484322578,0.5166757524439509,
0,0,0,0,0,0,0,0,0,0,0,0,0,0,0,0,0,0,0,0,0,0,0,0,0,0,0,0,0,0,0,0,0,0,0,0,0,0,0,0,0,0,0,0,0,0,0,0,0,0,0,0,0,4.354546712278151,-0.46229313084113627,-0.30461758526782295,-0.1868152703724669,0.27158189318532666,0.3304902102043684,0.22160504097194955,0.026365347929390544,
0,0,0,0,0,0,0,0,0,0,0,0,0,0,0,0,0,0,0,0,0,0,0,0,0,0,0,0,0,0,0,0,0,0,0,0,0,0,0,0,0,0,0,0,0,0,0,0,0,0,0,0,0,0,3.921694290341167,-0.4231890958500793,-0.24434048986798373,0.3177048382602491,-0.16004538555012918,0.12849305224836455,-0.5473940784362088,
0,0,0,0,0,0,0,0,0,0,0,0,0,0,0,0,0,0,0,0,0,0,0,0,0,0,0,0,0,0,0,0,0,0,0,0,0,0,0,0,0,0,0,0,0,0,0,0,0,0,0,0,0,0,0,3.963264067372756,0.015248139558952274,0.13555504741354862,0.02404599448230705,-0.2127696711300939,-0.1739297419344106,
0,0,0,0,0,0,0,0,0,0,0,0,0,0,0,0,0,0,0,0,0,0,0,0,0,0,0,0,0,0,0,0,0,0,0,0,0,0,0,0,0,0,0,0,0,0,0,0,0,0,0,0,0,0,0,0,4.120287383398643,0.400781084868512,-0.07495148901818367,-0.6469685000202182,-0.1293535671184334,
0,0,0,0,0,0,0,0,0,0,0,0,0,0,0,0,0,0,0,0,0,0,0,0,0,0,0,0,0,0,0,0,0,0,0,0,0,0,0,0,0,0,0,0,0,0,0,0,0,0,0,0,0,0,0,0,0,3.572684151132685,-0.17303722071421773,0.1327439431737519,0.2820738231625601,
0,0,0,0,0,0,0,0,0,0,0,0,0,0,0,0,0,0,0,0,0,0,0,0,0,0,0,0,0,0,0,0,0,0,0,0,0,0,0,0,0,0,0,0,0,0,0,0,0,0,0,0,0,0,0,0,0,0,3.7417153319057106,-0.22792203635212294,-0.024695975363853574,
0,0,0,0,0,0,0,0,0,0,0,0,0,0,0,0,0,0,0,0,0,0,0,0,0,0,0,0,0,0,0,0,0,0,0,0,0,0,0,0,0,0,0,0,0,0,0,0,0,0,0,0,0,0,0,0,0,0,0,3.8706048065708956,0.08576710931669382,
0,0,0,0,0,0,0,0,0,0,0,0,0,0,0,0,0,0,0,0,0,0,0,0,0,0,0,0,0,0,0,0,0,0,0,0,0,0,0,0,0,0,0,0,0,0,0,0,0,0,0,0,0,0,0,0,0,0,0,0,4.198060332427066,
