0.12469170372052536,0.0199556146507245,0.1060733905217781,-0.10269431414632635,-0.07674434766156622,0.0805034219371884,0.1172089049785195,-0.13386455213866172,0.11341646029264602,0.08031303744185493,0.0907768065014296,0.1724994184966339,-0.09647862467405893,-0.13878199202549615,-0.05260656495942789,0.06645192861428253,0.035358178812608866,0.09419953221200088,0.09629228507969718,0.0036216746670270036,0.022794352781642352,-0.001597846019771963,-0.0656120365359361,-0.19967806428191295,-0.03230514407836126,-0.03664465307289682,0.02962936024490415,0.1195048088136031,-0.03207729209332822,-0.039344876374249244,-0.07109776866524434,0.08183053617790703,0.029368328271250105,0.18270601920602814,0.1561253640685405,-0.1559717756671638,0.027526546949680077,-0.14085808642817763,-0.11248479347101313,0.04627016546635521,0.324135224203938,-0.02810716424431202,-0.0731247395450928,-0.07285639858715683,-0.06437803819116443,-0.021880935013499917,-0.003389048480951185,
0.17737300559533278,-0.07233963950833414,-0.09684998053661038,-0.036718470210514643,0.3099075381665651,0.20499968666504545,-0.00773445434561844,-0.1506854262619152,0.08871581552850719,-0.06435648141508281,0.011267763794738192,-0.23821088764144907,-0.07156755106314212,-0.1279939774180179,0.05663160229959448,-0.008604918425033166,0.036470948431727816,0.14886501760646736,0.09961589675031748,-0.01023909141311037,-0.10426582772690429,-0.018295893773930406,0.007857902324023633,-0.13629694375776613,-0.03501690606371122,0.15470116772743542,-0.1686281075727202,-0.05571884706353289,0.21085690810444896,-0.05963958522878854,0.060709582439582,-0.14249759133940632,-0.03177705259722241,-0.057215232156533624,0.00036438264650786174,-0.03665820867749843,-0.10754528365265469,-0.02892149379413419,0.10138698965274633,-0.05210456451099643,-0.1425118531987198,-0.21097813701887194,-0.030705960325058203,0.14108739989350105,0.07430276956057233,-0.030080426023286214,0.06572084939422343,
0.11100926397288305,0.03768419689868628,-0.0029602319135520147,0.23624233183683435,0.2248710019157298,-0.004969996359919132,-0.0007727216831130949,-0.010266498358883871,-0.15516187761188233,-0.23316204993217343,0.029041079693404265,0.1459601961392076,-0.07485275502070268,0.037506540670233124,0.05206627347268395,0.02254295294269914,0.047401849277673797,-0.10470031268500819,-0.06412833005568543,-0.11302427643639287,0.08223085479308419,0.058271191202830155,0.045690693340203765,0.10138428099184929,0.2057789660546624,-0.04867394615157858,-0.14147093020709361,-0.07014936820904227,0.003183731746892722,-0.017830711530751397,-0.056683353800960054,0.05194945455585605,-0.07348627497476962,0.22370459154455832,0.050376363435493024,0.1318866836804409,0.03306102462075651,0.054896304234908,0.04437657042809421,0.022605885349307075,0.4009709397097537,0.11602400038108614,0.07226688352536877,-0.20227487808769595,-0.008712068048290693,-0.013439776296515177,0.1034376359962944,
0.1850486985926845,-0.08990764104407897,0.0634127641226556,0.06210600233351368,0.14882850995327832,0.06275592374575177,0.02563504393400237,0.1394756700200722,-0.036310178906758514,-0.17769657228329921,0.018986555513130346,-0.04005961728786839,0.2573977240060119,-0.12840014904069835,0.04746617648973755,0.05072091058915308,0.07208479870691403,-0.08462052221184418,-0.009742240233895782,0.10628548180829468,-0.1398918754029139,0.0810003391555744,-0.08118616876218274,-0.07776852298021456,-0.07117664276879403,-0.03297039410659221,0.14494910767902955,-0.028449604871147588,-0.022212798978371546,0.04325812094906935,-0.18267321130480785,-0.2432679420884124,-0.237550479526739,0.16750779843609317,-0.037778690485378005,-0.034252624195524474,0.13976276173281196,-0.035558655874259,0.13887767364511153,0.14465170133628302,0.0037661748227182843,-0.016502216289925157,-0.03229943718586941,-0.1619392931980603,0.11615625271759465,-0.1335276125636048,-0.10606550075732003,
0.0775063533537885,0.0950764492410661,0.041093346820406454,0.09246833605167792,-0.06674746123426856,0.17297246350900553,0.13194533949733636,0.07450290667307519,0.13091724139747365,-0.11898497023407067,0.10540724073211999,0.06719491704135888,0.033776422344818965,-0.27510024616314604,-0.02492106114616741,-0.14554090211372353,0.11784042287017259,-0.12390180814017783,-0.1193208751801644,-0.014916342587830575,0.24765207028277972,0.14692437442206063,0.21861212344879055,0.036673101789608475,-0.08885578233063064,-0.04103101010489348,0.1979366407136828,-0.16868933358184424,0.14830057187062132,-0.08600756731191064,0.13107637261695598,0.047649700690287664,0.15236463192640676,-0.0009983079175355921,-0.18239332455163174,0.18543040365273428,-0.01394883374066635,-0.009771185194574577,0.07096143501396833,0.04095073728075837,-0.0644705437104992,-0.06347744632551708,-0.022669554137796276,0.23455838544968322,0.036036116477427625,-0.045599205540539346,-0.023508218516871533,
0.1230254806502206,0.019625905688893684,-0.02077770433584089,-0.04640589996800881,0.11306354476464754,-0.006752706299100219,-0.16556787934828068,-0.040253975971751024,-0.19142119730495255,-0.046511722029705334,-0.09268436961483927,0.2834127815603568,0.008299332954405082,-0.10247586139512493,0.035917463224612665,-0.07758764792726014,0.10103142309576285,0.08682991756386212,-0.003654979147728464,0.09112826296896671,-0.05853907041517393,-0.11999235409378609,0.09752193443267959,0.012861953474288637,-0.154906611686779,-0.029678551482008885,0.0890182815166976,-0.22317484451195155,-0.004623182284920692,-0.1002998944335205,0.10574765927152131,-0.05181399982168871,0.02425744422462941,-0.10241677582599187,0.18852630957861752,0.10634248264299533,-0.26510120423863887,-0.056324197745806104,0.10485980412652879,-0.06432202273682244,0.0010451062683046921,0.02305997879089479,0.30827750154079975,-0.18301781747919674,0.07786958172040054,-0.021542670651615435,-0.014751363705578993,
0.05126845203404613,0.16271473237836828,-0.0929896133433019,-0.18727250884360383,0.10812351498690656,0.014876689320270415,-0.05272210512772499,-0.10347237782995056,-0.011445326117436256,-0.12058371102643502,0.059242802141335274,0.17954025290874887,-0.036301520109712514,0.29538798656764437,-0.2260693503284993,0.046623216306451415,-0.27588041120823836,-0.0005264406171958438,0.10986488441209867,-0.1413137712289592,-0.07671829513092562,-0.059808254394520526,-0.1180825285413634,-0.011313623270422075,-0.11089379056494879,0.014745172895633098,-0.16954162100514178,-0.06506712969784438,-0.0161783439183232,0.15733085912057765,0.15310365922148841,-0.04270591262329213,0.05989548433343302,0.12731903332899822,-0.07632258398456822,0.10125820715784033,0.015106603433964293,-0.06150150223048749,-0.12214797784649997,0.047170318875019594,-0.0875876834656795,0.008651089160075467,0.09538203424040678,0.060875966967707085,0.11473020195756768,-0.24135829458662975,0.1685810757903345,
0.0536854663933336,0.12429959728929246,-0.1592208292070777,-0.0906796909656746,0.1905185927046648,-0.14338174894211014,-0.028879600957480288,0.12549507611590804,-0.19764523125813763,0.004764553350151188,0.036237082488850214,-0.028329975572073084,-0.07182432574134932,0.016322528531469382,-0.05519593307187714,-0.1343775941125178,-0.07917437919924071,-0.10570355840872891,-0.01664491021492238,0.05059164897165354,0.007519680372534409,0.01731575999701423,0.037792552583570206,-0.17477192459961013,0.1413047550520972,-0.23017076295931213,0.09024751205110568,0.14462115810089057,0.14425771909105442,-0.07755359182541842,-0.14147811216572487,0.06330455950828237,0.12330024102660221,-0.19375573531382645,0.035284777982658264,0.050624901983177054,0.036269378657751636,-0.08415205509172151,0.020433438631470045,-0.04337490730836808,0.09511481173641555,-0.24764276353158943,-0.01420620308603852,0.017574199034474186,0.1265708054108031,0.21929958370063962,-0.09654297109543274,
0.10480301103400194,0.050090488889737834,0.05114606559626318,0.23087954645684597,-0.05905983264928651,0.041712769892660935,0.09455286631610631,-0.16002696610788478,0.05261477794015647,0.042010073980590895,-0.18554107553034482,0.172651631945228,0.00437489058229705,-0.04121177078611606,0.17768342384385508,0.13178967621288484,-0.10475866839901163,0.04420286442102069,-0.10490763870969053,0.04009267916454034,-0.05201913074587554,-0.22359064733764833,0.15209904295542656,0.2638166940274643,0.04668330082563622,-0.18462796491984515,0.016755866982566463,0.07442832088852583,-0.130242401983635,0.11136785315987281,-0.030412030146280897,-0.0272667298624647,0.06733752488455019,0.05101899794199536,0.12809887094399694,0.04023836518880787,0.07548803051447939,-0.1320855594315282,0.043854506017623876,-0.11303950362469574,-0.07621334508229839,-0.121994568211875,0.014367626209208293,0.09912710428869488,0.048214179296286054,0.023417988010478397,-0.18989641274419045,
0.19005535342098795,-0.07202632848055159,0.10861939099534212,-0.02051905360014942,-0.08654555158975628,-0.051182238244984274,0.04532025391288789,-0.21657310886548425,0.05154156799946613,-0.12758440479734787,0.09298889823719064,0.03441617875358671,-0.08857250452300765,-0.03673659158457834,-0.007278679678174611,0.0733816414715183,0.08111305092353811,0.09897873442296969,-0.05889987472125446,0.016271735880812297,0.08925452583385815,0.13009524360458094,-0.0968630498418263,0.02391862380249724,0.10807105574518405,-0.07666899395644544,-0.09842410587839721,-0.22595459760525757,0.14417330335588088,-0.09704042827090413,-0.11109358738986046,-0.20653972369260412,0.0820207945348555,0.026237845677410655,-0.1369140207970526,-0.07246350891344917,0.04425776406163136,-0.027184775855392956,0.10745656544684842,0.18832387293291233,0.0252344078067614,0.04756691131058333,0.07043925303119915,0.1534356018797973,-0.09974733151654652,-0.08933845173910349,0.019435244836052096,
0.03607901930292825,0.16935457930771866,-0.05800436617328609,-0.11484947923774459,-0.06714910141804374,0.16109489149842443,-0.058397677216000775,0.06963935455418985,0.051314792845461414,0.062620207611942,0.10911009482467568,0.08321848234010325,-0.13651248626621748,0.1565215236659036,0.07792243269326875,0.04350567717849859,0.04074866510978353,-0.1272731309635133,0.052262667988974464,0.1423444851533233,-0.03812591674267014,0.11394554568227247,-0.12564576929303756,0.21466615830094551,-0.11372708030407827,0.09032831552398297,0.003457361748371299,-0.24033536262018834,-0.1557278849873059,-0.06940630576944336,-0.09866331638196106,0.0002270028733779438,0.0389141597209031,-0.0561067373364681,0.06753081158148867,-0.23334437840157965,0.11342185176563709,-0.12104114363649797,0.14492393669044196,0.010029932760363845,-0.12647005488484844,0.0411032880817806,-0.011631521703035044,-0.0903336197755053,0.021897238784984348,0.17570004875509265,-0.009837648670045366,
0.1635857705421584,-0.026799398765728642,-0.10881706029867623,0.009047695711101611,0.15432214876114078,0.1659760816395493,0.12464918277716405,-0.02538577316590579,0.09936538740325945,0.010326941289457726,0.03148741989208352,-0.04412930813380654,-0.025709329252076522,0.1094868515191611,-0.08087107336421466,-0.009622208838271362,0.12907112708753127,-0.37349722045419453,-0.05037925030121928,0.20680977004797116,-0.02336281762378453,0.10211847637836438,-0.10931279927436899,-0.023421171044275026,0.10747774395695418,-0.05758019115326557,0.02826863721403873,0.11401532621153457,0.1390115917619206,0.14516556957135618,0.15550841363977227,0.07996355881287531,0.040715383833420805,-0.02170627900089612,-0.05639951955735127,-0.13520704276544893,0.140088645858408,-0.09075952682585554,-0.04155439627788778,0.002459277201199454,-0.02943860849945623,0.19517742790061923,-0.061452973520123966,-0.09684043853160774,-0.24265170691523252,-0.0682546156972803,-0.009681557184839335,
0.05488419706739466,0.11684614932294408,0.03776883683652176,-0.21944053391864274,-0.17180604243423275,0.13035946659189201,0.09140611670119113,-0.03369362384452411,0.1485362568293346,-0.078024761668179,0.1717439979255572,-0.03184268121983337,-0.17843129454180054,0.014408237639111199,-0.07997917640142538,0.14030033654544022,0.1792350769651329,0.13404230106101295,0.045134957662651624,-0.137668401528236,-0.11676260852494061,-0.07346047766412735,0.11144797589938643,-0.09713852383797383,0.1674663463118268,-0.19298488162437877,0.2047925543757178,-0.08821395839102011,-0.0002967477552208456,-0.03563396754376458,0.09830866903324961,0.07564953454671526,-0.06328419807842744,0.14810195711782656,0.01070168968780416,0.07436689995685176,-0.24856388486813505,0.16292758274850405,0.05572927869773244,-0.09762465912349962,-0.0683690298021148,0.13520124380769097,-0.03282494459229419,-0.3271877048654871,0.009006816352638145,0.18966280095366278,-0.023260922023380957,
0.01487629613357765,0.20641545655683405,0.035224450501198615,0.1647704816412443,0.1682115328088651,-0.0805466779737021,0.1334072328872881,0.11586223763218262,0.10522597593535643,-0.1037155426579726,-0.0397240067611128,-0.07670501799765665,-0.2305787659467314,0.05433372164071753,0.16858805080897807,0.017122805049486205,-0.14043643482968407,0.16644667369813604,-0.20916597773296167,0.08172328675272689,0.05882036831330197,-0.05459648376439443,-0.07342630336539609,-0.09495654486305721,-0.0886711369693784,-0.026039872577638512,0.010840247728750994,-0.11860578512034682,-0.0477890890572916,-0.06603934438833642,0.10795880012183681,0.05384371136343471,0.2332105006054186,-0.09341111291794756,-0.059304112229462164,-0.3470256108299289,0.03764441148831293,-0.011271114096919898,-0.03201115639016848,-0.07330699649388461,-0.05873372025711028,0.061661217425492,-0.07541461282933891,-0.16159292796669372,0.1185569958095218,-0.11329353362266963,0.20316378672496505,
0.02755547621084907,0.17353152901352123,0.018243538575444602,0.06374520538436688,-0.24501273702988619,0.028550511593253874,-0.1223190394065939,-0.10547423858113963,0.07696751425792603,-0.04642482676001909,-0.22861827664393183,-0.08529109584227332,0.0024759403565933562,0.06134597260584521,-0.033477870188953665,-0.09594907119817149,-0.11990003048658543,0.13327091923960083,-0.26159606834874904,0.09405136939527786,-0.08746273760526359,0.22058552893560765,0.0593346702282635,-0.09323023471942378,0.11536809230253722,-0.004378923287193948,0.0011528886982939697,0.008444825042203556,0.2552023367429152,0.2125497415234028,-0.0446291044679091,-0.11605623487121565,0.12530129986267463,-0.060028317501359535,0.24148407608610295,-0.030562643213764163,-0.04794638194455258,-0.046883238512151544,-0.0767141018553951,0.08301318622896592,0.045612289878058425,0.21623165873924377,0.20235048054654076,0.006248582189883824,-0.05557194218730337,-0.023690470613275012,-0.009825839490743272,
0.017064797036544826,0.20004282858443695,0.1644377165442202,0.02655347291613824,-0.018753317746926436,0.06796320901615044,-0.07534609984403695,-0.25630298191591067,0.1332018244027423,0.2851093839802818,0.10186918564332083,0.0398687756967862,0.1032934606071809,0.1351048475140438,0.04550828002420102,-0.008817912054273796,-0.05358828307172424,-0.0046406212942588084,0.16117418334704403,0.09817128789340243,0.14730439183429575,-0.0025617603630388197,0.0757770945505209,-0.08095487125794405,0.01733676587850565,-0.04869218583539945,0.06809740504735809,-0.007194519275434911,0.024019217875408175,-0.21251379024374178,-0.004967524616013463,0.0036166547564471024,-0.03142453781596631,-0.029394654556017565,-0.16499863528308087,0.008798119639728562,-0.10621964465990437,-0.11917839756830073,0.03687343667024873,0.023017157950413498,-0.02287810663526034,0.17899666567328293,0.03013766988870076,0.012476761594764678,0.027280439358612348,-0.08736227982868276,-0.14638847531917987,
0.07242576657251536,0.09504829909334093,-0.10624792299086043,0.22664354398293202,-0.03404132216122992,-0.1368620068528291,0.12289559943698833,-0.07912045449505127,-0.0205457999982404,0.09140689456743609,-0.054569200482784234,-0.04735702143272406,-0.09178772209252707,-0.08568051084186228,-0.029363128406233088,0.19046230584095716,-0.04868310932403057,-0.050635713287016694,-0.16481255882221765,-0.10906110015419383,-0.16849357981002996,0.0758437876063803,0.006380112227763562,-0.01024768388671507,-0.20760313046843581,0.08567491957087278,0.08970142763042949,-0.15869878242101682,0.115067965102266,-0.06427556874136799,0.08494535654223002,-0.01574196647025862,-0.13593660969805235,0.03482921319992094,-0.07943063894055848,0.05586539830025982,-0.03927301774770475,-0.12136841681073555,-0.1279430370688492,0.1164789695362091,-0.056019173412469,-0.03221983076252759,-0.21780838197932084,-0.1138727893665391,0.05241986889494432,-0.0008799262869647178,-0.17635701329081307,
0.10099821675653115,0.011997907173763402,0.31929021261342977,-0.017655908780481205,0.1259430421264457,0.10572649586385101,-0.02272982976253944,0.014909672674551185,-0.08407341007559199,0.0014986803021222047,-0.09365833915322154,0.13989443118663314,-0.13855530525448956,-0.040001124200628846,0.088549976868614,0.0512395670612215,-0.03707907806469538,0.0051991975827838655,0.04562277566133357,0.045263922393247766,0.03277069112336186,0.15770055542065045,0.04691139435771123,0.03849033804380014,0.07571628340002727,-0.1914880658531487,-0.2120125353225434,0.02920265551272916,0.17688431156877948,0.0022534411773111594,0.09122380346341279,-0.07765204016800267,-0.17580493745977196,-0.11136600627004765,-0.07418276389441503,-0.0873244421848215,-0.0860290206070277,-0.0037240873115288132,-0.1743109892805663,-0.055427011921841594,-0.019507429108820497,0.06216740268918351,-0.17868959971515502,0.02658361310101202,0.1809985989025142,0.10944580185041877,0.02010148913240055,
0.15206698975007513,-0.015704172174745453,-0.08658345596852089,-0.046338964180038036,-0.04550941635597986,0.024989562546251773,0.23335204802960652,-0.19134944188195863,0.16450824125624303,-0.0754459369596074,-0.0864532662780778,0.13604628391579968,-0.06371611273818809,-0.06579810513798323,-0.09116697066159075,0.08688871426228494,-0.031701850798342555,0.017211655460971385,0.14114771693162217,0.0793411583859375,0.156690288173114,-0.08911268526759597,0.1296076028239365,0.07297489440683301,0.0074438882771410315,0.09308494965060879,-0.17452403043905676,0.07748397684988431,-0.10988926624711823,0.17892392466428275,-0.13894928949749058,-0.11918788871740173,-0.014103287908186333,-0.2709743851418724,0.019835484414601305,-0.0002859294965939865,0.04332448458110138,-0.037489554480921394,0.12586656383384784,-0.04875302927596879,0.09550531487579725,0.05790582798999227,-0.22575322273448742,-0.06648217043103263,0.017769618393161192,0.014315609623307793,-0.018868008791373767,
0.15552437890902435,-0.024390951285356663,0.05760669689453186,0.03573765050011799,-0.1341018367736012,0.04069755300430406,0.24376951292711607,0.13682425296781184,-0.13343587450071,0.06358715414585706,-0.04746448443586635,-0.28165670660550224,-0.057934401085121386,0.14305845529477001,-0.24070629841295343,0.20218939559706475,-0.08819106210177875,-0.009379445676184149,0.0867382145001177,0.12258739076003874,0.08658069081339939,-0.06024233091735178,0.031665245503751924,-0.08643967364303509,-0.09128711944998823,-0.0762754370412639,0.01641053074975045,0.003725172160320912,-0.04257626702630077,-0.2694424947526212,-0.03815122954880288,-0.0585664350668147,-0.17966249406400242,-0.15684763021721135,0.06778418115066286,0.08276831220747612,0.08341579683302343,-0.08226206913802112,0.0204561332644554,0.09159867073367105,-0.061145926476257655,0.12948978833148528,0.1270723152400147,-0.04196123182681469,0.05782789747106247,-0.02677842485604652,0.13175447858116843,
0.040917177419583596,0.15805664453636287,0.08885690948861039,0.15789557227261347,-0.135143009287811,-0.1527337645634037,-0.08384513900547566,-0.11141200325333905,-0.2551098017880506,0.0005190146017931065,-0.15900787047063678,-0.08639836713194364,-0.09608133237300638,0.09818055449457913,0.03088787760322724,0.07910056150814357,0.21027363137789973,-0.05915788065660153,0.26227379783317245,-0.0024886287640055885,-0.031902980663683654,0.07210009614375658,-0.07128077461020944,-0.09966493546886591,-0.029469861810103488,0.12253500147300615,0.010288095863200135,-0.08712597739775825,0.07722613609643977,0.04480853232546108,-0.10470594586574355,0.018510727283744224,0.03838327122232292,0.04981409381604663,-0.0073751016532345925,0.10070199656510273,0.1875078556478905,-0.038173180991434796,-0.08979501586792878,-0.11077698572218392,0.006975668119898158,-0.1599865214305156,-0.27991809518306865,-0.19282866727681736,0.15001232646458382,0.01960550739528273,0.0020874753690896214,
0.18518570442390178,-0.07129642292197991,-0.11487914956958813,0.12521894825649882,0.007795172113137369,0.04731709369802285,0.1219584146833403,0.1644145646489545,-0.0712215024999622,0.030791355586307665,0.07656538480754456,0.05135873026940964,0.06553225023446585,-0.021544619399706373,0.012285324861884035,0.0006569067735808043,-0.04700537063762098,0.10881697747908574,0.14101946431282109,-0.1900091746698836,-0.29515890870447076,0.0436783226629259,0.06771223860572803,0.10420451302105357,-0.00207777040627954,-0.22158937334761064,-0.07043833742413809,0.004840745741489796,-0.020444322734074788,0.17308946913665496,0.13396082192088968,0.1643287629853703,-0.055888068990968987,-0.21091931180440657,0.05503067769681337,-0.0690571135917223,0.0016288177252546834,-0.08721487387214348,-0.022272918385675293,0.2432757031732987,-0.001467346358348221,0.07975025093358391,-0.08818254044638162,0.1329587003967952,-0.15783688063753246,0.08186316909008673,-0.10635192046013184,
0.06760396195164622,0.12598001963706343,0.005988961578953268,0.09357730852460094,-0.006521589381871167,-0.018466021138524753,-0.0785310887931581,0.07979578110750692,-0.01731574130327194,-0.16355323583992096,0.2435915542173866,-0.10454868403031413,-0.14882829132812062,-0.19840417268856686,-0.11933091839374435,-0.3391368586586191,-0.2680082846321894,0.014922471655499332,0.06276310168707346,0.11757904543803094,0.033909008568749635,-0.2388925301955021,-0.1989826918717644,0.05231388409830855,0.035467856925629204,0.08986363825443236,-0.012265754949703682,0.0682073058275962,-0.12321401723630267,0.031690205130319185,0.09304657876832613,0.0019163853678697842,-0.12151698390808478,0.02291599856310682,0.09286146328856647,0.03269398249136741,-0.06962312255373021,-0.16355115110147317,0.05125064428840514,-0.06686748008320628,0.011577113301303213,0.23035965974826075,-0.12035530468939958,-0.012199507127690287,0.13151952828636032,-0.02105171450082591,-0.20921686776938567,
0.1255936674094898,0.030204678465560814,-0.06882644498673596,0.17658679666332028,-0.14084600338221243,0.06816205714900765,-0.013094451007710317,-0.02670786337450174,0.032345102245976705,0.09125063562235092,0.21248311994668534,-0.038145778059412445,-0.14590487942249344,0.1469538545553498,-0.1233381643963283,-0.03654522680466321,0.1924185028393531,-0.1625851149941174,-0.2379267042066007,-0.09139285783428495,0.010907238890746851,-0.12626794978311887,-0.20633899091572427,-0.08141237521548947,0.16004195471709065,0.07938812418986173,0.030521568194536303,0.06046888010428535,0.04564826095492698,0.16098923320075295,-0.185167530443792,-0.08753715472838482,-0.06009520894052133,-0.12597642091977454,-0.04683575439218634,-0.04138284324973907,-0.10295851678240138,0.0046375238527714665,0.00926928276114545,-0.09798331301190744,-0.04012861107015415,-0.09320053838573088,0.19115012944415616,0.04916783125274672,0.104955078809448,0.10117581248861597,-0.10054926471526213,
0.19214168693727596,-0.08175896731412875,-0.0019563721948123907,0.010210869745922637,0.004397225075593607,-0.034621368404770106,-0.20646696303885087,0.06606037256223105,-0.006982721871912008,-0.02659220948359217,-0.0021389493804444795,-0.007754266177497299,-0.1615492956873325,0.17443634068301264,0.006291133039733842,-0.19023193328689442,0.09131940775114387,0.060686370452330204,-0.15958699022575965,-0.03319241463327948,0.018879761284303423,0.012897821302541777,0.08605071210499816,0.009523593629293347,-0.034897436409295504,-0.1973633715279745,-0.23956826513757923,-0.13236567971036828,-0.08507088781104938,0.11061701263821172,-0.07903860172103613,-0.05596937311463106,-0.10202345539141902,-0.08254692259663608,-0.004012946128785813,-0.049340312750808725,-0.12130214634190298,0.18016139783685348,-0.09397325476297216,0.0250106948878419,-0.12476672466355199,-0.13041083369461762,-0.11864092857820648,-0.07739919608007957,-0.08566998536513454,-0.07471846498843188,-0.10891593327698774,
0.11780674999061434,0.0019193666059598433,0.20987003530872836,-0.1297651008181943,0.05288874446587428,-0.24281345193375248,-0.15323548952784624,-0.002944423938893312,-0.08072416311139713,-0.10363917060878197,0.010380890750290882,-0.06554706235966423,0.016531218598775724,0.023625279568412653,-0.1651034041550695,0.16585751059636572,-0.01582485869179252,-0.02195711819472284,0.01824296344797408,0.05604833499492225,-0.08766395622615929,0.15633622593377386,0.1241249899017735,0.05244585297771779,-0.03415188974462882,-0.11013486955936813,-0.10956320991685452,-0.026057354925150936,-0.2824196795675086,-0.09651155643782612,-0.014135650943282207,0.013827953605406146,0.09326158162570775,-0.09798133498523491,-0.16102817543030618,-0.20036283371732475,-0.037459088590468786,-0.097451245083535,0.19632474051033721,-0.1679691817362131,0.06161682045497923,0.028511954089665396,0.0906815857056052,0.1352424137659137,-0.13177895275753185,0.2671920454130779,-0.08192664694571962,
0.16837444035966975,-0.05968499305540588,0.023963878701002098,0.015501016434419607,0.010063775537882106,-0.0954421967340771,0.04825743076880978,-0.05544542873258042,-0.012733824280924974,0.1855252811797614,0.06305687540325138,-0.11172689102465296,-0.10513930638410354,-0.07414067665757912,0.07613444411950562,0.05790479250826205,-0.2266373621893517,-0.01453440494748193,-0.012199443753707673,0.029490577641176803,-0.3158259732140263,-0.0845995395777096,-0.03359722784745534,0.31045168074477336,0.09012107700411319,0.23122040519775017,-0.013933042677251158,0.048074390359453156,0.0895241498895621,-0.2541300978397601,-0.17750914398671505,0.033249235237868456,0.18997496853041868,0.21110529637360612,0.008489587001602057,-0.01651495442501152,-0.15582550317204039,0.16055722656029223,0.09134953960514383,0.11676424160661758,0.0930377300931384,0.058351463249045325,-0.04675170058388679,0.045353714580833523,-0.05544388099539789,-0.05515150766130765,-0.02713691163780335,
0.15957870537370136,-0.03119565463503092,-0.10729840178954754,-0.06689041331756915,-0.21545597780377906,0.10667941955629928,-0.04833853261799109,0.16037543106625468,-0.10596401194688287,-0.006673929488692599,0.0005178216238410046,0.02191621639721767,0.12056474794944581,-0.04355993550664797,0.11021907378533202,-0.1243645618322054,-0.2934649191428033,0.0023558312160338398,0.14680018019691607,-0.130409334955374,-0.0519370259518082,0.03940778936951018,0.15535251311464895,-0.17746890656428652,0.15025585783859952,-0.11298001956659595,0.1353404623083764,-0.08597615806481725,0.04161712911494223,-0.10180044965598327,-0.26866187404883973,-0.062418303883439344,-0.12024491767745675,-0.0386324795898924,-0.04141717749225654,-0.23781778195350153,0.048791388843266635,-0.09096102491208967,-0.0797890008307744,-0.12153460630022156,0.11096501336396959,-0.0031957194126812864,0.016650679934354238,0.11823461016119062,0.06603391796715319,-0.2029805240168453,0.1326533156846615,
0.056081909831814845,0.10233832640212473,0.14568843983720747,-0.019304955304582466,-0.05532636509726312,-0.11777165674727945,0.01215012434135629,-0.0901316364985746,-0.07524908419977278,-0.19868887642082875,0.02490652491433542,0.04002549501847343,0.0706683143837932,-0.12487844053314688,-0.049455171727488145,-0.0029674703052534057,-0.024689308742970473,-0.09080884665829765,0.09356717953343704,0.13752487410215256,0.11919451224635014,-0.06395695099382359,0.053621934298275734,-0.056325715288380776,0.07320108059856195,0.09555658566936774,0.02513844447206664,0.31567456836334734,-0.07602164322079072,-0.014912536230236315,0.037573007076596526,-0.2792972743373114,0.052044369617460215,0.09043863289743699,0.18573423470092226,-0.08366773282287451,-0.19181293919907544,-0.015772532215854267,-0.266437251348505,0.2074465808635993,-0.28586483804048796,-0.1428911732497839,-0.051236123233132556,-0.04689696962400476,-0.1375704038723217,0.12694081341049215,0.1977917799519107,
0.18618253005710847,-0.07388684512931756,-0.1720263910907936,-0.06518850326619123,-0.057357946348203535,-0.017529471021524374,0.04887221386729446,0.12632779796242283,-0.149481109159428,0.08109528363342824,0.05085361164523785,0.12365246423622596,0.06872631082518244,0.24963039535755807,-0.06239799687869859,-0.01092771217729799,0.056736929465513626,0.1050955202444445,-0.01463616045196314,0.12266273157123393,0.17205225775632624,-0.05283957340376404,0.018606199510848756,0.08987321335213437,0.07087945852530354,-0.006585044460104693,-0.12482155887774699,0.20706629629750392,0.022514861691672983,-0.1707529294880569,0.2453593770957986,-0.03989855548035255,0.00553026410337828,0.09128551802158678,-0.0358490315024277,-0.006854986707845094,-0.0949505444133866,0.08126326938872487,0.04616441872409588,0.14876656124191726,0.06893856317022755,-0.06332820454720932,-0.03579009872441538,-0.028678322665546627,0.1177812768244741,-0.18389527831946595,-0.18781203261942292,
0.15129480010270027,-0.020507471318298207,0.10373252045989012,0.1885266043476534,-0.09284851481589108,-0.09494748383520511,0.0331083798690495,0.2402233178450489,0.06253333113801271,0.07349103852041787,-0.032093732382942,-0.012174382991459854,-0.0395442195909821,0.05649189118332097,0.21414958988492436,0.05423538939294043,-0.06190892808738482,-0.09577035387867491,0.042075368747576385,0.025469475633038436,0.2118379147833908,0.03004726297619416,0.025186664397642795,-0.02954593714373423,0.06343655400310429,0.07923260421184615,-0.0836419799325967,0.1687454627497579,0.004616970998152008,-0.041566727318777134,0.10041256862419695,0.0371810948058467,0.04973300790732191,0.02796865499727764,-0.03627234343047256,-0.017495767458870784,-0.061899607252067244,0.05360029459600398,0.0774601053617498,0.11932826051534688,-0.022219147222976996,-0.12357992137914747,0.19713026298685257,-0.14665254975050854,-0.015232004835875433,0.10485353847762394,-0.1081037788395884,
0.05586006277269411,0.123219541923649,0.22264552295509232,-0.03523764643545348,0.00999361180054813,-0.0452840550774166,0.227682635237059,0.05048301410537649,-0.2336735370730131,-0.01933391081646234,-0.06411618766700312,0.0804514878515226,0.08078239547445305,-0.06463761334527551,-0.11852439372849695,-0.022639508437258343,-0.1432534215021656,-0.010581298834833148,0.003217977429088917,0.06148285325498552,-0.04929588518013951,0.1576072399539277,-0.04393195256064958,0.028217381524025177,-0.06830317849261178,0.19308485599030953,0.015025527898201106,-0.16769535203247937,0.020259505528831004,0.08655036765816403,0.05149052041089556,0.17776618343358538,-0.0964131296548787,0.05604234980819538,-0.015527959910267881,-0.023460226909537862,0.04778985294442622,0.33996204764129473,-0.11006321998137562,-0.10540659336033603,-0.06381619591728277,0.09761087753016812,0.10627114282811073,0.1119200543126064,0.04259403130468864,0.0907338835737875,-0.01824509579168759,
0.10815048078327472,0.049872146679473726,-0.06053570874198752,-0.11122560393757663,0.16131197085802818,-0.033466434860473515,-0.04855738732799484,0.08344685113893703,-0.19767785575140703,0.1405380564233958,-0.023374972560997742,0.08684964036183804,-0.08434984009513641,-0.0772530826767613,0.06003597882518104,0.13181095044428787,0.13897826022655987,0.24453975282097412,-0.19991733725578245,0.056672909294095936,0.10047815830955323,-0.17165127507123712,-0.14064478491784202,-0.16358537103956677,-0.005474372092665287,0.16391443475076115,0.09832561019386549,0.029038247575264468,-0.013631109186723188,-0.06622585229592291,-0.06768819534873388,-0.09191737656843642,-0.1045035196657894,-0.08333009104045708,-0.04146346190265871,0.02042087968904112,-0.04553365873425281,0.04318485448927413,-0.06326566760400384,-0.08602112632877021,0.04290168890631301,0.1947807951826582,-0.11266972948267538,0.21544376966244555,-0.30290981711622994,-0.041839064458339494,-0.04835016826959473,
0.14467030044950047,-0.02981202900673048,-0.017294837826224728,0.07891970428345088,-0.18457070249260232,-0.07866491034038321,0.047666002053347485,-0.13234941945239934,-0.0038622343550006964,-0.05957744551179738,-0.13869560899873215,-0.15995228847343845,0.17189004350285006,0.02077759095187641,-0.14727955507597096,-0.06837311597447349,0.13431518665289072,0.032712197712982664,-0.03448673615993515,0.068514487828469,0.06272815181332415,-0.2462767794018395,0.06078992141882948,0.05338117830010041,-0.1245319494581421,-0.16515744474838825,-0.04441669520385798,-0.009770182038628323,-0.00036442882865480247,0.02025965803340633,-0.1515442898692276,0.29915789920575514,-0.10493296146229458,0.03599464658208752,-0.13627891427135402,-0.13817339514817015,-0.17239150688610247,0.0646933463740948,0.034484323435155985,-0.05704347109501178,0.00861359056029234,-0.09611889129400852,-0.003243570341989979,-0.07144705891642095,-0.11427688157163206,-0.18560688655148166,0.2853672076000461,
0.06437566352465514,0.11830097678736094,-0.05932924150967545,0.025441829401132394,0.13194371218144324,0.16677823499163377,-0.012282155919784047,-0.08746942698798567,0.00705870234092356,-0.0834351897316784,-0.07261422703443496,-0.012346468317104958,0.3709958344635079,0.07122551131748141,-0.09270259655649948,0.039576915021586986,0.02023546826722249,0.034757387501643644,-0.11762394702234469,-0.03365968482883232,0.1780437435401011,0.05485947842160252,-0.20871600094697448,0.17215219698622924,-0.013793063272992644,-0.0660488931976408,0.002304405006194767,-0.059040099016615964,-0.22196135572565767,-0.15354221657570716,-0.06322914351918932,-0.023823917824535704,0.04522798592137315,0.04355783533869522,-0.018210861061666698,0.07852203148019346,0.019423911973047107,-0.18186176259733708,-0.0854050005015285,0.006889625402522063,-0.11336347632172342,-0.07768902773886247,-0.03878414141521647,0.034072452434427795,-0.0005023886928242304,0.1005494730440268,-0.04270745059863241,
0.007298588793724759,0.22366458152373986,-0.1651892723987609,-0.1891854635854891,0.11638672433773084,0.15923588397828187,0.08394915828445108,0.045641905585593244,-0.047018389722523146,0.07561277038109462,-0.0013140645864435248,0.018519961812252385,-0.05106405962607345,-0.09232834703593122,0.017696924387429716,-0.11190475335384487,0.09527480509926081,0.053302777987812876,-0.11740600661089184,0.16197487583728762,0.058858305773148475,-0.038949426963837464,0.20558329208253245,0.23350937659872642,0.0881175466876908,0.14445594787965305,-0.10552907345567988,0.02183180425826994,0.031171698816362788,-0.09887002099968757,-0.21097618540096394,0.24945590405465234,-0.16063963205127674,0.057801840411018414,-0.08542472504205124,-0.133014203738816,0.09881919944090133,0.0629847611384022,-0.23416306352213714,-0.03921067449797431,-0.09160519785419195,-0.1374417547157273,0.05449767676429972,-0.08354975311733037,-0.014532871784290342,-0.013382259383967157,-0.013040801542606168,
0.1731156950706914,-0.04163327305139334,-0.12374654996696016,0.003797645534621418,-0.14815799205011082,-0.13442569349884456,0.10897953116645669,0.03952571380607609,0.07690867947610114,0.12550213305843977,-0.12451191433601945,0.07473066916234378,0.07366585300129273,-0.13058470015534757,0.07221652792704907,-0.3074931078044335,0.07237813859370806,0.13810504048843852,0.09729322867817523,0.07590079045528104,-0.08742484950898889,0.19767860700295398,-0.28013189514912534,-0.0457886494003322,-0.0486134050468173,-0.08517209826317915,-0.002926570575693058,-0.09490604345418734,-0.06845974331829392,-0.14929374105879914,0.1837077543161675,0.022408653293608697,0.004813822932297749,0.07602283307833159,0.00036662578920896384,0.010130478936550755,-0.10731933482651479,-0.1364063488618157,-0.21050861970924642,-0.0548995968700151,0.011865147000696899,-0.10336631755805391,-0.03719420333981326,-0.08337294328642716,-0.15312463895725606,0.1119803862218858,-0.01590450085019026,
0.10074548967787125,0.05274056924912483,-0.10384802194108178,0.09727514771224466,0.010460147141922381,-0.08452971493802905,-0.225229749382359,-0.050364585683141214,0.13335948858933408,-0.14659387762706286,0.08660085917120756,-0.023944743161835275,-0.0022894010345716584,0.03196894001000128,0.08025421246910787,0.185997178642181,-0.0580339537284051,-0.003558054457302112,0.1929372649007026,-0.1359057489009227,0.05152607555650403,0.015235852657160178,-0.19467059937377093,0.04353728488260967,0.060642021565403145,-0.2267683050877818,0.07518942634844132,0.010848081779324156,0.035923640082091084,-0.1380505207849412,-0.06228382715978744,0.16047573281848457,-0.0021023318414641135,0.06283719743199173,0.02906928233146482,-0.04515763122136065,0.1346753006489828,0.19646831349627475,-0.22858757460154813,0.01495729635469223,-0.2578518980019525,0.03440109359358613,0.16893267750819518,0.024984575588150648,-0.05677039356500162,-0.1279489621417681,-0.20297454582704913,
0.15671482544184656,-0.06310049999330179,0.07329285651474135,-0.12384067743173675,0.04639013663694533,0.11896290390903974,-0.05922464248035446,-0.0873406290891382,0.05526694146406489,0.039192625437986434,-0.039133094984552766,-0.12283460491986715,0.16942579792019546,0.06907640237762037,-0.07990067924028575,-0.06821668567254663,-0.12543355542663215,-0.062437471043089283,-0.137735441437097,-0.04946685750170687,0.06563657877261242,-0.06376253519073126,-0.07301376536767853,-0.005234934199863164,0.03334682177120869,0.09857271481728185,0.0012721991118656065,-0.16325950676569195,-0.06394570958277951,0.1257730625243686,0.06585850201909306,0.2510415545433464,-0.002070027414352833,-0.09869860110696044,-0.009081533319109719,0.10457683542271153,-0.13417631336424737,-0.05364805986279005,-0.10968049528666766,0.21653277670777119,0.21667649787122795,-0.009311344143291735,-0.14086990894766657,-0.06480218998096118,0.12828765920536195,0.14243973301069837,0.049733992817633056,
0.18998455296036332,-0.11226912555660169,0.04005317928198061,-0.1686330268381726,-0.18535890597695345,0.02993324183022905,-0.24981597764601324,-0.022895708727150382,-0.013960885115686524,-0.05599328286235258,-0.12464722213485199,0.008245849446658026,0.055305758179227504,0.05399679216495008,-0.0287907501304857,-0.004275707302086111,0.1318712446739968,-0.002875703560775792,-0.1524446577746694,0.17107976281919163,-0.188314680131422,0.10442180532195669,0.12146611230972505,0.00963383686238038,0.1597239693009489,0.11792095196831232,0.06412146597888484,0.0718793041877167,-0.1575686927611966,0.031347054607652226,0.048948335442561115,0.022022069620718468,0.13814520429879046,0.09507138829063991,0.010525934751610448,0.040699953580100916,0.10677228705291666,0.0768830763117365,-0.022262977148803136,-0.09869432080513456,-0.10075995906053412,0.07662439650395318,-0.2709842913806772,0.07956942125117711,0.17779004769236664,-0.1896435799050968,-0.1296404068554035,
0.09395317298389179,0.07573345414196954,0.13293646537564147,-0.09563261939893875,0.007612346490677206,-0.018458176400726268,-0.08372195846462364,-0.006065519454937112,0.030984259844822032,0.08028963290853704,-0.05961633581300485,-0.2178309435485203,-0.23111668692788928,-0.16713600065848297,-0.0949240526119076,-0.022471668423453377,0.07287052895453607,0.15383223762411335,-0.1063530033510157,-0.06484926617541502,0.01907910878805403,0.20926902198426042,-0.07198041198485884,0.13166218418407374,0.02423999798644645,0.07542001181755686,-0.08652908545955455,0.14203829274504481,-0.07150454941546004,0.05380643307982894,-0.00615300970702664,0.08449728428944334,-0.21841136630098032,0.055544256687619045,0.08021966534204535,0.1275605687557706,0.1750909259047852,-0.2503292841674375,-0.023329066098171213,0.029453732754579184,-0.003231482783746951,-0.11072102491875728,0.3220226096591788,0.0015090513799803167,-0.029613677813933433,-0.09434124798570603,0.002796166719797753,
0.047250037589927074,0.1446398581155238,-0.12780967369950344,-0.18075478864183459,-0.14752546720195855,0.008884315153448563,0.13024893811023117,-0.044783201715380576,-0.1596783763085229,-0.0918095278248777,0.24461586991402914,-0.047832759194143634,-0.029687220684092408,0.016679541312324908,-0.10091161558545221,-0.023997098716314568,0.0034028863910946752,-0.0617602054488333,0.059309429391108996,-0.06959527161416888,-0.02977976709934535,0.08872781735116521,0.16452063416633228,0.10700837764466391,-0.10398879533331305,0.013170124733702044,-0.11026213176162271,0.009153768027689293,0.20551474227460376,0.007522821191994494,0.03575903000154848,-0.15551579848551605,0.1396689464318464,0.16054482375658494,-0.06182865785620313,-0.05671872255732685,-0.01575787952277696,-0.05357025205188629,-0.03526686886006455,-0.09527476570345367,0.046391090135864864,-0.15462390151724634,0.028164781950903158,0.03659475542369543,0.07863991717206528,0.04960717561662055,-0.13761685064779872,
0.1583146094382867,-0.08008055318858205,0.10783709520128335,0.004604175450765757,-0.07424567940115882,-0.012838311112413835,-0.011869547493902987,-0.14906582970755605,-0.11166715337081566,-0.007030217062561426,0.1523993590285282,-0.03016698069841128,-0.07188340855220472,-0.02943058294014577,0.058487714016634336,0.027928076382784658,-0.14894401799003393,-0.12689556989008668,0.006065123104286663,-0.06296494084257193,0.061434037002106735,-0.03818616290482234,-0.002534261171718467,-0.022972343600412788,0.095004855174329,0.16868820407580096,0.2127916040983809,-0.16027457367859202,-0.1087765405750812,0.0644609517025904,0.0810372610255686,0.19507132893921575,0.16257736115563953,-0.23210698551137424,0.14663640226564392,-0.017975388103735845,0.012486498697825392,-0.026589714332067322,0.08207994541381998,0.015536926371686636,-0.007890156283526973,-0.35056317198244796,0.015285161588664045,-0.031221720519902154,-0.08450378555776746,-0.18437978250933457,0.01920463184224494,
0.03693657019462262,0.17183561420187693,-0.18024652631901286,0.06223769181371816,0.012651293156453525,-0.029511271794441744,0.0769166042550422,-0.019382418016591685,-0.03794521167121388,0.004318262632443944,0.13849002928045834,-0.027546654456946238,0.10362969968829533,-0.058369888144019486,-0.03738978451279417,0.05660567215566307,-0.01737026744459642,0.26972504408755543,-0.02951693560454048,0.09417311843580022,0.13352580156594926,-0.04076323306745303,0.09487909984505019,0.0007470914749538012,0.06302733119219392,-0.09552036632462053,0.21432366691324745,-0.023487324811022944,-0.11393445442313935,0.17852383578700629,0.027307056223562463,-0.06970359983735497,0.0021352199210371943,0.08822048317430761,0.14689430578221008,-0.08669991086285014,0.266134223729376,0.16075183084639905,-0.001820018030015235,-0.03806717766087634,0.04014299478155499,0.07040180943055482,-0.018165619720676984,0.06607197998502673,0.10289202528660779,0.09768720863590843,-0.0014050315355433145,
0.13695475007530622,-0.011734998771957567,0.15397179402953956,0.07636130631379393,-0.014691659293403941,-0.010842343168690777,0.04682176006142714,0.08869506598911212,-0.20541435716733353,-0.011748709594335247,0.006620622458693693,0.021867175658851754,0.09315328082799994,0.039329377500611835,-0.12475765940795272,0.0897543535054028,0.07288550831861255,0.15012169248279755,0.038120715784037584,0.013227199632110335,0.07995525566600632,-0.21679289053531622,0.07098596198149634,0.017705452488039453,0.010216944507199332,0.07206172694192785,-0.04088029797578926,-0.07072616460245153,0.26577496800300515,0.012404081997928022,0.01253433203306377,0.06884966859710905,0.27333610817971027,-0.1676867747473742,-0.024053163948775044,0.13902936967397225,0.1628260570339121,-0.06161466986864631,-0.18195397435699714,-0.00009886274591995254,-0.06843135385101155,0.1350417660551754,0.061221085262616395,-0.03399431176301956,-0.09561016397513425,-0.015505185122657998,-0.12890266125369024,
0.07173700484764059,0.09672280883961594,-0.078153159891742,0.3018048557503991,0.03344828219577968,0.042001100798132164,-0.08666200389772265,-0.004563503811047514,0.06453994607511229,-0.1590192241372789,-0.06413566588769189,0.12316957919332851,0.012159958312837046,0.043530877605357406,-0.17738527058388012,0.014326267487820562,-0.2056794075496642,0.0540292153923667,0.03946885838353118,-0.027299802122230796,0.017913796352259613,0.10216792115096025,0.026228276123401995,-0.09857129445983748,-0.04244357500650143,0.1846783127295768,0.03452855150182593,0.133471325249985,0.006523995846699212,0.029095919361963266,-0.12008445910554075,-0.0026467123776601647,-0.09696611241084553,0.052739610816657685,-0.31201487153822105,0.07495579941785611,-0.17417625867483105,0.04508930159233319,0.11038922467989289,-0.27444132137525457,0.0048980508123353545,-0.04231293735154135,-0.01873566920229039,-0.0415095736592893,-0.23441603442436493,0.037360213867806955,-0.08756984886349671,
0.13156173484668351,0.030390139126114227,-0.23686322579592464,-0.012733352639962569,0.026985270127400603,-0.17407125574811075,0.21270585854229054,-0.020929794222124473,-0.014830820646085907,-0.012929542618832184,-0.0040130255527682296,0.06509870932576216,0.01022904826186171,0.06911042035476515,0.31182925706421394,0.07420432057546346,0.03713410331232204,-0.15990648313224984,-0.06087308239348983,0.016586667773926506,-0.05864483902650222,0.010999782209287637,-0.023634391806732588,-0.12580511019290105,0.13942737801299432,0.015308125653982386,-0.04461790941693843,-0.08576629991612847,-0.13501178811352937,0.01712777317292949,-0.09610462495198811,-0.016217141176963903,0.07901377961132418,0.04408933061845013,-0.02242496963715844,0.15605247988128906,-0.2002323619275974,-0.15299975547700476,-0.13625339636765077,-0.16738794533217358,-0.14909873117298356,0.14342235778688348,0.040922467264306935,0.1403927166565795,0.08500799123396939,0.005146112533926717,0.14090094601120398,
0.16339974358483658,-0.06154032321367245,0.008304676548339204,0.06359685466958637,0.05643669237540544,-0.0255077825502094,0.10643253068568062,-0.0850583832807233,-0.12390782637215261,0.16367911603218652,0.07644718930504506,-0.04918786428617685,0.1339005187009833,-0.22380604780914837,-0.08664599094473428,0.036493440904915055,0.1153996811098758,-0.06159710245897256,0.006713487338915326,-0.1422611155689475,-0.02512023530252862,0.06614044724441236,-0.18447980292815688,0.016492796693935236,0.02514642951189271,-0.109494883318297,-0.12558081577769556,0.20044305055730344,0.04874786468029024,0.1171388377090309,0.014891311660226308,0.14459286264706794,0.12518414926924154,0.07672921530664767,0.08825760811462272,-0.06919315595259659,-0.07008104411523221,0.11954789926162587,0.16627002395639848,-0.1832883192583251,-0.19521483594233066,0.14776127654821408,0.03415342886586465,0.10188250037244971,0.20428147722906095,0.08403404141610438,0.20983847611971043,
0.15769469765273167,-0.00315247620129549,-0.0270867043412911,-0.011146102544074657,-0.02099977728559203,-0.01066805220606833,-0.04431261148724886,0.2824802847354559,-0.03086853942321982,0.13534134802988185,0.019117466447413026,0.029731901994491466,-0.1870504097453972,0.032627944210992965,-0.11723512261329695,0.01758383407577902,-0.042188806419139815,-0.043053232301231315,-0.038870907004987236,0.1078136713209089,0.08242204443767435,0.1345757863359573,0.02145443027796067,0.07283259852377115,-0.2597304664074137,-0.07600065301315655,0.20333924271514273,-0.017497067029801097,-0.13443028875571547,0.20499975657386713,-0.22549536251589541,-0.10422765058939461,0.08833596651767843,0.11946098486543254,-0.008294653683626361,0.18734477712529193,-0.17499554242795254,0.05908064920048649,0.037823981459126355,0.20025611693904208,-0.07120196984862229,0.037899771655115974,-0.04768589807470334,0.055700006396928244,0.05636470427074042,-0.008135805612411926,0.17909064063334876,
0.017188758258718854,0.16259974403774388,0.04474695319683472,-0.0821945424320431,-0.07577926453502361,-0.21575669365072855,0.01676193160845341,0.06382057528207946,0.060348555719682936,-0.09185834698453879,-0.11884011451173783,0.0005087792929988206,0.10234759432042961,0.1727978643339432,0.09508708766594678,-0.08443171759832231,0.04359012310629104,0.12276503046782286,-0.14038494409070743,-0.261298614554463,0.04204148584498639,-0.08378838166026065,0.061025875891784175,-0.021404104775679507,-0.06763280441096405,0.09744985288929282,0.018473130345008547,0.13228412626988084,0.20205156798829876,-0.028605138075939285,0.026097583784385807,0.13812298501073203,-0.19621074048404,0.08080087882134783,0.015226752468705654,-0.1366764175599614,-0.004610335202609722,-0.16997367052002016,0.3305764500976124,0.14205247646525426,-0.19268544726021863,0.07108282366877482,-0.14113220606661822,0.06786763396399428,0.1689834968865156,0.06766373885689081,-0.0493006196453257,
0.00792820765473906,0.20405871056233732,0.07935563725993378,-0.07813893576443563,-0.10011028370884864,0.17722438482137456,0.02999718279576998,0.06710986825304109,0.07240142006139669,-0.1737029759341371,-0.09578542819620203,-0.07115312751604647,-0.05960554950612725,-0.04748611150545998,0.09719249583362059,0.19538730626359313,0.06003406272343197,-0.004646660758312049,0.003967725911777767,-0.08524485082773,-0.10563510747484722,-0.0869047218443296,-0.14190997656339038,0.09658607201723222,-0.181764245910132,-0.10303050142953751,0.000849767620958347,0.17919584180099143,-0.027646152965002207,-0.0009979896018860264,-0.15116475320619796,0.07639580430444803,0.0010827854324762822,-0.1017548040075286,-0.029334127879955336,0.17270206491083764,-0.16806414749720855,-0.07027569887365492,-0.20378356026336342,-0.038634619663523335,0.19718811299848824,-0.047169171817305705,0.023188424399994446,0.18239194418935195,0.12217106507185187,-0.009249712704235868,-0.07767171011377887,
0.10769205777138678,0.06174426484151247,0.012079025906679393,-0.0014277583167964475,-0.0037425813465246658,-0.048920382919788924,0.12394030201403365,0.0770074951973748,0.14493937119007383,0.08172877766263492,-0.04395209182287573,0.047745620356296856,0.08091006528268813,0.11113278267932993,-0.027156204614379374,0.03890400156820958,-0.042021957252085386,0.23948511690457414,-0.08885965645575487,0.04735837780053365,-0.125101016030332,-0.06551234589482234,-0.10701404356695435,0.09845124220575405,0.07908143086381642,-0.044369970344714224,0.05556042894849355,0.004926412653945524,0.04133345665008796,0.09532198818533956,0.15320060336820232,-0.201065388517801,0.050745502329717807,0.09919072547343014,-0.17051189448984522,-0.02844053403849344,0.1274045284993156,0.015282718410990312,0.06425076123390873,-0.04648352007429213,0.1585093894688352,-0.2981198516671266,0.125046887027557,-0.04952365672121325,0.04930411812216822,0.09920567175453432,0.18554664798911616,
0.14480630828689842,-0.00504783296605562,-0.15807298298800618,-0.0004994937817143175,-0.08794041254047848,0.08764619562741835,-0.27982313937253883,-0.12636162575312757,-0.17822526537508102,0.07484067666748931,0.010748132587928555,-0.09114301497504557,0.002604992743761181,-0.08258108089843649,0.22024248845900032,-0.009849816969250268,0.0851926952675234,0.055729055004073554,0.03519991646130045,-0.07294163821381039,0.1409002907095395,-0.03255136219343346,-0.08712982171029689,0.058450203197306747,-0.06904532856036175,-0.011859527836703417,-0.03937945809649757,0.08238984638958191,0.018953341077097098,-0.08764377122182661,0.06618279369704383,-0.02924449266030686,0.09464181054840332,-0.032113463172769835,-0.09612766988752051,0.10813388646144129,0.14456858523368377,-0.05736166259945768,0.0982923552870379,0.0030904811815918734,0.09611488588466818,0.17909477357549292,0.012176600549263707,-0.07800932368363103,0.14288254066688227,0.08510796115934428,0.21486188418709182,
0.05243802716377386,0.1416191169551738,-0.03568061916280631,-0.10312157519384756,0.07911303658928572,-0.032592420261798156,0.019318319445019817,0.02109916975888744,0.0036472779357952768,0.15350480211478043,-0.21736531388527827,-0.16927748059791486,0.15069486341164304,0.03244879685184224,0.07656238919901094,0.034557292691910026,-0.0301642882315497,-0.10988458989915681,0.2111889010255838,0.105305544311126,0.0259017965634598,0.1084711394320509,0.007185771700221873,0.2230699488854324,0.14198876314495007,0.044775635272339596,0.20056609128903194,0.014992267940664704,0.10415406638788607,0.19670702126223175,0.15691087633511963,-0.09696388434245636,-0.11033798216018348,-0.10611630318647688,-0.058540387835086076,-0.04448224647172633,-0.22157821677154868,-0.032688631929302644,0.04783636125500058,-0.2081898831875255,0.07333824589823358,0.0575448560610988,0.13097465547891768,-0.11187096835397334,0.030390000688814388,-0.1661325663671844,-0.06362775898677096,
0.009856361970981912,0.24308952459571023,-0.02486136913624093,0.13717037844134636,0.06732237325899336,-0.032434390867963306,-0.024190636808246357,-0.005494311712325626,0.07223135289818165,0.03738592984966174,0.07681314705127346,-0.1537989578255602,0.036365175552548736,0.15600943079980942,0.15788949057064594,-0.21169690394694082,0.08563239012673489,0.0468297994453326,0.2198195167030965,0.10128693618340562,-0.07958926800731182,0.03653938105887397,0.27384795436761733,-0.022834285273643166,0.05171297415858262,0.060028265135111204,-0.15353719974160993,-0.03647389619563845,-0.054698285557456164,0.049601133572746064,-0.13340999120196487,0.07859698568694225,0.06793823654765341,0.09638399848206565,0.0029727833762619635,0.18759709767397367,0.008669497272487926,-0.05723681387776996,0.003810635652891445,0.1964142499937676,0.013354730753736612,0.10701408111809063,-0.010384544500428156,0.11666451503123673,-0.13667363720992154,0.13460337493127636,0.151563062959342,
0.16520460496744357,-0.046064876285101315,-0.166880248133634,0.08950061731351486,0.024120409280141163,0.20156953930124646,-0.12590005726273193,-0.19507354510957783,-0.07495140714660169,0.1590981349863079,-0.1666743169225469,-0.030979247740901626,-0.07718612612880421,-0.10090798155416571,-0.13205429138421013,-0.0971656664853883,-0.22200939961483268,-0.034319902675190236,-0.045056195316218094,-0.20870511099608893,0.07559134769616613,0.06310350401845054,0.19146653900615937,-0.03901831440285623,-0.15649868642380924,-0.01984079812916525,0.009210740932302819,0.06036414409650675,-0.042067239616603865,-0.06901294611137261,0.05184432898922548,-0.04413578420451168,0.01625416935577113,0.10222987938910001,0.07442377784437472,-0.05378413724503034,0.11868334334368458,0.05597501411876044,0.023539762940837455,-0.058848912611771324,-0.14932983173838751,0.054704218123474535,0.005092591277880853,-0.1733314918028369,-0.09764301788044273,0.16916653634804055,0.0074302234844033765,
0.00597328974543093,0.22242493252015996,-0.01617221160304362,0.029369662211863417,0.000542611749225945,0.15020937835218234,0.17786577592766087,-0.0907102232435104,-0.08671011432723405,0.14007481601916097,-0.10010098910591034,0.1065984360332539,-0.1087580681269238,-0.004835099807685232,0.01677893270994928,-0.07451415795491328,0.09689405043398865,0.036988516143948595,0.07612154918234738,-0.11187443303424434,-0.2282150622131104,0.0464737656851973,0.027009286676621905,-0.22786883266695213,0.12070698202919555,0.02988782976361216,-0.03112355590584491,0.11328446046843527,-0.33127998483803095,-0.04092120271570136,0.095931396448332,-0.056526742139091944,-0.04381821368055225,-0.17413186709674658,-0.14720567762566075,0.15905510645469811,0.12331587659369288,0.18745664094992717,0.14693435979374025,0.167721959648847,-0.09380408707091085,-0.06447992630893717,0.10135549271629546,0.010451150706314326,0.006291877525953038,-0.16737078972996997,-0.016967242363377256,
0.04680261291788892,0.12526772670904165,0.08107668657384204,0.062466037875555054,0.001987718651658726,0.055020135528801285,-0.14793851471109354,0.23187150512056204,0.0628391955499506,0.20092992745136196,-0.03565487879403787,-0.05731931160149799,0.017057083751167885,-0.0727372170815276,-0.08441508175046417,-0.017640000738603518,0.1372132709505428,0.018411808286568854,0.2801769098308796,-0.1325973085753287,0.04054865423839884,-0.282023797875717,-0.07743125283193945,0.14844854291030682,0.09489781592683157,0.013296548885128462,-0.032279975421315533,-0.26193748657663835,0.09208891468591708,0.18856326865054818,-0.005319907149554937,-0.213511710479166,0.009606075213323614,0.07603096602255174,0.045145145573850985,-0.04757629232784299,0.013783102041555475,0.007283511893098956,0.018300364537973984,-0.04187571110304439,-0.050636854720028386,-0.05641748383559186,-0.0865716737932335,0.057033888114704674,-0.1496025798943239,0.027484839790387704,0.027171089624414967,
0.06990580126914898,0.1098551790193837,0.1348319411551687,0.03336164339123418,0.06087376466601013,-0.12630141785937085,-0.1653236300674088,0.09726506619020836,0.1076507046854168,0.3308044972897586,0.1522316181015284,0.23506977075078192,0.12426932683907113,-0.13052161343572952,-0.08639918607305579,0.034727287812815276,0.09987751010106312,-0.161161679617598,-0.09567759091491206,-0.13612449544049282,-0.07257334654127588,-0.07950156812708602,0.16331740771782274,-0.1631158626428212,-0.1888976102578281,0.06302836371960911,-0.09067592181068772,0.08634489477264827,-0.04719953946658502,0.09400891082381584,-0.012016477125476278,0.011092861272414946,0.07873063801179321,0.06462115981796909,-0.12928982880472967,-0.17823338982943063,0.05051665008172081,-0.1581607868262779,-0.14771108321241802,-0.01068333682055986,0.07233043037828106,0.04089737613990331,0.09220570134640899,-0.05652201942451941,0.0923110088068868,-0.12501340481509035,0.019054694505049104,
0.14894778104278922,-0.06078521109927438,0.09371610564072734,-0.18417358334338865,0.017109378119565203,0.1968925817810104,0.05701544148230334,0.11759680640520467,0.06032810745017729,0.0009312407364130579,-0.21138978275596415,0.17901778496368176,-0.14564290574496677,0.13071702614567357,0.22628281933620953,0.017644137245763206,-0.0757815149579845,-0.14662842737550397,0.07264559326367051,-0.14148694686011712,0.18844567533112902,-0.02290100926201684,-0.05074714186643924,-0.014697966173042868,-0.16650732616181413,0.04621775618390968,0.048274922436415055,0.0795193959116761,0.11548699375497201,0.03137903305753826,-0.04666075543767855,0.06165883690975717,-0.030519246740179255,0.11741559066612725,0.19896971394680432,0.003995111091262436,0.04944452116463369,0.07011026682186311,0.09504692838155586,-0.061771586857649885,-0.041820738360650464,-0.02462767247593119,0.0026777540160052185,0.09227728083749849,-0.10534245111361097,0.022322994612414982,0.021632379469037864,
0.02416650403425735,0.18725052377451545,-0.19962432929000226,-0.024403367573374152,-0.13173031181263997,-0.06415180338123547,-0.04801401450325511,-0.05882607462530672,-0.002165557635951792,-0.1517196640087872,-0.16643387657478437,-0.000474806582421641,-0.04543321220640363,-0.017813810283827315,-0.032372726840160154,-0.12166940333039754,0.13779821329030698,-0.19768750845089733,0.038697484172980676,0.03417148130301026,-0.11806048806526213,-0.0942663694532405,-0.10635407345235051,0.06933729875532103,-0.3384831511896676,-0.0282229990241158,0.032728632946429456,0.12648736127098137,0.07585113793560141,-0.10000420127653915,0.09736929158589343,-0.09215041094442314,0.09265424854368566,-0.1374009764340783,-0.001094689442941629,-0.11880789462171708,0.08064980247850922,0.21536384159987565,0.04946800599049101,0.04780846414549838,0.2396144351448842,0.055624718203680486,0.03240950687476665,0.09801958145506096,-0.11697061688635103,0.01779497784848038,-0.012816117918525882,
0.0030745857400901063,0.18111656635569703,0.102296380632207,0.04391761237055889,0.01961295742735834,0.21593228705254924,-0.18295485109520102,0.058176812357289595,-0.1180167608855369,-0.0692591596165588,-0.11613603112066727,0.12189066847639121,-0.000813561800827567,0.010154618470797594,-0.1036411685598813,0.07535692759553447,-0.031195527365363875,-0.16188950415651188,-0.11936768617658002,0.10947804790193712,-0.2636935322674791,-0.21257366278750833,-0.03213064861940242,-0.05034877936336714,0.23562801324801075,-0.06486181791080164,0.13875260281038507,0.018223006982701063,0.09988862611061491,-0.15782561748356405,0.13580754626688604,0.07622688530895531,-0.053547972726241386,0.09429353506231647,-0.03233336444909405,-0.019542682857845335,0.03345721775465303,-0.11840273486740276,0.1061864180666552,0.10913484803707088,-0.05978284026240888,-0.0911964400196761,-0.06408587893907917,0.1032828344952158,-0.12353437018358844,0.11500044339323587,0.2127640844180829,
0.1507336258069164,-0.0272151548132364,0.11722492191762027,-0.14329803106002395,0.1655839274774016,-0.1827683421792776,-0.08225903278343352,-0.12283827337699361,0.12408827375257736,0.07216494790059963,-0.008381893491403341,-0.18232565598961642,-0.13125449815608425,0.009288534695467553,0.0996609247392365,-0.08987920526799688,-0.12417300310811324,-0.05921181893593933,-0.050346343096374965,-0.08147707068533092,0.060797557250431816,-0.09883970788718263,0.07614257256125166,0.09569200334608542,0.004397812172385636,-0.15026695967569748,0.27382745189908186,0.10188297217104261,-0.03332256081320857,0.02866460824763766,0.10712293525813743,-0.1174621850580477,-0.04038061881350607,-0.02235723924490195,-0.2864995146361913,0.12504739522348088,0.13714662906349978,0.1661923639732215,-0.17718855033330583,0.022587914637421564,0.07198115248056121,0.015692514033190306,-0.08343440916962012,0.046324155500544376,0.008218947103038709,0.0954751031596874,0.06500391372201479,
0.08331942616517765,0.08431146650431369,-0.03132579752495832,0.04469602144257985,-0.13296797675573926,0.018770812337170855,-0.07127982392497982,0.2045179881273565,0.18643292788752405,-0.15992828397010664,-0.1365635468659114,0.004762186619714951,0.06086504082719856,-0.21624595840649025,-0.04317799398347227,0.02002944402790293,0.07072085963084913,-0.1111034143169404,0.03139268954254127,-0.21463536187750487,0.05036862278215964,-0.022891493535214167,0.02352861367562241,0.04790923200598696,0.20745891296373475,0.23173712375583658,-0.1343078009902153,-0.06156404360009425,-0.1644124507862854,-0.14849489304795674,0.0805871311575334,-0.09180084561259406,0.022792765768985413,-0.17902147327300202,-0.059811068869464516,-0.12415589782412714,-0.008624217765338277,0.1760676250476431,-0.12449587430808606,0.10880835139770771,0.05555436915566795,0.09094489101966659,0.06236648580054898,-0.0177184404286573,0.19080466087580938,0.04191553303500033,0.06587789754055126,
0.10713487084791543,0.062113507881424244,0.0350256899135975,0.03825910689460063,-0.11759925034253717,0.139006696346294,-0.022365146395425604,0.10869218974157162,0.05024630765067428,0.08460012194875548,0.148473002061455,-0.12450473925418297,0.20112232514640285,0.22760923709776634,0.06647767460295487,0.08289366392629009,-0.07622231984132413,0.027655928728228814,-0.14545016275298414,-0.11639517709436115,0.04294570671708338,0.10439869118798546,-0.0030730357259203703,-0.12631107524992158,-0.028824989153187586,0.1448820542895298,-0.1153774335034786,-0.02699587047989117,-0.054289315112067235,-0.11602254693743261,0.1355594180107557,-0.08375341488490229,-0.04371501615144579,0.027805766995650547,0.19816092842758795,0.08872935012371364,0.02060513438936388,0.10331737208911579,-0.044985446037006833,-0.24973249863332414,0.16235511764725064,-0.07195818150089957,-0.12217263445656516,0.09781883505362689,-0.13174656948631455,0.143474239053084,0.032387685456126816,
0.06045407582581571,0.1405968073860394,-0.1084821349312717,-0.16915732293539143,0.008519364824741082,-0.1293233123339747,-0.0018691787831828796,-0.05473010314885009,-0.012716780596730641,0.023222524348562645,-0.2328885550316584,-0.14280803866317907,-0.017208185766529657,-0.15518654425411096,0.021387278355316754,0.11818741417868059,-0.06930125298539556,-0.15466821295256333,0.02185675242425827,0.10961873850600924,0.17744540747629892,-0.1418392104506622,-0.03977336900473379,-0.3360412744312364,0.059651424460584405,-0.06944029817572561,-0.1793828423057107,-0.24371436637696253,-0.07715024597569806,0.16033587186216056,0.07009468884054529,0.10098379661126712,-0.023858709649685,0.2746735916704247,-0.007998852238392699,-0.045005045542033655,-0.006742698309328003,0.06614366605178185,0.13090973813618892,0.15020853508770202,0.07574627299778272,-0.059959163198224245,0.07554074237790039,0.16275642685273456,-0.013470901522963,0.057470792492464555,-0.26138217763379246,
0.0016546702470126822,0.21749303172122894,-0.08674222524109469,-0.18107113756476775,-0.09508150294569737,-0.32811581073450413,-0.03215860301330027,0.01930747201251009,0.11136285484724662,0.09288342449316547,0.09371473832728527,0.19180282994909473,0.06679065430499527,-0.1744008145740352,-0.06380899282797878,0.08170427867781738,-0.13012712042696015,-0.12614033934691696,-0.13495205154556622,-0.059577614581225374,0.0632529086966141,0.08849699351183404,-0.07039703008219088,0.12797683443047547,0.1333240542532337,-0.09495354027131961,-0.12689872206480615,-0.053648105416728674,0.14285213435124225,-0.08531143295811063,-0.03096297664559616,-0.02675543287318595,-0.1834538777645979,-0.19229504547646398,0.13491389634162054,0.2574716860984963,0.10707185223715941,0.027675359873633287,0.15913196317467443,-0.0444226575400633,-0.06839372715169117,-0.029623698104029,-0.18161746905274248,-0.10923891094606375,-0.17511000157847878,-0.12098866148410126,0.1733428643539871,
0.10850962338624978,0.02955108590531952,0.12567250348241962,-0.008804033547918848,-0.10599366471851845,-0.0034393436212072862,-0.024029691185729837,-0.20220215219797905,-0.06569108731844228,-0.027640903968224002,0.14907705104351368,0.24339454777327632,0.09642899307138852,0.06340479597053406,0.16715366839511928,-0.17430492627773864,-0.04036813050608695,0.11625709899070369,0.0749224615387341,0.11333051819988783,0.0019198396900856054,0.030646487134666292,-0.23161240483732254,-0.010088704498515118,-0.04980272380968184,0.10009898293013422,0.09172125992907075,0.031785216357519526,0.08963387610883343,0.1410423018934898,-0.121499321330589,0.08763417217793751,-0.1643363656440463,-0.12398384820522061,-0.15063579055033222,-0.0446110140297645,0.04799502543537462,0.15588436352077786,0.04927300525301354,0.14564998736348028,-0.027305474330932812,-0.03303417558361064,0.06614207722505785,0.01745359282970526,0.057045306738410226,0.19739774066567048,0.020964783890110736,
0.16199993328265283,-0.030797736192356623,0.028265388833270906,-0.07305119331834375,0.19802879152313715,-0.11754109811972986,0.06195614622029482,-0.11562810417163362,0.19727367633208595,-0.021593574872135465,0.07602082409344488,-0.04242652525328421,0.20486110925026885,0.09690424938147323,0.03694608671873856,-0.026143946654182106,0.03868890883234724,-0.13619668118905764,-0.0684221596763937,0.0008220021691287757,-0.18570538852759408,-0.16254871681534777,0.14717486086133885,-0.06083872258914242,-0.15250963878381588,0.07559051572796771,0.018554925140534428,-0.06036880631301603,0.06045968749403074,-0.0889172266988395,-0.100868076676164,-0.12244640869281503,-0.12603319390137221,-0.11124306939660364,0.2363388190825439,0.036677380148622235,0.08167402595291502,0.12538173708138267,-0.1091570294531591,0.016389669297415296,-0.0027139739648876617,0.029667246182482728,0.15654723517219224,-0.0909169015170427,0.04807143014160962,0.12041472672111171,-0.07564165491524803,
0.1385339220069099,-0.018516319087554255,0.1682749318402949,-0.21751756283395132,0.06872034518923724,-0.019156779678791286,0.14300427966291318,0.1798118528610928,0.12393660409948684,-0.1504874632439004,-0.10799448186887711,-0.023306312227249434,0.06770153995525766,-0.0006888416940194928,-0.011242476631028531,-0.23109897425442102,-0.002791244523311754,0.07880862249430581,0.03424328735495432,-0.1278668472147233,-0.08017588230031755,-0.0637840188895679,-0.08402976853463737,-0.09723416139870894,0.019925113492427274,0.026162451046111816,-0.014965280794378455,0.07088553168008185,-0.00551245427128297,-0.013636003216913717,-0.16697991025392978,0.03915792466127277,0.3110420012179287,0.030772363587414427,-0.09645701686783918,0.1831900311683556,0.16630206241376516,-0.08293919600806395,0.10577682115731567,-0.13044926535351725,-0.10251250431801151,0.07426491151315424,0.0172854694783315,-0.2321294636835936,-0.11660305408883057,-0.03668147948846053,-0.10503119884525616,
0.16772139065911854,-0.07301044101722236,-0.0698927181175702,0.12981171092465504,0.014204462230320394,-0.07162595139557902,-0.1869352142288996,0.11414872682985334,0.3530624273353514,-0.04792040166363313,0.05707939073247545,0.10232909677271336,-0.07206045772717405,-0.018349884891315792,-0.10260285401698224,0.11317421355846108,0.03405460525911725,0.083938885951179,0.1678325073789545,0.3541193444356947,-0.07324773088349233,0.03561679389710272,0.06658074100748898,-0.10119290854837518,-0.0753961628181869,0.04696473272484224,-0.0285406182815745,0.03369370838113561,0.09998308566078104,-0.054596872800054756,0.10849265146966598,0.23437100285136317,-0.07503521911922516,-0.01111891550052711,0.12211919825817563,0.16073918126490142,0.10987010775384246,0.04771633507493413,0.03774807886891696,-0.13676531480790072,0.01130283855684349,-0.07834548160064121,0.02067618230189411,0.1495310811173912,0.158957034847592,0.005593320701617534,0.11400372142646768,
0.1420000306321738,-0.03470988391423449,-0.0694501870909343,-0.05198205636803617,0.012334289660091107,-0.13943841976108545,-0.02105518769930623,-0.010028265993688607,-0.09287116528774875,-0.24088422296514841,0.1317152228722481,-0.025922011828908617,-0.06389881980699047,0.05851406690586749,0.12680570152397785,0.08638286289735865,0.16910617435522193,0.03481660386129466,0.06101697498764295,-0.16052585285689108,0.02942479444082222,0.0442685134846703,0.16965926811028284,0.0729772689202994,-0.024422628615456406,0.21992163163005626,0.21126586557796237,0.05223060234999122,-0.08952969153756242,0.13030714852290942,0.20720369742298236,0.06878082991643547,-0.1584617914364458,0.021051091555250118,-0.01008121657892735,-0.09410184413734744,0.019591711777499493,-0.2132659848919767,-0.04252753016516488,-0.01989756986855895,0.023097333165120214,0.04445309547669657,0.06372607737776165,0.07165716483249816,-0.17254983185389308,-0.0329871053085807,0.08744587618032404,
0.03814883738640955,0.14578172894399502,0.15128465054223944,0.1334590691678417,0.2471239164393335,-0.10844392454472496,0.08721002312626851,-0.0844365178504725,0.050482832347794125,0.055088424159505246,-0.09299164380919488,0.016293223059772093,-0.05570227824478817,0.17958366738696827,-0.223623341619538,-0.2301266038618503,0.19659298453668492,0.003802095903540481,0.07929891273626322,-0.17913834789250185,0.08016021129230158,0.14120403314924526,-0.03492616185432471,0.06271434437061262,0.06990538123975418,-0.0401556224560325,0.18865597144501609,-0.0008904168860965699,-0.06836591597191638,-0.1703795667317227,-0.04949250580812372,-0.007114823495332923,0.03514368656629651,0.011679987215691658,0.3085630953368357,-0.11296102268384238,-0.0896977932906407,0.06724170365901735,0.03997063955888048,-0.027864569372635043,0.11351586957863868,-0.026596827730067895,-0.109510420877843,0.21534839495629338,0.0725797978379079,-0.17639741148698826,-0.02348596250235019,
0.00910415246783092,0.20525289758028414,0.2516718950645128,0.04122359716690574,-0.08130195288012615,0.09528351557626323,0.0209188553955304,0.0031399637421301906,-0.11583127097209431,-0.04452358877021786,0.24330181134411238,-0.18279870301129605,0.09226572179642575,-0.052165194350514754,0.259807932227289,-0.0886702320425895,-0.012307126337894728,-0.09291809109337877,-0.11070083552892056,0.10449073165913092,-0.05878998196679971,-0.04948793908633604,0.00745325964628056,-0.018110942106904858,-0.18400191973766178,-0.18381327578044732,-0.18400350413721767,0.04241101504514703,-0.08392477435128344,0.04243968693370296,0.137236423496032,-0.05225978600761851,-0.05921584579496378,0.02008060625677576,0.07422749167818848,0.05772438195062136,0.01551335356889303,0.10246040889942745,0.08699413062171638,-0.1485833726191228,0.009885017988332764,-0.04332984548103606,-0.03948375194213971,-0.028952835032942457,-0.1219131925525416,-0.2354796719190267,0.0009336992307000502,
0.012650175311023554,0.2285865585639249,-0.0793494889512071,-0.059734179402437235,0.17962963379336486,0.08562774074102669,-0.15669690219882804,0.06641649778101123,0.007917477246666353,-0.010056293864925483,0.08278599891390112,-0.08058006848010493,0.175990834904376,-0.09981539238991424,0.05500866604180083,0.26970649307120154,-0.019678093184880417,0.17300438971981522,0.025687265562956203,-0.022566622019559543,0.0229886740571756,0.211320436071377,-0.027151837412782636,-0.05580350659065734,-0.0420447676473034,0.020178699534610822,0.03671698625042628,0.14298897009434647,0.03945835529177987,0.11042242259197355,-0.09369988479002078,0.09770017791358328,0.19422468173363092,-0.13931569320944112,0.05594924921280803,-0.060249352503409466,-0.18651921670889188,0.11852526227294749,0.09013779016641829,0.1862939304419073,0.032081642118310015,-0.0825646925312033,-0.10554367003229122,-0.17360125066036722,-0.05004088225791954,-0.08861724311067978,-0.040577147699386945,
