0.17236988555219648,-0.08618212320449772,0.017137371048419912,-0.04482831683656989,-0.08723473582370167,-0.036827739791149075,-0.21393706756956649,-0.012396825014483992,0.0005457948536871328,0.0014019529769485762,0.0012911053201786833,0.0012925266514183344,0.0012924658098547404,0.0012924683225882196,0.0012924689643001744,0.0012924682436650347,0.0012924672468166017,0.0012924678418182647,0.001292468080066672,0.0012924676748058456,0.001292467507954536,0.0012924682549331113,0.0012924679073267546,0.0012924672710772926,0.0012924679493759711,0.001292467819511477,0.0012924678455205829,0.0012924675836561014,0.0012924678432369337,0.0012924678889635768,0.0012924678109330922,0.0012924677385552654,0.0012924673497812173,0.0012924679663926326,0.001292467857134353,0.0012924677718681133,0.0012924676864490522,0.0012924679802988853,0.001292467631570529,0.0012924677313560467,0.0012924676285026794,0.001292467862747128,0.001292467592090567,0.0012924677051521208,0.0012924678966480525,0.0012924676967691665,0.001292467666270423,0.001292467609495484,0.0012924679008713914,0.001292467769616879,0.0012924677688996252,0.0012924678194745367,0.001292467750843696,0.0012924678224585828,0.0012924679351486688,0.0012924676793372883,0.0012924677655159588,0.0012924679514725356,0.0012924678433847625,0.0012924677655197407,
0.018831823266781303,0.24125882312789812,0.2333148193486271,-0.0374068669997103,0.06443978995205087,0.08355614389748264,0.07677965630338102,0.06582758323208346,0.06293206632314118,0.06323052538626764,0.06311405619914465,0.06311675216378548,0.06311655516861958,0.06311656020231787,0.06311655968061948,0.06311655997903932,0.06311656029854065,0.06311656039940763,0.06311655988209734,0.06311656001210286,0.06311655973281932,0.06311655989530612,0.06311655947346435,0.06311655975533732,0.06311656004966329,0.06311655988586232,0.06311656018189302,0.06311656011308833,0.06311655982232386,0.06311655992165467,0.06311655988347704,0.06311655982775032,0.0631165598563239,0.06311655975819705,0.06311655989125178,0.06311655989033342,0.0631165601617917,0.06311656016797566,0.06311655993276723,0.06311656007244516,0.06311655995679186,0.06311655997623346,0.06311656016561214,0.06311655982821568,0.06311655989189963,0.06311655985111406,0.06311655998478478,0.06311655996696404,0.06311655994132039,0.06311655998710025,0.06311655992526492,0.06311655993635731,0.06311655993800794,0.06311655989578491,0.06311655989988278,0.06311655998850955,0.06311655985580897,0.06311656009962827,0.06311655978197868,0.06311655996723203,
0.06627229144400718,0.14964586022418697,-0.017262967000665246,-0.025381564139748954,-0.023473709926864993,0.18271391000229945,-0.1744569303014845,0.20541805675794375,0.21257991053098507,0.2128391392894996,0.21280846783647753,0.21280909568697398,0.21280910892630225,0.21280910527258196,0.2128091053982395,0.21280910636396955,0.2128091053644195,0.21280910619691312,0.21280910556973573,0.2128091059081388,0.21280910562566904,0.21280910566451755,0.2128091052515845,0.2128091055720578,0.21280910560421873,0.2128091057473551,0.21280910600319297,0.21280910569561004,0.21280910535008524,0.2128091058900771,0.21280910564542013,0.21280910560643482,0.21280910588164254,0.21280910570161973,0.2128091055902975,0.2128091054726431,0.21280910581292525,0.21280910572657832,0.21280910557314842,0.21280910574913173,0.21280910580518797,0.21280910572748157,0.21280910558253904,0.21280910568396252,0.21280910574474654,0.21280910577197404,0.21280910570079287,0.21280910562223002,0.21280910570602155,0.2128091057661735,0.2128091057141609,0.21280910571528372,0.2128091056694702,0.21280910577408904,0.21280910570651354,0.21280910559225993,0.21280910577544337,0.21280910574914114,0.21280910567400324,0.21280910565809125,
0.08349860426768153,0.07529977792218129,0.15652148124665696,-0.24472792812057137,0.044603262488611864,-0.0728455145429449,0.04262903412895317,-0.045250378394814,-0.03503419090267309,-0.03483542748270456,-0.03489273450386449,-0.034891625407573144,-0.03489153664207949,-0.0348915396263337,-0.03489153983097568,-0.03489153934542274,-0.034891539756288226,-0.034891539258911926,-0.034891538970562866,-0.034891539949671535,-0.03489153927456122,-0.034891539245217394,-0.03489153938480671,-0.03489153936092427,-0.03489153975323374,-0.03489153939872767,-0.03489153957006879,-0.03489153942383491,-0.03489153990315571,-0.03489153949953726,-0.0348915395153902,-0.03489153940840209,-0.034891539572306965,-0.034891539662348856,-0.034891539478624195,-0.03489153943131385,-0.03489153958008561,-0.03489153942752151,-0.03489153938174811,-0.03489153949693611,-0.034891539541671325,-0.03489153939059577,-0.03489153933094276,-0.03489153961220367,-0.03489153949907727,-0.03489153971277122,-0.034891539522966315,-0.03489153966818653,-0.03489153951253314,-0.03489153956856481,-0.034891539576935006,-0.03489153946030622,-0.03489153950454569,-0.03489153950456219,-0.03489153947800574,-0.03489153959104766,-0.03489153950418334,-0.03489153953731878,-0.03489153944735038,-0.034891539552639156,
0.0493406469166394,0.1590478637610533,0.03228009532938296,-0.027451799802136637,-0.12210577867740503,-0.04621586705545268,-0.09376501986790275,-0.22990993187739217,-0.2310537732484422,-0.2314842070981291,-0.23139583969259794,-0.23139872032296094,-0.2313986358927761,-0.2313986363348431,-0.2313986344208192,-0.23139863442978376,-0.23139863577797096,-0.23139863535270314,-0.2313986350626403,-0.23139863504888045,-0.23139863496152982,-0.23139863518289885,-0.23139863550565432,-0.23139863536080932,-0.23139863565102523,-0.2313986354663035,-0.23139863547714612,-0.2313986352818442,-0.2313986352750581,-0.23139863531443958,-0.23139863542111141,-0.23139863528069213,-0.2313986350659465,-0.23139863528879676,-0.2313986354890759,-0.2313986352355208,-0.23139863512916972,-0.2313986353459755,-0.2313986354954442,-0.23139863547451864,-0.23139863530622887,-0.23139863527803864,-0.23139863511449843,-0.23139863523290727,-0.23139863532993749,-0.23139863521164752,-0.2313986353197532,-0.2313986353401904,-0.23139863524103274,-0.2313986352013303,-0.2313986355032298,-0.23139863535945018,-0.23139863536200017,-0.23139863530129018,-0.23139863522817253,-0.23139863538720032,-0.23139863531759908,-0.23139863525616203,-0.2313986353542385,-0.23139863523608312,
0.15295420089024261,-0.04730238471082552,0.0773879310029631,0.15360718638340543,-0.04022740748765289,-0.1278905087832664,-0.07412765285836527,0.12528685550043858,0.11502463055356041,0.1152446798958284,0.11523671195344232,0.1152363710592228,0.11523623743806662,0.1152362290475778,0.11523622988280117,0.11523622941167756,0.11523622800477692,0.11523622782744691,0.11523622830171942,0.11523622850350944,0.11523622826637817,0.11523622844099136,0.11523622861193814,0.1152362282563293,0.11523622788932944,0.11523622868844577,0.11523622824466365,0.11523622828438401,0.11523622784095915,0.11523622861567302,0.1152362282534674,0.1152362282617878,0.11523622812628123,0.11523622845593592,0.11523622831427445,0.11523622841469938,0.11523622845983784,0.1152362283027313,0.11523622832676672,0.11523622837224935,0.11523622826603218,0.11523622847548357,0.1152362282224768,0.11523622833421213,0.1152362283566769,0.11523622827086341,0.11523622838776326,0.11523622848911204,0.1152362284759596,0.11523622830466294,0.11523622841695597,0.11523622838710988,0.11523622841070598,0.11523622842125357,0.11523622843250315,0.11523622832112661,0.11523622847727628,0.11523622839375494,0.11523622837806982,0.11523622832062827,
0.07131107139751024,0.09227684555413938,0.19842925833412495,0.05438292544637614,0.12417514535514353,0.01281195398287103,0.11629352452844463,-0.04786812914502768,-0.048662633013371336,-0.04842866410285638,-0.04848830630825134,-0.0484906396056664,-0.04849066659151207,-0.04849066180118345,-0.04849066352797261,-0.04849066215205459,-0.0484906621562395,-0.048490662915598164,-0.04849066306528683,-0.04849066299000574,-0.04849066286363596,-0.04849066283947269,-0.048490663170503184,-0.048490663080883574,-0.04849066288936343,-0.04849066286185168,-0.04849066282126115,-0.04849066275282321,-0.04849066273550973,-0.048490662815423954,-0.048490662740872076,-0.04849066282557721,-0.048490662867376064,-0.048490662497629955,-0.04849066281376213,-0.04849066283087376,-0.0484906626761147,-0.0484906627139372,-0.04849066296692934,-0.04849066285184955,-0.04849066269291932,-0.04849066277629126,-0.04849066284219586,-0.04849066277709817,-0.04849066276523981,-0.04849066264333391,-0.048490662752795365,-0.04849066276949609,-0.04849066280712269,-0.04849066280006533,-0.048490662823894574,-0.04849066287865863,-0.048490662826063395,-0.04849066268512681,-0.048490662705721055,-0.04849066275746646,-0.04849066272816867,-0.0484906627664114,-0.048490662735130245,-0.048490662780661095,
0.11499986710262561,0.06169490394010705,-0.22216515383120722,-0.1651238468704773,-0.14676179734823666,-0.0039303445226249335,0.26762250909311774,0.04740165440401652,0.040889708915197456,0.041538184857645696,0.04154236375082346,0.04154263842882299,0.041542611073795505,0.04154261100204746,0.04154261138410745,0.04154261184818983,0.04154261123029692,0.04154261046978156,0.04154261112706993,0.04154261042415437,0.04154261033060654,0.04154261094189229,0.041542610807724506,0.04154261083064163,0.041542610650562126,0.041542610887705174,0.04154261060876655,0.04154261083961101,0.041542610873089914,0.04154261103874138,0.041542610980770445,0.04154261073429692,0.041542610924877287,0.041542610852316524,0.0415426107331339,0.041542610969274876,0.041542610786394735,0.04154261069454545,0.041542610810178245,0.041542611008113274,0.04154261079950137,0.041542610916440334,0.04154261088416353,0.041542610873122124,0.04154261080701521,0.041542610835697893,0.04154261085598112,0.041542610780887626,0.04154261084921258,0.04154261086143975,0.041542610822463785,0.04154261092611006,0.04154261084648629,0.04154261092023,0.041542610925560976,0.041542610824534636,0.041542610937975226,0.04154261079092765,0.04154261077962447,0.0415426108102222,
0.12835887426655554,-0.025985899584248767,0.23490955293745994,-0.18796351612076623,0.14432887266794805,-0.1468058205102198,0.21990470942197204,0.11594961696786626,0.12093104697685957,0.12038877054606259,0.12046550022111803,0.12046381851205168,0.12046389403490199,0.12046388477770166,0.1204638863084934,0.12046388467250849,0.12046388405409997,0.12046388544621424,0.12046388568383361,0.1204638855224991,0.12046388543353778,0.12046388546650595,0.12046388559853602,0.12046388558438485,0.12046388526151162,0.12046388506270304,0.1204638855778418,0.12046388563360516,0.12046388532076864,0.12046388565058623,0.12046388547227996,0.12046388493428012,0.12046388559120265,0.12046388547504101,0.12046388530359316,0.12046388534329118,0.1204638852703868,0.12046388538049904,0.12046388542261617,0.12046388533170684,0.1204638853488846,0.12046388520977905,0.12046388529787458,0.12046388523049208,0.12046388532054492,0.1204638852744552,0.12046388523570181,0.12046388544133992,0.12046388530250277,0.12046388546693172,0.12046388540816558,0.1204638854882724,0.12046388532512219,0.12046388539463618,0.1204638854304293,0.1204638853843794,0.12046388540128086,0.12046388536793025,0.12046388545861843,0.1204638854691023,
0.12216132348463705,0.006140785351644844,0.10413653626644843,0.10552237090761085,0.16177155420424547,0.19647961099647765,0.017754790937060127,0.14176620604728174,0.13819603202165687,0.13823767067368695,0.13818460513364608,0.13818320812324947,0.1381832013695811,0.13818319783495528,0.13818319922266648,0.1381831980976833,0.13818319830644327,0.1381831977170941,0.13818319804110699,0.13818319838910878,0.13818319783575325,0.13818319816814773,0.1381831981865149,0.13818319797069464,0.13818319820568556,0.13818319832258436,0.13818319785872243,0.13818319827383324,0.13818319825631786,0.13818319819884242,0.13818319823918163,0.13818319815886956,0.1381831981055649,0.1381831980985718,0.138183198110016,0.13818319816485805,0.13818319810997676,0.13818319828259565,0.1381831983144367,0.13818319811737323,0.13818319811012306,0.13818319816903712,0.13818319804787435,0.1381831981587093,0.13818319815847965,0.1381831981388671,0.13818319815763888,0.13818319830236106,0.13818319822711192,0.13818319826633851,0.1381831981883844,0.13818319829003395,0.1381831982159125,0.13818319825121153,0.13818319818416494,0.13818319807140894,0.13818319804967136,0.1381831982550035,0.13818319823836062,0.13818319811610946,
0.03370915115316184,0.20539663869193509,-0.12946253667171073,0.07647839608833372,0.05177863925083283,-0.14706247762837069,0.058169315937623416,0.07917939506611751,0.07882051132963513,0.07886305237420664,0.078848610832827,0.07884362046320362,0.07884364389239853,0.07884364346230116,0.0788436441885812,0.0788436442386176,0.07884364523049833,0.0788436432130698,0.07884364465233595,0.07884364364731745,0.07884364473547938,0.078843644227683,0.07884364366975499,0.07884364389060307,0.07884364387594468,0.0788436440852626,0.07884364416050214,0.07884364383894041,0.07884364392194138,0.07884364422038646,0.07884364404095302,0.07884364424700754,0.0788436439173183,0.07884364431438548,0.07884364414280749,0.0788436442449029,0.07884364412836281,0.07884364419408216,0.07884364380443236,0.07884364399272831,0.07884364400301795,0.07884364405765577,0.07884364414465822,0.07884364408098274,0.07884364407137576,0.07884364410612037,0.07884364424208566,0.0788436440677479,0.07884364419865741,0.07884364414140568,0.07884364397756535,0.07884364415706606,0.07884364417689796,0.07884364419348638,0.07884364404857673,0.07884364421027415,0.07884364409740902,0.07884364413870965,0.07884364418101925,0.07884364417832733,
0.17639160970115791,-0.11701246625984416,-0.03180381685041348,-0.05353675351492985,0.07374907338301508,0.16554882412733224,0.040980861231815206,-0.19402885868413677,-0.19655260482133105,-0.19710283128375405,-0.19706174822336833,-0.19706392635124315,-0.19706393932174168,-0.19706393836793692,-0.1970639391956671,-0.19706393819355583,-0.1970639385770381,-0.197063938938914,-0.1970639390369772,-0.197063939260087,-0.19706393921739004,-0.19706393899649333,-0.19706393945739378,-0.19706393938791517,-0.19706393954765017,-0.19706393921385135,-0.19706393962521626,-0.1970639390667641,-0.19706393925805646,-0.1970639393393662,-0.19706393929874144,-0.19706393932153343,-0.1970639396464744,-0.19706393922076704,-0.1970639394637404,-0.19706393913565057,-0.19706393921650683,-0.19706393927450672,-0.1970639391944491,-0.1970639390720976,-0.19706393923494675,-0.19706393920226017,-0.19706393939098407,-0.19706393923695528,-0.19706393932390256,-0.19706393946244222,-0.19706393939865433,-0.19706393928484175,-0.1970639391166138,-0.19706393913497958,-0.1970639391009167,-0.19706393915841286,-0.19706393920632256,-0.19706393920733226,-0.19706393919834947,-0.19706393935589617,-0.19706393923936188,-0.1970639392720895,-0.19706393911696213,-0.19706393922746,
0.1501143758476985,-0.08076309324061046,-0.06978431196505311,0.007873919583763277,0.1994286615504758,0.009581807988101893,0.037696514853118465,0.11616855249239287,0.10683205919182177,0.10714044686518677,0.10719876932071572,0.10719796964207416,0.10719800811615997,0.10719801080534794,0.10719801244290011,0.10719801224125795,0.10719801200740149,0.10719801142510746,0.10719801131072393,0.10719801220985098,0.10719801165509356,0.10719801157443487,0.10719801143046284,0.10719801148708143,0.10719801138973614,0.1071980114908093,0.10719801125107092,0.10719801184995326,0.10719801137063792,0.10719801144990453,0.10719801158524851,0.1071980117897894,0.10719801133441509,0.1071980114755077,0.10719801133215158,0.10719801166884847,0.10719801161253358,0.10719801150054732,0.1071980116221733,0.10719801164150325,0.10719801149680806,0.10719801158035847,0.10719801157979976,0.1071980114412068,0.10719801145536662,0.10719801150540212,0.10719801147167955,0.10719801166413352,0.10719801160926476,0.10719801158482019,0.10719801154222228,0.10719801157757647,0.10719801158762393,0.10719801155557518,0.10719801168960827,0.10719801148618147,0.10719801161655534,0.10719801161129128,0.10719801158424984,0.10719801161399832,
0.10062429136238721,0.05567253698724005,-0.02464710421004749,0.009505189591156177,0.09932587504020651,-0.10054625560892134,-0.14605489975078448,0.05688939983449731,0.04712180281595377,0.04739228013124773,0.04741986044637992,0.04741675776205057,0.04741682357809854,0.04741682457836438,0.04741682564167969,0.047416826033927044,0.0474168249202252,0.04741682513613727,0.04741682510727659,0.047416825315272165,0.0474168250928193,0.04741682545010735,0.04741682461943527,0.04741682526377325,0.04741682526333704,0.04741682509920842,0.04741682496277627,0.047416825156124845,0.047416825066717676,0.04741682515493512,0.04741682518530504,0.04741682523537436,0.04741682496500296,0.04741682522203376,0.04741682513157334,0.04741682518780773,0.047416825139160276,0.04741682518251173,0.04741682510987142,0.04741682511601036,0.04741682496817072,0.047416825318444614,0.04741682510047854,0.04741682507454081,0.04741682510804289,0.04741682518741915,0.04741682501525076,0.047416825070995844,0.047416825056109516,0.04741682507823591,0.047416824967788186,0.04741682503809022,0.0474168252302686,0.047416825026183045,0.04741682518793779,0.047416825225004726,0.047416825172994934,0.047416825190073224,0.04741682515928866,0.04741682512381837,
0.1697906867871421,-0.09546120132438704,0.11409291358931403,0.1329219054294769,0.10144852763540446,-0.01053787342958924,-0.12108435736498925,-0.21097275110632324,-0.2030491900590647,-0.20291336745874863,-0.2028398001206984,-0.20284186943426807,-0.20284181766856063,-0.20284181888381117,-0.20284182000755344,-0.20284181920637023,-0.2028418207773976,-0.2028418200657592,-0.20284182009608498,-0.20284181965223985,-0.20284182025259725,-0.20284181982076555,-0.2028418202150093,-0.2028418198352343,-0.2028418203838412,-0.2028418201220738,-0.2028418201086711,-0.20284182014942567,-0.20284182027247802,-0.20284181990384922,-0.20284182005053,-0.20284182030388098,-0.2028418200216746,-0.202841820118576,-0.2028418201523262,-0.20284182001028292,-0.20284182000831733,-0.20284182018158947,-0.20284182007689083,-0.20284182004802728,-0.202841820280422,-0.20284182017555225,-0.20284182032212794,-0.2028418201384342,-0.20284182004360857,-0.20284182030070272,-0.20284182024942932,-0.20284182015516428,-0.20284182012809868,-0.20284181998429587,-0.20284182006367033,-0.20284182001319528,-0.2028418201059312,-0.20284182021388042,-0.20284182004700987,-0.2028418201050949,-0.20284182008000173,-0.20284182009769314,-0.20284182003376688,-0.2028418199967874,
0.13006142305176052,-0.015139137958159705,-0.0801931059983585,-0.1554406503619275,-0.1712517793043486,0.17385263579447943,0.09690375211155289,0.040651171119265216,0.04832489666352073,0.04844516371045679,0.04840893973255796,0.04840690264162562,0.0484069335757892,0.04840693557283605,0.04840693467644647,0.048406935000686255,0.04840693436068523,0.04840693543180572,0.048406934426605465,0.048406934933266546,0.048406934776395114,0.04840693466290343,0.048406934268373676,0.04840693462403353,0.048406934558968266,0.0484069345590549,0.048406934631697054,0.04840693469963724,0.048406934539874547,0.04840693472715048,0.0484069348748994,0.048406934696845934,0.048406934723532365,0.04840693457701758,0.04840693464908025,0.048406934862267624,0.04840693477617344,0.04840693470485759,0.0484069346829504,0.048406934591680724,0.04840693456755034,0.04840693459545305,0.0484069348011639,0.04840693479021077,0.04840693465191719,0.04840693470345228,0.04840693456297901,0.048406934653217534,0.04840693479683014,0.04840693476651015,0.0484069346514889,0.048406934733154855,0.04840693470810409,0.04840693472383194,0.04840693482371458,0.04840693466176478,0.048406934845406265,0.04840693472336928,0.04840693479973865,0.04840693486222195,
0.062277483096824696,0.16821114826275835,0.03051220614232888,-0.21749354518962083,0.10652208182814664,-0.0860536150507851,0.02291711293330126,-0.1513587568227266,-0.1495929981391774,-0.14991981129559048,-0.1498582540375321,-0.14985839127456763,-0.14985839316857566,-0.14985838826267736,-0.14985838776071939,-0.14985838905313956,-0.14985838866535256,-0.14985838832705364,-0.14985838772894586,-0.14985838889248346,-0.14985838871043133,-0.1498583889436602,-0.1498583887093458,-0.14985838909986782,-0.14985838868527313,-0.14985838874954796,-0.14985838851416125,-0.149858388663191,-0.14985838846947147,-0.14985838863295683,-0.14985838870670934,-0.1498583887842969,-0.14985838879689714,-0.14985838838916687,-0.14985838899677673,-0.14985838869419937,-0.14985838873462493,-0.1498583887106332,-0.14985838876423918,-0.14985838851901287,-0.14985838895599948,-0.14985838845633348,-0.14985838885157837,-0.14985838872385726,-0.14985838886591546,-0.14985838877751576,-0.14985838858000583,-0.1498583886346755,-0.14985838868778484,-0.149858388662447,-0.14985838873077373,-0.14985838862241188,-0.14985838862056888,-0.1498583885928655,-0.1498583886570532,-0.14985838863848194,-0.1498583887178659,-0.14985838871555238,-0.1498583887088787,-0.14985838873553878,
0.07956948283848307,0.1258311408976984,-0.13628610381802436,-0.12314294691223003,-0.17734184758724394,0.04543185731629088,-0.08090458315534992,-0.005594973441494417,-0.01665507399009305,-0.0169030050240839,-0.016837735011567292,-0.016838709072175113,-0.01683869450102561,-0.01683869690110342,-0.01683869695844042,-0.016838696552019656,-0.01683869665112445,-0.016838696775577845,-0.016838696803405752,-0.016838696627393943,-0.01683869706523839,-0.01683869703233961,-0.01683869711072736,-0.016838696990218192,-0.016838697116541342,-0.016838697049670694,-0.01683869680950983,-0.01683869687970635,-0.01683869699268956,-0.016838696797608153,-0.01683869676324649,-0.01683869692889172,-0.016838696901310252,-0.016838696638286844,-0.016838696846847204,-0.016838696675351036,-0.016838696783495838,-0.016838696776333723,-0.01683869698393945,-0.01683869671293737,-0.01683869674149029,-0.016838696793620905,-0.016838696799137028,-0.01683869674212435,-0.01683869681568784,-0.01683869689226211,-0.01683869686062157,-0.016838696843776788,-0.016838697030617366,-0.01683869685880128,-0.016838696892167646,-0.01683869684662725,-0.01683869673987825,-0.01683869677649301,-0.016838696792292152,-0.016838696803840977,-0.016838696889138166,-0.0168386968142467,-0.01683869684197486,-0.016838696775230054,
0.07563676048446441,0.12008129629749666,-0.05122941151356429,-0.038935068352556924,0.01754743098409089,0.07049314906594265,0.060235623784906676,0.24846457377227046,0.25031062075389676,0.25012099353742256,0.2501364610555484,0.25013917783601114,0.2501392475383334,0.2501392455719565,0.2501392436280801,0.2501392445225547,0.2501392434549647,0.2501392439556398,0.25013924378102115,0.25013924370302115,0.25013924371433727,0.2501392436077064,0.2501392436339188,0.2501392432899786,0.250139243426788,0.2501392435583161,0.2501392437763217,0.2501392431600037,0.25013924354657197,0.2501392436337717,0.25013924380930397,0.2501392435846479,0.2501392435943467,0.25013924354202005,0.2501392435869935,0.25013924371018115,0.25013924368080204,0.2501392437044099,0.2501392436580385,0.25013924351522615,0.2501392437595862,0.25013924372577806,0.25013924376415775,0.250139243525481,0.25013924348859506,0.25013924365747425,0.2501392436467037,0.2501392434538988,0.250139243702641,0.25013924362630235,0.25013924369031043,0.25013924368130025,0.2501392436638962,0.2501392438308135,0.2501392436050345,0.250139243667294,0.2501392435680245,0.25013924372361845,0.2501392437188442,0.2501392437309453,
0.10823007743238353,0.06952266742613929,-0.0588625703146661,-0.012392058147042397,0.09299284328974254,-0.13658560051944846,-0.08537553649093994,0.176713878221355,0.17580602351587862,0.17667385246090542,0.17663287742047584,0.17663294161386953,0.17663292470587158,0.17663292955344834,0.1766329299747117,0.17663292998513438,0.17663292926215501,0.17663292927779603,0.17663292930760655,0.17663292932429633,0.17663292943603368,0.1766329292131781,0.17663292957890636,0.17663292956396026,0.17663292957869828,0.1766329296918508,0.1766329294661243,0.17663292961632773,0.17663292961232202,0.17663292964389138,0.17663292941554898,0.1766329294251749,0.17663292957889318,0.1766329295875802,0.1766329294634352,0.17663292953660678,0.17663292964770183,0.17663292933963678,0.17663292933409624,0.17663292945589137,0.1766329293575769,0.1766329296804172,0.17663292934997063,0.17663292967139857,0.1766329295178847,0.17663292949326098,0.1766329296227554,0.17663292946781065,0.1766329294957078,0.17663292959768592,0.17663292971638261,0.1766329295361935,0.17663292960243493,0.1766329294933133,0.1766329295720737,0.17663292942014813,0.1766329295533268,0.17663292949631115,0.17663292954630222,0.17663292956614804,
0.1120755185440151,0.05154073920652476,0.0855827655793481,-0.02640464223057928,0.021696830791573023,-0.16771130709019452,0.16245215295343737,0.0958526634692104,0.1135990756968506,0.1132869450317797,0.11333199081768452,0.11333073533595814,0.11333069465304126,0.11333069206286514,0.11333069109223877,0.11333069071064095,0.11333069116251483,0.11333069089422676,0.11333069020942263,0.11333069096781652,0.11333069008006667,0.11333069023871388,0.11333069046303529,0.11333069032849016,0.11333069011646595,0.11333069037402584,0.1133306903638727,0.11333069073505186,0.11333069059737459,0.11333069061207351,0.1133306907118436,0.11333069058565769,0.11333069037402578,0.11333069082214588,0.11333069040651189,0.11333069076409147,0.11333069054054719,0.11333069056566718,0.11333069066939352,0.1133306906685566,0.11333069077360367,0.11333069061427188,0.11333069045895698,0.1133306905205607,0.11333069069692615,0.11333069068167209,0.11333069061729321,0.11333069048975276,0.11333069068922433,0.11333069054876353,0.11333069067230359,0.1133306907151055,0.11333069059124647,0.113330690602736,0.11333069072565906,0.11333069054291962,0.11333069058935215,0.11333069060134149,0.1133306905662991,0.11333069061007278,
0.16868296983211686,-0.09242859556247786,-0.12063558489411384,0.019232673854264835,0.13092430501848337,0.03470109715116468,0.1902416470049915,-0.19307967831400155,-0.17829114798035692,-0.17851918233733818,-0.17860201454705124,-0.17860462605874228,-0.17860452750542952,-0.17860452895670803,-0.17860452801821147,-0.17860452881909045,-0.17860452907397042,-0.1786045291352684,-0.1786045289575149,-0.17860452871622992,-0.1786045292463379,-0.1786045291632644,-0.1786045289253698,-0.178604528950778,-0.17860452857759268,-0.17860452909090352,-0.17860452897871504,-0.17860452865380277,-0.17860452910148888,-0.17860452877597022,-0.17860452885346975,-0.1786045288072574,-0.17860452886295144,-0.17860452921901093,-0.17860452872864693,-0.17860452883968023,-0.17860452876145652,-0.17860452863330673,-0.1786045287972306,-0.17860452885004532,-0.17860452900980092,-0.17860452869976687,-0.17860452899108323,-0.1786045291500894,-0.1786045289579531,-0.17860452890364928,-0.1786045289016801,-0.1786045289347183,-0.17860452894971152,-0.17860452880226857,-0.17860452884397565,-0.17860452883708922,-0.17860452900561893,-0.17860452889556627,-0.17860452890771444,-0.17860452888056244,-0.1786045287872871,-0.17860452877545963,-0.17860452891316544,-0.17860452880599118,
0.02225483556616574,0.21052637668463653,-0.028852855020777387,0.000521051200596831,0.08682325261371186,-0.02522643046901112,0.0016308785705093434,-0.03224460348693067,-0.03359941422589918,-0.03407835617550142,-0.0339568206608064,-0.03395571662203973,-0.03395568691653561,-0.03395569076476364,-0.033955690594949337,-0.03395569134914262,-0.033955692052383135,-0.033955690929009935,-0.03395569096311406,-0.03395569135189207,-0.0339556906356857,-0.033955691428155015,-0.033955691145092726,-0.033955691304098486,-0.03395569119961162,-0.03395569079817277,-0.033955691139993534,-0.033955691237752585,-0.03395569117660513,-0.03395569104676696,-0.033955691107061516,-0.0339556913762138,-0.03395569081246666,-0.03395569099706094,-0.033955691188751656,-0.033955691118996566,-0.03395569091058121,-0.03395569118916539,-0.033955691226469534,-0.03395569123698162,-0.03395569106099958,-0.03395569108347495,-0.033955691186394805,-0.03395569107207488,-0.03395569110562359,-0.03395569122780294,-0.033955691115495845,-0.03395569101054872,-0.0339556909667657,-0.03395569098846701,-0.03395569108526061,-0.03395569108211923,-0.03395569109370041,-0.0339556910250103,-0.03395569104709995,-0.03395569109052893,-0.03395569104214894,-0.03395569099405943,-0.03395569117249622,-0.03395569109641855,
0.16475587867195846,-0.08568213067217285,-0.022703969373384068,0.12081791590983157,0.003542700474054728,-0.05762361864282953,0.17440379786522328,-0.08717108577819595,-0.08039166982503329,-0.08048405815960932,-0.0804234634622022,-0.08042341174885416,-0.08042340642833798,-0.0804234032309065,-0.08042340108195205,-0.08042340233769929,-0.08042340230724924,-0.08042340229976123,-0.08042340269152778,-0.0804234022464538,-0.08042340299190683,-0.0804234021190313,-0.08042340211362467,-0.08042340204682871,-0.080423402522078,-0.08042340307900435,-0.0804234023454348,-0.08042340241579067,-0.08042340266340295,-0.08042340244410481,-0.08042340224640747,-0.08042340218838762,-0.08042340246650444,-0.08042340251076617,-0.08042340261106314,-0.08042340207350349,-0.08042340226156108,-0.08042340243022178,-0.08042340239317314,-0.08042340231867803,-0.08042340252360086,-0.08042340227259902,-0.08042340254530726,-0.08042340246868741,-0.08042340224530624,-0.08042340247178417,-0.08042340233731846,-0.08042340249866285,-0.0804234023608936,-0.08042340230408475,-0.0804234023203934,-0.08042340232707151,-0.0804234025066518,-0.08042340237152074,-0.08042340237185122,-0.08042340241156318,-0.08042340229233637,-0.08042340233250203,-0.08042340236491166,-0.08042340223947177,
0.1125909460856809,0.006046062469081334,-0.13910229318658196,0.23536679471043145,0.0819456692474352,-0.057793223767332765,0.06597248209216443,-0.05804117590232382,-0.04775899553636936,-0.0484710715680299,-0.04845177537351425,-0.04845031565758065,-0.0484503814608401,-0.04845037884711377,-0.04845037817497758,-0.048450378356969456,-0.04845037852735712,-0.04845037853063655,-0.04845037822376639,-0.04845037822693546,-0.048450378648494496,-0.04845037860330462,-0.048450378713922715,-0.04845037865557805,-0.04845037861712901,-0.04845037845982014,-0.0484503785562877,-0.04845037821678277,-0.048450378509094165,-0.048450378435152416,-0.048450378394799,-0.04845037858587273,-0.04845037843390497,-0.04845037840506104,-0.04845037858640572,-0.048450378520134625,-0.048450378516464915,-0.04845037854161061,-0.04845037847181525,-0.048450378489580934,-0.04845037838037188,-0.04845037846960959,-0.04845037841936151,-0.04845037863949856,-0.04845037845426872,-0.04845037864156041,-0.04845037847580214,-0.04845037843612372,-0.048450378428788445,-0.048450378357976144,-0.04845037847441546,-0.048450378339958855,-0.0484503784686303,-0.04845037854189214,-0.048450378609494145,-0.048450378615024194,-0.048450378562212536,-0.04845037846306034,-0.04845037856938503,-0.04845037852993587,
0.1741973354352969,-0.07606865848923693,-0.09967389132113204,-0.08702222787489869,0.14707370819834234,-0.2177679531126089,-0.10564093281262502,-0.016131851184395595,-0.03818219156399334,-0.037934635722616336,-0.03798623102918896,-0.03798186839906744,-0.03798202301311881,-0.03798201983833029,-0.03798201916137648,-0.037982018764108574,-0.0379820201543083,-0.037982019164049814,-0.037982019709461,-0.03798201927677765,-0.037982020111167455,-0.03798201961282874,-0.03798201956392791,-0.03798201972940119,-0.03798201937649783,-0.037982019709303344,-0.03798201966010871,-0.03798201942506935,-0.037982019315577646,-0.03798201921194693,-0.03798201947193885,-0.03798201968655641,-0.03798201965913064,-0.03798201944271141,-0.0379820196158705,-0.03798201947548074,-0.03798201965001648,-0.037982019363382115,-0.03798201953406685,-0.03798201928636744,-0.03798201949579524,-0.037982019371573666,-0.037982019460325075,-0.037982019530294016,-0.037982019354349826,-0.03798201939685846,-0.03798201963874412,-0.03798201965879816,-0.03798201948759836,-0.03798201944062379,-0.0379820194624129,-0.03798201958693178,-0.03798201960383425,-0.037982019410117376,-0.037982019432633726,-0.03798201959304488,-0.037982019588667176,-0.03798201937988011,-0.03798201933697134,-0.037982019442025144,
0.05160210046122386,0.1509578156013506,0.23499566600162092,0.006121358373496361,0.0723839437386786,0.039325565615437215,-0.09985682248809816,0.03824206120968299,0.04984424662192619,0.05029322462623148,0.050314451916352615,0.05031329124698103,0.050313312598201404,0.05031331619133832,0.050313316955615674,0.05031331590522462,0.05031331565777103,0.05031331591385779,0.05031331555741149,0.050313315702656174,0.0503133160368518,0.05031331608795772,0.05031331600903118,0.050313315896059516,0.05031331586632834,0.05031331574895865,0.050313315880349256,0.05031331600407974,0.0503133157194729,0.05031331593306357,0.05031331606307159,0.05031331595551988,0.05031331593812675,0.050313315887189645,0.05031331580045558,0.05031331620785032,0.050313315931796034,0.05031331591630655,0.05031331592352575,0.050313316031643227,0.050313315825974876,0.05031331599829002,0.05031331596769234,0.05031331600282517,0.05031331598573839,0.050313316080207345,0.0503133160541867,0.05031331589554841,0.05031331604398657,0.0503133159613306,0.05031331605678534,0.05031331607158007,0.0503133160979782,0.05031331622987739,0.05031331597360998,0.05031331592343313,0.05031331595692245,0.05031331598716602,0.05031331606772842,0.05031331603812757,
0.1322158467818728,-0.012637118491789568,-0.08332429362287044,-0.08270711792651776,-0.14485651992723053,0.04804683577233779,-0.06798828027319144,-0.05910084354951639,-0.0781326761974246,-0.07744554303804005,-0.0775169921065437,-0.07751766715801496,-0.07751788095867586,-0.07751787424133803,-0.07751787336582944,-0.0775178741476121,-0.07751787476777733,-0.07751787461858838,-0.07751787416353471,-0.07751787408349982,-0.0775178743018661,-0.07751787445416984,-0.0775178743399488,-0.07751787406915371,-0.07751787469158176,-0.07751787441860253,-0.07751787392372313,-0.07751787431082481,-0.07751787438818417,-0.07751787429112905,-0.07751787442902991,-0.07751787440667174,-0.07751787441655116,-0.07751787437917432,-0.07751787416050188,-0.07751787428601112,-0.0775178744078213,-0.07751787431111125,-0.07751787432883629,-0.0775178743066224,-0.07751787434338887,-0.07751787432243007,-0.07751787434192814,-0.07751787453660833,-0.07751787420801878,-0.07751787416016837,-0.0775178743025943,-0.07751787436370851,-0.07751787427605132,-0.07751787421235817,-0.07751787426489765,-0.07751787426714848,-0.07751787430708569,-0.07751787422254905,-0.07751787434308029,-0.07751787432310606,-0.07751787430880834,-0.07751787424486528,-0.0775178742837374,-0.0775178742792601,
0.054513846251148704,0.16263100244899312,-0.10798835362050262,-0.052212789532778185,-0.0513219445581658,0.16409302171899595,-0.15185718828485706,0.06164683566961549,0.06461434168457725,0.06372630800209428,0.0637806987101112,0.06377901902816753,0.06377900100907687,0.0637789961000477,0.06377899553286968,0.06377899469153522,0.06377899531364038,0.0637789946908017,0.06377899539810414,0.06377899530057206,0.06377899492247104,0.06377899500334938,0.06377899524816892,0.06377899534075378,0.06377899493897275,0.06377899513403505,0.06377899523304195,0.06377899520734065,0.0637789948076552,0.0637789954540931,0.06377899509723055,0.06377899532864094,0.06377899493964649,0.06377899522442554,0.06377899510097548,0.0637789954790282,0.06377899528740015,0.06377899504463316,0.06377899522007874,0.06377899533739295,0.06377899526794922,0.06377899540805973,0.06377899526680973,0.06377899524481256,0.06377899523997549,0.06377899507709883,0.06377899520559784,0.06377899520754676,0.06377899526279375,0.06377899517975907,0.06377899516867849,0.06377899524537725,0.0637789951461702,0.06377899512415221,0.06377899516935841,0.0637789952013536,0.06377899515296524,0.06377899528241888,0.06377899514108312,0.06377899518894244,
0.06884461930989043,0.11617711804728174,0.044965647029977525,-0.19311489230342865,0.08102613473099858,0.2105353527861317,0.12714823938107236,-0.007824900008500946,-0.00008930185398533792,0.0008413880630017308,0.0008490598563382415,0.0008498382427561892,0.000849804220096668,0.0008498145222183118,0.0008498138571610228,0.0008498138794447352,0.0008498140247167976,0.0008498140255581201,0.0008498140831394416,0.0008498139760143586,0.0008498141855621198,0.0008498135013234518,0.0008498135187152071,0.0008498139682421237,0.0008498139841793389,0.0008498139500888491,0.0008498138633969559,0.0008498137563021352,0.0008498140151744604,0.000849813890853539,0.0008498139467555397,0.0008498139095808191,0.0008498136596235831,0.0008498137959630728,0.0008498139545129217,0.0008498141161146813,0.0008498138180228432,0.0008498138472432146,0.0008498136048849807,0.000849813694912249,0.000849813572526015,0.0008498140830159138,0.000849813995086914,0.0008498138441504294,0.00084981395269973,0.0008498139048468833,0.0008498138601603839,0.000849813902911128,0.0008498138091856788,0.000849813910907281,0.0008498138552011712,0.0008498139103114156,0.0008498138508063302,0.0008498139298264504,0.0008498139091665853,0.0008498137581847213,0.000849813931932018,0.0008498138657712602,0.0008498139788265608,0.000849813837608121,
0.022400668686200324,0.21075059923151826,0.03959344431068103,0.013486786425387328,-0.051287774974997966,-0.08671313292405178,0.020709414686510653,-0.11807046003713843,-0.09586665312739645,-0.09572147403170769,-0.09570558569229215,-0.09570804748675876,-0.0957079420872631,-0.09570794605854069,-0.09570794652973078,-0.09570794637286865,-0.09570794660569462,-0.09570794655657865,-0.09570794644603138,-0.09570794671003068,-0.09570794619771957,-0.09570794677002212,-0.09570794686391264,-0.09570794684054106,-0.09570794690381602,-0.09570794669709132,-0.09570794682507827,-0.09570794684085697,-0.09570794703672102,-0.0957079466677444,-0.09570794662135258,-0.09570794665626517,-0.09570794666965093,-0.09570794654521127,-0.09570794661386496,-0.09570794682312524,-0.09570794674896041,-0.09570794662219216,-0.09570794675348307,-0.09570794670417758,-0.09570794669687147,-0.09570794666690505,-0.09570794677695489,-0.0957079466818007,-0.09570794671501125,-0.09570794659959544,-0.09570794660326654,-0.09570794672255699,-0.09570794667850363,-0.0957079466350934,-0.09570794672841801,-0.09570794663458422,-0.09570794660925346,-0.09570794664458368,-0.09570794658253998,-0.09570794674872146,-0.09570794665585283,-0.0957079467838,-0.09570794673068582,-0.09570794668630771,
0.1463258228823042,-0.022414533567522783,-0.02025068149010826,-0.03390541098747693,0.2482715445775569,0.29410216568230674,-0.07701791924699199,0.08402603067019591,0.09455655909840333,0.0939222907005284,0.09403583186649697,0.09403359223134727,0.09403360687221123,0.09403360087066609,0.09403360275440208,0.09403360244961642,0.09403360138160588,0.09403360202126883,0.09403360186979559,0.09403360190028966,0.09403360158504465,0.0940336015937057,0.0940336019232599,0.09403360147391664,0.09403360150326269,0.09403360182803865,0.09403360198110801,0.09403360168635604,0.09403360167250076,0.09403360172670229,0.09403360201055615,0.09403360188858195,0.0940336017822585,0.09403360179391433,0.09403360147709579,0.0940336016575172,0.09403360164376356,0.09403360167531925,0.09403360166990657,0.09403360185093891,0.09403360174306896,0.09403360205444196,0.09403360160667601,0.09403360167501486,0.09403360168015301,0.09403360162373096,0.09403360184833041,0.09403360170427776,0.09403360179135642,0.09403360173528694,0.09403360186762687,0.09403360182984659,0.09403360167132617,0.09403360184490549,0.09403360192947774,0.09403360177790149,0.09403360180809425,0.09403360175307486,0.09403360177314124,0.09403360171328343,
0.16784421848545159,-0.08591696342834096,0.06634204330492362,0.03987501608272734,-0.0776999325916568,-0.006560002781769512,0.14849692391328898,-0.22914309945637995,-0.23323127831818352,-0.23208053937482584,-0.2320720409994021,-0.23207057885469964,-0.2320707088995682,-0.23207071084001812,-0.23207070960150497,-0.23207070941484095,-0.23207071072187166,-0.23207070971047689,-0.23207071084553485,-0.23207071029234713,-0.23207070981311465,-0.23207071021342116,-0.23207071054462433,-0.23207071046708716,-0.23207071050586559,-0.2320707102361954,-0.23207071026212567,-0.23207070991806067,-0.23207071048164016,-0.23207071009925787,-0.23207071007354066,-0.23207071050521402,-0.2320707103015797,-0.23207071042972258,-0.2320707104536177,-0.2320707099883649,-0.2320707105064782,-0.23207071006645608,-0.23207071034093174,-0.23207071018455533,-0.23207071012511132,-0.23207071011207048,-0.23207071043909044,-0.23207071027615953,-0.23207071016602895,-0.2320707103668637,-0.2320707102736053,-0.23207071035381374,-0.2320707102144117,-0.23207071033636512,-0.2320707100912324,-0.2320707102135024,-0.23207071023370357,-0.23207071004518287,-0.23207071019437517,-0.23207071030707896,-0.23207071028123002,-0.23207071013664937,-0.23207071028250614,-0.23207071034545615,
0.1430370095264308,-0.047781104711110974,0.1044701256045042,0.1155848397800112,-0.15599278664393085,0.024552005344015786,0.07391824136221271,0.1069778438184319,0.09119781635004898,0.09230906481074765,0.09220449162930806,0.09220659805025637,0.09220649521061673,0.09220650289270554,0.09220650341339474,0.09220650447814609,0.09220650294212378,0.09220650338768638,0.09220650327087043,0.09220650363095127,0.09220650357485932,0.0922065035921815,0.09220650339741085,0.09220650356616857,0.09220650312830068,0.09220650359454145,0.09220650354722496,0.09220650386454259,0.092206503259653,0.09220650373510415,0.09220650345888533,0.09220650340243379,0.0922065037412747,0.0922065034298957,0.09220650335991276,0.09220650363281828,0.09220650357407907,0.09220650347056758,0.09220650359534482,0.0922065035018724,0.09220650351276077,0.09220650348542349,0.09220650338328795,0.09220650347509847,0.09220650347880004,0.09220650357130275,0.09220650332563103,0.09220650345873053,0.09220650372155441,0.09220650339515511,0.0922065034196856,0.09220650342791756,0.0922065035004091,0.09220650362959387,0.09220650352682443,0.09220650357312463,0.09220650358553656,0.09220650360548417,0.09220650350438903,0.0922065034689114,
0.12459217772918611,-0.002823205024867644,0.05174509763331072,0.08802359171134197,0.040854164010925294,-0.17724038841721054,-0.01554020670164173,0.10461065880116589,0.12418962007369366,0.12451457866923206,0.12455474272036074,0.12455579165372607,0.12455576220421968,0.12455576449845396,0.12455576514308615,0.12455576537960983,0.12455576497353717,0.12455576446650124,0.12455576497195868,0.12455576460601511,0.1245557649634133,0.12455576515707385,0.1245557647094876,0.12455576504411023,0.12455576469832247,0.12455576500904562,0.12455576494392964,0.12455576491377854,0.12455576481971448,0.12455576485393453,0.12455576512960236,0.12455576485626652,0.1245557648458794,0.12455576464792636,0.12455576483829552,0.12455576503142247,0.1245557648678498,0.12455576497786432,0.12455576506383685,0.1245557649551982,0.1245557650263163,0.12455576503552394,0.12455576494729972,0.12455576485100694,0.12455576499297263,0.12455576495939479,0.12455576489648086,0.12455576490880418,0.1245557649643993,0.12455576497330653,0.1245557649277178,0.12455576494584757,0.12455576484493307,0.12455576500561591,0.12455576493863522,0.12455576496290907,0.12455576498047115,0.1245557648551528,0.12455576491662888,0.1245557648691892,
0.06905542086914769,0.1503535749525456,-0.07175177390032385,-0.14679968873461577,0.023234775262091997,0.016047718877774102,-0.04010146862751058,0.0818843630188843,0.08363181197160488,0.08385945760763626,0.08381719163595577,0.08381748219675556,0.08381753643282504,0.08381753105919215,0.08381753146372933,0.08381753275296192,0.08381753091373412,0.08381753170250181,0.08381753118581294,0.08381753151065097,0.08381753133696122,0.08381753161904855,0.08381753129650778,0.0838175314538451,0.08381753173023233,0.08381753146789063,0.0838175313724375,0.0838175316509331,0.08381753154097565,0.08381753149578818,0.08381753138265234,0.08381753160603128,0.08381753145269052,0.08381753130241851,0.08381753148263199,0.08381753153521337,0.0838175316132715,0.08381753152155497,0.08381753165395275,0.08381753132183245,0.08381753139611982,0.08381753150694506,0.08381753153996255,0.08381753135680485,0.08381753144721307,0.08381753142441024,0.08381753144479956,0.08381753147878308,0.08381753139867666,0.0838175314869281,0.08381753153160106,0.08381753159643894,0.08381753145178142,0.08381753149486318,0.08381753138126471,0.08381753147788704,0.08381753148940839,0.08381753146970235,0.0838175315398119,0.0838175315081732,
0.11204312609614983,0.027766781112173712,0.0535694173327641,0.0523036679874024,-0.032993020454692,0.17154851135193547,-0.03336880777541064,0.12468109178035332,0.12147126653813371,0.12105934644210017,0.12109743257259557,0.12109681375010832,0.1210969361228227,0.12109692977739743,0.12109692962757655,0.12109692949046638,0.12109692908785878,0.12109692966966046,0.12109692988722834,0.12109692955383218,0.12109692971469532,0.12109692969124916,0.12109692967221135,0.12109692947404416,0.12109692970031567,0.1210969294428969,0.12109692948117207,0.12109692981957713,0.12109692954228898,0.12109692998006204,0.12109692973870582,0.12109692957453347,0.1210969296389925,0.12109692974855689,0.12109692957973321,0.12109692985442519,0.12109692970418241,0.12109692971245728,0.12109692986218802,0.12109692968203467,0.12109692970382967,0.12109692966943103,0.12109692973644771,0.12109692959399973,0.12109692962081103,0.1210969296569584,0.12109692958032896,0.12109692970352971,0.12109692962776927,0.12109692974513916,0.12109692970882718,0.12109692962036406,0.1210969296408951,0.12109692970060504,0.12109692973599574,0.12109692967443479,0.12109692965094683,0.12109692964970149,0.12109692970319391,0.12109692971176132,
0.1518436087881295,-0.060647602277163405,-0.05725093438185019,-0.19321338846740857,-0.07570550717251408,0.03883618450040397,0.1345156890126151,-0.038638626630126564,-0.02889283397753977,-0.02913660707674381,-0.029110810705194404,-0.029112330359635397,-0.02911241301774828,-0.02911241592212375,-0.029112415980709544,-0.029112415291853832,-0.029112416429451456,-0.02911241617710705,-0.029112416036440016,-0.029112415607564345,-0.029112415978739727,-0.029112415751409545,-0.029112415971127684,-0.029112415835711024,-0.029112415906709207,-0.029112415752749962,-0.029112416011405462,-0.029112415960511596,-0.029112415854872335,-0.029112415824342312,-0.029112415659380907,-0.02911241596065104,-0.029112415788090113,-0.029112415855966235,-0.029112415767556223,-0.029112415797730377,-0.029112415819663773,-0.02911241569963392,-0.029112415778005496,-0.02911241578941485,-0.029112415944119032,-0.029112415617560974,-0.029112416139762225,-0.029112415954441105,-0.029112415861000513,-0.029112415927518634,-0.02911241582772394,-0.02911241586628058,-0.02911241581315775,-0.029112415863026122,-0.0291124158296854,-0.029112415746959344,-0.029112415783316796,-0.029112415861278697,-0.02911241578064635,-0.02911241589840515,-0.02911241583149965,-0.029112415750223386,-0.0291124157698387,-0.029112415835193122,
0.07953534730762346,0.0906642659147711,-0.1258717106027939,-0.09502807043006042,-0.014943331553568086,0.027459398873967707,-0.2526671886027156,-0.0414698356753684,-0.05168930684058243,-0.05068131990386656,-0.050658409918264403,-0.05065662850346155,-0.050656884323595774,-0.05065688012654097,-0.05065687882022117,-0.0506568794543405,-0.05065688009538167,-0.050656879765895745,-0.0506568796382609,-0.05065687971008523,-0.05065687978074327,-0.05065687951885661,-0.05065687930038791,-0.05065687974078956,-0.050656879623218874,-0.05065687938815743,-0.05065687959845832,-0.050656879546323294,-0.05065687950960467,-0.05065687957287191,-0.050656879576967746,-0.050656879551688454,-0.050656879629260985,-0.05065687952871533,-0.050656879962311635,-0.05065687972439199,-0.050656879626976084,-0.05065687955020621,-0.05065687962559425,-0.050656879756547334,-0.0506568796204561,-0.05065687971875414,-0.05065687967084103,-0.05065687960743718,-0.050656879508847695,-0.05065687969919598,-0.050656879557043864,-0.050656879674853696,-0.05065687961175902,-0.050656879738042886,-0.05065687956741688,-0.05065687962589945,-0.0506568795682418,-0.050656879468397434,-0.05065687962000787,-0.050656879604199706,-0.05065687950314269,-0.050656879659792826,-0.05065687969687795,-0.05065687958350057,
0.10866013323156393,0.06751836505566229,-0.15200333537882565,-0.09658811941177639,0.12317981487133144,0.18868834012770888,-0.012113245414526474,0.005170246085220839,-0.0005754838687236478,-0.0016418940326459438,-0.001613086049583365,-0.0016126441203270752,-0.0016126166763368224,-0.0016126169484069219,-0.0016126164724501288,-0.0016126169454153535,-0.001612616266668736,-0.0016126164017150869,-0.0016126164903486314,-0.0016126162460115593,-0.0016126161125915967,-0.0016126161217675389,-0.001612616368918207,-0.001612615986168841,-0.0016126169236469535,-0.001612616372389669,-0.0016126162990485091,-0.0016126163897499392,-0.0016126161142065172,-0.0016126162294628236,-0.0016126161195382808,-0.0016126166151540057,-0.0016126163684065861,-0.001612616234182763,-0.0016126164789275978,-0.0016126163368625644,-0.0016126163265689662,-0.0016126162787758434,-0.0016126163823408182,-0.0016126164020175305,-0.0016126163590599032,-0.0016126162240216065,-0.001612616415571163,-0.001612616360918384,-0.0016126163444942863,-0.0016126162922591495,-0.0016126162305767843,-0.0016126162418735313,-0.0016126163692212283,-0.0016126163913190172,-0.0016126162689949044,-0.0016126162312799625,-0.001612616444325131,-0.0016126162004077166,-0.001612616324529989,-0.0016126163543349903,-0.0016126162575202658,-0.0016126162831640461,-0.0016126163560794817,-0.0016126162716442632,
0.15579108807859807,-0.0789800546970232,0.04551132567996432,0.24138524832022978,0.08388651318759462,-0.011510237434024307,0.21286625817755256,-0.048039072907425866,-0.04634893014870643,-0.04629091772963758,-0.04622193393509231,-0.04622252386101275,-0.04622252023596989,-0.046222519178403226,-0.04622251904780155,-0.04622251976419092,-0.046222520095313926,-0.04622251860267473,-0.04622251889827616,-0.04622251889235295,-0.046222519604873766,-0.046222519272824024,-0.04622251945510983,-0.04622251934254392,-0.04622251918394606,-0.04622251919973115,-0.046222519303971574,-0.04622251969178386,-0.04622251928519123,-0.04622251897415212,-0.04622251921586221,-0.046222519585096905,-0.04622251949606779,-0.046222519228649714,-0.04622251951288478,-0.04622251920297098,-0.04622251929582074,-0.046222519215285474,-0.0462225192259359,-0.04622251951703299,-0.0462225193536481,-0.04622251907981116,-0.04622251926886294,-0.04622251934478565,-0.046222519402999034,-0.04622251925500837,-0.04622251926852331,-0.046222519322180224,-0.0462225193619429,-0.046222519160077274,-0.04622251920512017,-0.046222519283052675,-0.046222519266679585,-0.04622251923536041,-0.046222519260416275,-0.04622251940177703,-0.046222519272388726,-0.046222519270364124,-0.046222519214482456,-0.046222519216646954,
0.10915717586171265,0.04612903871002788,-0.04476589759882894,0.032966087231324846,0.012563229662346794,0.04147913379140958,-0.042720266006734293,0.10414665000546929,0.1135701039563911,0.11337254359240954,0.11334313987203963,0.11334307962601488,0.11334304800320662,0.11334304987087258,0.11334304955501903,0.11334304899647853,0.11334304910633232,0.11334304942411406,0.1133430497180486,0.11334304936359822,0.11334304976574523,0.11334304896666159,0.11334304925851174,0.11334304924043546,0.11334304901884805,0.11334304919275932,0.11334304918926683,0.11334304920799965,0.11334304940910175,0.11334304943302954,0.11334304923929649,0.11334304892486492,0.11334304881884746,0.11334304905144417,0.11334304916812418,0.113343049117484,0.11334304920290754,0.11334304942361446,0.11334304916374267,0.11334304919380266,0.11334304914883055,0.1133430492206557,0.11334304904791699,0.11334304926873295,0.1133430492629157,0.11334304913592297,0.11334304918762204,0.11334304917295307,0.11334304916183827,0.11334304940476861,0.11334304928250652,0.11334304932364526,0.11334304927597941,0.11334304928455156,0.11334304928185165,0.11334304911689967,0.1133430490918054,0.11334304918620117,0.11334304923665149,0.11334304918641638,
0.12308727659055507,-0.010364464794290523,0.1066387574392138,0.056487364385193015,-0.021067501590070162,0.09696335237262167,-0.0030542063187985274,-0.055774036742912245,-0.0733087421568718,-0.0732966681696848,-0.07327182179815563,-0.07327215940078631,-0.07327212663380418,-0.0732721188135701,-0.07327211800574797,-0.07327211820955748,-0.07327211929406863,-0.07327211854433738,-0.07327211910886518,-0.07327211881944384,-0.07327211872182399,-0.07327211896849539,-0.07327211886565033,-0.07327211855708958,-0.07327211841101103,-0.07327211844279881,-0.07327211880362824,-0.07327211852500078,-0.07327211867269953,-0.07327211859913363,-0.07327211889045908,-0.07327211862053513,-0.07327211846976749,-0.07327211878251921,-0.07327211894339826,-0.07327211871479411,-0.07327211857966036,-0.07327211856080615,-0.0732721187762521,-0.07327211898975607,-0.07327211863892581,-0.07327211851252616,-0.07327211878396148,-0.073272118603276,-0.0732721187646105,-0.0732721185419132,-0.07327211875981032,-0.07327211879579816,-0.07327211868624874,-0.07327211873827742,-0.07327211863007757,-0.07327211867979767,-0.07327211863652343,-0.0732721185712605,-0.07327211876688636,-0.07327211871389712,-0.07327211864021185,-0.07327211854253517,-0.07327211866027752,-0.07327211865081469,
0.09446504248617944,0.09167334956199497,-0.020284301768821813,0.08568638112964494,-0.02769474678836348,0.009078223630907309,0.11735673689790414,-0.042468930717452315,-0.029812952104116858,-0.030633503178531262,-0.030672613672356165,-0.030673632587327675,-0.030673509109806887,-0.030673512467431142,-0.030673511480729086,-0.030673512682097538,-0.03067351384000688,-0.030673513077999124,-0.03067351264126488,-0.030673512934894075,-0.03067351264492252,-0.030673512922753544,-0.030673513218559656,-0.03067351278074622,-0.030673513225054926,-0.03067351284411073,-0.030673512843910827,-0.030673512660911496,-0.03067351307611414,-0.03067351301965212,-0.030673512627234507,-0.030673512956171888,-0.030673513076968275,-0.030673513062177665,-0.030673512969556883,-0.030673512765478066,-0.030673512813002048,-0.030673512756229884,-0.03067351284006323,-0.0306735128949513,-0.030673513036072596,-0.03067351274754033,-0.030673513083300966,-0.030673512873176177,-0.030673512820095773,-0.030673512948760796,-0.030673512682715467,-0.030673512891985895,-0.030673512800170118,-0.030673512814948737,-0.030673512845901054,-0.03067351275399253,-0.030673512904459053,-0.03067351298651417,-0.03067351267074947,-0.03067351301680119,-0.030673512868555616,-0.030673512953020607,-0.030673512774369364,-0.030673512985477085,
0.13840948390025434,-0.029850810289366696,-0.12556932387446212,0.012998943209696835,-0.14619688556598917,0.060594546464362964,0.06508554619100175,0.06588674381256449,0.05765341364200287,0.05752892493951905,0.057464373652677904,0.05746833928033873,0.057468294294799466,0.057468299042593256,0.057468298667260734,0.057468298862416035,0.057468298307244106,0.0574682988841758,0.057468298367461486,0.057468299351241224,0.057468298675974215,0.05746829843253555,0.05746829865927633,0.05746829833554583,0.05746829857458149,0.05746829879729869,0.057468298355416045,0.05746829878108426,0.057468298397540314,0.05746829879550456,0.057468298657120165,0.05746829858450498,0.05746829855806813,0.05746829878463152,0.05746829878241908,0.0574682988936131,0.057468298790545165,0.05746829864244821,0.057468298790406026,0.05746829868341011,0.057468298655816895,0.05746829879377278,0.05746829856370356,0.05746829854229503,0.05746829863185414,0.05746829865764107,0.057468298661704185,0.05746829868898033,0.05746829856680653,0.057468298730070096,0.05746829863492181,0.05746829876806723,0.05746829871218488,0.057468298719008055,0.057468298599979005,0.05746829857315883,0.05746829870521764,0.05746829871736421,0.05746829871293023,0.057468298784468144,
0.04200247331343657,0.147089038305308,-0.12387443005788755,0.2603107291423961,-0.0007911337269149431,0.011504824241163732,0.035774701933156086,0.1190360383664325,0.11219093145610112,0.11215266881077401,0.11212902392908637,0.11213008677298443,0.11212998406682134,0.11212998700225608,0.11212998718532145,0.11212998666417581,0.11212998561558442,0.11212998649299703,0.11212998642169725,0.11212998588179794,0.11212998619345192,0.11212998632725768,0.11212998655512749,0.11212998619819639,0.11212998633099672,0.11212998657904134,0.11212998611814352,0.11212998623481632,0.11212998640726403,0.11212998613336464,0.11212998638200683,0.11212998633745686,0.11212998637609567,0.11212998628652138,0.11212998631957737,0.1121299864197847,0.1121299862942806,0.11212998634522976,0.11212998626193546,0.1121299862618662,0.11212998634132652,0.1121299863172342,0.1121299863356745,0.11212998633048724,0.11212998634584487,0.11212998632715773,0.11212998631833736,0.11212998620961456,0.11212998622346314,0.11212998626352642,0.11212998626641102,0.11212998619461806,0.1121299863212204,0.11212998642182277,0.11212998635353866,0.11212998634790489,0.11212998627175216,0.11212998630870391,0.11212998629379003,0.1121299863801486,
0.05868212394606395,0.16693667448464117,0.09381621560252965,0.074480595649272,0.04873234842748417,-0.06523728327582573,0.007998198068084128,-0.15224598383232613,-0.16781000876653937,-0.16755143870453632,-0.16754600038110004,-0.16754337902254035,-0.16754338571293614,-0.16754338891298373,-0.16754338811076508,-0.16754338934789478,-0.16754339015784275,-0.16754338981373013,-0.167543389310146,-0.16754338882175676,-0.16754338882569572,-0.16754338886031056,-0.16754338858447845,-0.16754338923770792,-0.16754338931701707,-0.1675433886891783,-0.16754338926750462,-0.1675433894247452,-0.16754338932670815,-0.1675433890689955,-0.16754338897191284,-0.16754338897252055,-0.1675433891639761,-0.16754338920036532,-0.1675433889791393,-0.1675433890788983,-0.16754338896107013,-0.16754338937616675,-0.16754338902793825,-0.16754338904100732,-0.16754338921473086,-0.16754338906325678,-0.1675433891940136,-0.1675433891398379,-0.16754338931793591,-0.16754338918999662,-0.16754338901870683,-0.16754338915850328,-0.16754338925530451,-0.16754338903551558,-0.1675433890863381,-0.16754338908733107,-0.16754338920971013,-0.167543388888743,-0.16754338919224698,-0.16754338915517686,-0.1675433891243398,-0.1675433891237137,-0.16754338922687206,-0.16754338914711492,
0.15678965055916141,-0.0660255872192606,0.08088964030045469,0.1710844185085247,0.1238892348871035,0.19878960308805269,-0.32889709440123605,-0.04826900556156598,-0.04128756714101539,-0.041142237340809726,-0.041180436710522156,-0.04118045770093887,-0.04118036841050316,-0.04118036281502228,-0.04118036406736347,-0.04118036353461987,-0.04118036431602126,-0.04118036447455227,-0.04118036360805293,-0.04118036399200264,-0.04118036467099721,-0.041180364426572594,-0.041180364393642255,-0.04118036417256258,-0.041180363993081996,-0.04118036410013417,-0.04118036422864577,-0.041180363768448365,-0.04118036420789621,-0.041180364109664656,-0.041180363755244025,-0.04118036423233155,-0.04118036402977124,-0.04118036412357099,-0.04118036407690709,-0.04118036388202433,-0.041180363940359316,-0.04118036407935195,-0.04118036408744117,-0.041180363835467006,-0.04118036432463674,-0.04118036399233728,-0.041180364307890314,-0.04118036398183723,-0.04118036407817399,-0.041180364138466055,-0.04118036408909779,-0.04118036411862507,-0.04118036415419477,-0.04118036397226929,-0.04118036410791809,-0.04118036400154894,-0.041180363997676994,-0.04118036411156036,-0.04118036405895151,-0.041180364133727346,-0.04118036400511295,-0.04118036401878268,-0.04118036409053126,-0.04118036407354201,
0.07766738181746762,0.12795295056454462,-0.006474728859473204,0.037792399389657345,-0.017726598738683094,0.01629902397782591,-0.05972371399249049,-0.3036996517183299,-0.28369876141271283,-0.2845312029283921,-0.28455409952209976,-0.2845517733024819,-0.28455178006586096,-0.284551777742475,-0.28455177819218797,-0.28455177728133496,-0.28455177718967467,-0.28455177762455985,-0.284551778111004,-0.28455177829625566,-0.28455177763186873,-0.28455177751296035,-0.28455177767861084,-0.28455177808312904,-0.2845517778578463,-0.28455177806021614,-0.28455177769502654,-0.28455177785488556,-0.28455177786380603,-0.2845517774993283,-0.2845517776801345,-0.2845517778923818,-0.2845517778144797,-0.2845517776785825,-0.28455177797028974,-0.28455177751990196,-0.284551777752487,-0.28455177785447083,-0.28455177781615276,-0.284551777591939,-0.284551777762616,-0.28455177770830115,-0.28455177760341055,-0.28455177791397007,-0.2845517776407945,-0.2845517777830314,-0.2845517777804688,-0.2845517776808993,-0.2845517777277847,-0.28455177780940594,-0.28455177778820356,-0.2845517777362855,-0.284551777753978,-0.284551777728506,-0.2845517776782717,-0.28455177769884954,-0.2845517777026568,-0.28455177771800005,-0.284551777705939,-0.28455177781405855,
0.01809543359230601,0.22227637952876286,0.046509745553087706,0.20391889930865933,0.007659069463873953,0.1213000170378608,0.058645844729275344,-0.051085653931013116,-0.04962570960093354,-0.048770759297999636,-0.04875896527772415,-0.048757412445734456,-0.048757432386366414,-0.04875742941841203,-0.04875742967707648,-0.04875742951276818,-0.04875742933561129,-0.04875742873330317,-0.04875742912447958,-0.048757429810791474,-0.0487574296746386,-0.0487574292687574,-0.04875742946802852,-0.04875742919272682,-0.04875742957911177,-0.04875742952849323,-0.04875742933455977,-0.04875742959882764,-0.04875742933130354,-0.048757429336598115,-0.04875742951800723,-0.04875742947439486,-0.04875742942677791,-0.048757429290989536,-0.04875742920643588,-0.04875742949326015,-0.04875742938182889,-0.04875742946212628,-0.04875742936620311,-0.048757429509424285,-0.048757429453558716,-0.04875742949945172,-0.048757429267194376,-0.048757429384258734,-0.04875742946143464,-0.04875742937496248,-0.04875742943904694,-0.04875742946109826,-0.04875742944737974,-0.04875742937791496,-0.048757429454470994,-0.0487574293812096,-0.048757429358423456,-0.048757429367644635,-0.048757429369773286,-0.04875742944914511,-0.04875742942760239,-0.048757429432472764,-0.04875742931828192,-0.048757429372354444,
0.1441862338391574,-0.005324452892204201,-0.07239889586912353,0.02049003908429935,0.18631148206268508,-0.09063144604574191,-0.08844795557829009,-0.11543774204424734,-0.11497537571389671,-0.11498628669973643,-0.1150167761224005,-0.11501588969961488,-0.11501601706332537,-0.11501601393056973,-0.11501601359800032,-0.11501601391428448,-0.11501601482545538,-0.11501601446608506,-0.1150160150521376,-0.11501601529954375,-0.11501601454505302,-0.11501601452856008,-0.11501601466246697,-0.11501601477427748,-0.11501601485738507,-0.11501601479923544,-0.11501601467647758,-0.11501601452737677,-0.1150160149317406,-0.11501601452798821,-0.1150160143706941,-0.11501601449005507,-0.1150160145144262,-0.11501601465027979,-0.1150160144820556,-0.1150160141722434,-0.11501601456284316,-0.11501601457933333,-0.11501601447648617,-0.11501601466770332,-0.11501601459347296,-0.11501601456117909,-0.11501601463946794,-0.11501601449456483,-0.11501601472219149,-0.11501601446587995,-0.11501601467047487,-0.11501601461328238,-0.11501601460241373,-0.11501601443591843,-0.11501601456885689,-0.1150160146406641,-0.11501601458519704,-0.11501601454533499,-0.1150160144945061,-0.11501601464986323,-0.11501601460650619,-0.1150160145818447,-0.11501601444071048,-0.11501601465807611,
0.07162553595529203,0.10638237033653508,0.15211759671777286,-0.014149780123516227,-0.2509627117613396,0.029268641037253105,0.09356690288996129,0.051965707684348245,0.05269188100206202,0.05245836857498964,0.05240390932432483,0.05240445273852714,0.05240417926918889,0.05240417856275518,0.0524041798390749,0.052404179218200043,0.052404178406518086,0.05240417834563734,0.052404178990049045,0.05240417924011224,0.05240417924876272,0.05240417904931416,0.052404178614568774,0.0524041786723843,0.05240417914919864,0.05240417926625901,0.052404178712408954,0.05240417913891336,0.052404179036826135,0.052404178993974815,0.05240417927637487,0.052404179034239565,0.052404179050301855,0.05240417929550998,0.05240417885930115,0.052404179085105106,0.05240417904869288,0.05240417891426556,0.05240417899515177,0.052404179084536574,0.05240417896757699,0.05240417908151233,0.05240417892372627,0.05240417892625685,0.052404179019565816,0.052404178991870984,0.05240417913619136,0.05240417916174031,0.052404179093962736,0.05240417912322561,0.05240417905762064,0.05240417922679998,0.052404179048271535,0.05240417901091568,0.05240417905154413,0.05240417900293092,0.05240417906984551,0.052404179132104725,0.052404179045215465,0.05240417903791143,
0.14821245356882512,-0.05948946876626367,0.0626088339387019,-0.1341257355726592,0.02545344188187993,-0.00461183849207135,0.09052819006695575,-0.10901127503625031,-0.13609234630288009,-0.13527931079451153,-0.13537865863386267,-0.13537688419397376,-0.13537695651099252,-0.13537695801268373,-0.13537695733685348,-0.1353769578025544,-0.13537695825575527,-0.1353769588250612,-0.135376957607166,-0.1353769583821614,-0.13537695848944373,-0.13537695812162606,-0.135376958409355,-0.13537695831155278,-0.13537695810940611,-0.1353769579503696,-0.1353769584660778,-0.1353769585303888,-0.13537695833392327,-0.13537695807492894,-0.13537695825573193,-0.13537695816911244,-0.13537695834847513,-0.13537695810614844,-0.13537695829678456,-0.13537695823710247,-0.1353769582369306,-0.13537695804870029,-0.13537695823557383,-0.13537695830279747,-0.1353769582626367,-0.1353769581960214,-0.13537695832773974,-0.1353769580670357,-0.135376958196893,-0.13537695821103365,-0.13537695820136092,-0.1353769581760602,-0.13537695825319365,-0.13537695826312823,-0.13537695817792042,-0.13537695823341672,-0.13537695823935494,-0.1353769582265649,-0.13537695834601865,-0.13537695819894952,-0.13537695827906246,-0.1353769582303867,-0.1353769582077958,-0.13537695822570323,
0.17496489918306132,-0.07807347320070761,0.012135515319593523,0.07694017127123608,-0.09408102623494688,0.05991498695740079,0.13338280102500272,-0.07666823955248998,-0.0902912792196846,-0.09039269226844578,-0.09035087403478805,-0.09034998307281696,-0.09034979580498906,-0.09034979733855175,-0.09034979717964584,-0.09034979805394615,-0.09034979828579465,-0.0903497983359995,-0.09034979787317322,-0.09034979777967146,-0.09034979797403185,-0.09034979858293937,-0.09034979797578876,-0.09034979767817382,-0.09034979812931063,-0.09034979782404627,-0.09034979830942909,-0.0903497981262401,-0.09034979798188764,-0.09034979776390574,-0.0903497980273913,-0.09034979833646349,-0.09034979843891246,-0.09034979823360358,-0.09034979826060398,-0.0903497980891421,-0.09034979821262278,-0.09034979782468011,-0.0903497980134994,-0.09034979811968862,-0.0903497980767004,-0.0903497981326825,-0.09034979821686903,-0.09034979815833144,-0.09034979810667097,-0.09034979813988078,-0.09034979803591148,-0.0903497980630409,-0.09034979801765941,-0.09034979791293409,-0.09034979797603976,-0.09034979810084379,-0.09034979816575626,-0.09034979803704826,-0.09034979813035321,-0.09034979810360003,-0.09034979804155728,-0.09034979818554233,-0.09034979794913393,-0.09034979796562687,
0.06696805313300715,0.13178177642351172,-0.08487623856762581,-0.006880882205649568,-0.19959956156872685,-0.06782620039544712,-0.09157585977350217,-0.17949911077782404,-0.1801482709269054,-0.1798093216816835,-0.17982016733380898,-0.17982203872486874,-0.17982179268717288,-0.17982179194828396,-0.17982179276144017,-0.17982179312195934,-0.1798217925789045,-0.17982179289874212,-0.17982179263820242,-0.17982179257787412,-0.17982179294453943,-0.1798217933295407,-0.179821792810015,-0.17982179296764905,-0.1798217929428344,-0.17982179303818138,-0.1798217927753903,-0.17982179275970114,-0.17982179278534408,-0.17982179251878674,-0.17982179284465452,-0.17982179291298514,-0.17982179303419019,-0.17982179297796566,-0.17982179279819296,-0.17982179313495544,-0.1798217928834022,-0.1798217929467585,-0.17982179294562742,-0.1798217929089728,-0.17982179279676827,-0.17982179282526164,-0.17982179270187132,-0.17982179304846918,-0.17982179305705295,-0.17982179300897275,-0.17982179298683093,-0.17982179281857727,-0.17982179292214162,-0.17982179299606202,-0.17982179286657182,-0.1798217927725656,-0.1798217928433909,-0.17982179284155242,-0.1798217928778847,-0.17982179294378445,-0.1798217928478981,-0.17982179283314134,-0.17982179284599756,-0.1798217928508704,
0.12044424962093317,0.009127953717315342,-0.11186977543513268,-0.10396519431150474,0.0686535279076864,-0.16690333738540522,-0.1750088808406341,0.005120335078364393,-0.005833477251377724,-0.005562295822306558,-0.005605998331146093,-0.005604513723698836,-0.005604492856077574,-0.005604493877980006,-0.005604494283678978,-0.005604494743946176,-0.005604493921387969,-0.0056044944824541225,-0.005604494849751935,-0.005604494153467325,-0.005604494508187346,-0.005604494625005742,-0.0056044947494111805,-0.005604494710913908,-0.005604494761924805,-0.0056044945697657665,-0.0056044948938558355,-0.005604494783392933,-0.005604494791593162,-0.005604494610408006,-0.005604494582559676,-0.005604494769758719,-0.005604494542719353,-0.005604494631196057,-0.005604495009985129,-0.005604494631072227,-0.005604494861721842,-0.005604494647276812,-0.0056044944795792,-0.005604494739039841,-0.0056044946043733125,-0.005604494740759359,-0.00560449465255204,-0.005604494783988504,-0.005604494720084699,-0.005604494717159179,-0.005604494678658371,-0.0056044947292768635,-0.005604494596587924,-0.005604494618022352,-0.005604494673894519,-0.005604494592279848,-0.005604494718534371,-0.005604494650531564,-0.0056044946810341716,-0.005604494769618201,-0.005604494698624276,-0.005604494727701526,-0.005604494717434641,-0.005604494619891622,
0.07981290668028576,0.10233044672519952,-0.12869219866199938,0.08806318193640612,-0.07110473343293218,0.10041727839991542,0.09492834441008703,0.06928107078097501,0.0683459120681095,0.06846781013887455,0.068470253085832,0.06846942618610714,0.06846953196060646,0.06846953484733141,0.06846953506424241,0.06846953438179725,0.06846953554694232,0.06846953478937734,0.06846953500151985,0.06846953484333078,0.06846953466607376,0.06846953453645359,0.06846953463268673,0.06846953448647541,0.0684695345553965,0.06846953464258258,0.06846953471493183,0.06846953478163766,0.0684695347779564,0.06846953468696859,0.06846953482506465,0.06846953447246265,0.06846953464995365,0.06846953482530399,0.06846953458263512,0.06846953481317933,0.06846953469794675,0.068469534740065,0.06846953468997888,0.06846953477127449,0.06846953484431245,0.06846953460642047,0.06846953479155377,0.06846953468308152,0.06846953470028776,0.06846953482652876,0.06846953458486796,0.06846953465995782,0.0684695346921854,0.06846953483056215,0.0684695346645996,0.06846953461700181,0.06846953473267066,0.06846953482714313,0.0684695347741957,0.0684695346211129,0.06846953471547162,0.06846953468998909,0.06846953469423922,0.06846953466079896,
0.009906097575560513,0.26785026566710013,-0.09408437341399081,0.20424699014003972,0.06670332692829774,-0.06509388516253001,0.1525561940655171,0.0854789813397755,0.06655163008305137,0.06770462800670227,0.06771874575735372,0.06771866055291886,0.06771865428275849,0.06771865963389863,0.06771865954693211,0.06771865954855799,0.0677186604868732,0.06771865970146024,0.06771866045999898,0.06771866025806046,0.06771865988204508,0.06771866003726658,0.06771865985071093,0.06771866028156058,0.0677186594852048,0.06771866009636392,0.06771866015195294,0.0677186600719362,0.06771865982748385,0.06771865996003268,0.06771865998192068,0.06771866004056092,0.06771866005933329,0.06771865995529922,0.06771865985698683,0.06771865998268517,0.0677186599923985,0.06771865975459514,0.06771865987425546,0.06771866007212773,0.06771866002653541,0.06771866006630461,0.06771865993327705,0.06771866002809294,0.06771865989061909,0.0677186598973028,0.06771865994681639,0.06771866013471564,0.06771866013743152,0.0677186600399128,0.06771865996422348,0.06771866012076973,0.06771866011758987,0.06771866010352834,0.0677186601618435,0.06771866012643632,0.06771865998047728,0.06771866014440263,0.06771865999333991,0.06771866010694967,
0.1523660701956574,-0.07927022848685743,0.2844109641196779,0.07257178910889922,-0.0875928781990593,0.10655558431966197,-0.024056744942688016,0.09969014137640952,0.09760951939973302,0.09726177680710167,0.09723966899523262,0.09724306379353254,0.09724308976658587,0.09724308959791174,0.09724308956215426,0.09724308951289375,0.0972430890513349,0.09724308932784415,0.09724308921470236,0.09724308920166794,0.0972430890986439,0.09724308901479468,0.09724308915718705,0.09724308912570465,0.09724308893803858,0.09724308918979936,0.09724308919167708,0.09724308927598965,0.0972430890765139,0.09724308928412533,0.09724308928602442,0.09724308935515781,0.0972430892487891,0.09724308920619157,0.09724308935962842,0.09724308933463909,0.09724308920774162,0.09724308910608813,0.0972430891739914,0.09724308926841167,0.09724308910313326,0.09724308939176468,0.09724308905268014,0.09724308927544649,0.09724308926831117,0.09724308904416673,0.09724308918982037,0.09724308917743829,0.09724308916595073,0.09724308920373168,0.0972430891341859,0.0972430891588683,0.09724308915231607,0.09724308920880828,0.09724308914796548,0.09724308899725337,0.09724308927343563,0.09724308919951587,0.09724308930610347,0.09724308916111672,
0.168190291391158,-0.09714755674488093,-0.033251101188653896,0.03727133136197126,-0.07285208375607143,-0.13677430038256055,-0.24913499769015335,0.05779346935631372,0.07859400852783771,0.07892662403390081,0.07896360426550092,0.07896130022669447,0.07896139466004064,0.07896139680916711,0.07896139677201272,0.0789613958551205,0.07896139537935236,0.07896139639052735,0.07896139621621387,0.07896139635628155,0.07896139613420124,0.07896139610014097,0.07896139589668781,0.07896139579706514,0.07896139574338375,0.07896139606000097,0.0789613960259693,0.07896139560047231,0.07896139584547712,0.07896139642395965,0.07896139619562619,0.07896139559599363,0.07896139608218267,0.07896139598312923,0.07896139603362833,0.07896139605457775,0.0789613958892421,0.07896139619234788,0.07896139590571372,0.0789613957757106,0.07896139588915443,0.07896139613419267,0.07896139595347289,0.07896139587842699,0.07896139599492992,0.07896139589466361,0.07896139605685375,0.07896139607772067,0.07896139587518797,0.07896139608068627,0.0789613961216835,0.07896139613072113,0.07896139594266348,0.07896139595247793,0.07896139587612194,0.07896139589682566,0.07896139596941536,0.07896139593006478,0.07896139602249062,0.07896139599268887,
0.04456056882894574,0.18048440438826344,0.01733568127503798,-0.033263977866150374,0.1075483274765301,0.11805752203912631,-0.007063169012925908,-0.2969233092483532,-0.30303780400481206,-0.30322237578709293,-0.30332526986914526,-0.3033241736628761,-0.3033242179776007,-0.30332421770566714,-0.30332421855969577,-0.30332421818117244,-0.30332421816394073,-0.3033242182544599,-0.30332421788481695,-0.30332421755229305,-0.30332421829514616,-0.3033242184548157,-0.3033242181855901,-0.3033242179312598,-0.3033242181491644,-0.3033242177390051,-0.303324217805849,-0.30332421790801867,-0.30332421820250266,-0.30332421799323445,-0.3033242178564711,-0.3033242180464506,-0.3033242178782003,-0.30332421802216414,-0.3033242181407464,-0.3033242179340074,-0.30332421800046067,-0.3033242181361489,-0.30332421784972663,-0.3033242180062205,-0.30332421793092756,-0.30332421791089775,-0.30332421796616127,-0.3033242178906902,-0.30332421801313425,-0.303324217780443,-0.30332421789706926,-0.3033242179715047,-0.3033242179115577,-0.30332421798806036,-0.3033242179879356,-0.30332421791082864,-0.3033242178823267,-0.30332421790440106,-0.30332421796117726,-0.30332421802791326,-0.3033242179574937,-0.30332421797864456,-0.3033242179671398,-0.3033242179487923,
0.08022577979709103,0.11386065690758622,-0.17263137903752435,0.06425602611646815,0.05438517748897465,-0.30482370966018824,0.060388175245764564,0.030894369321168978,0.04374855606357851,0.042808450769482205,0.042768058884424975,0.04276684661193123,0.04276687932884649,0.042766877532571704,0.042766876809696576,0.04276687747541784,0.04276687750745794,0.04276687718979551,0.042766877312886836,0.04276687692454897,0.042766877241095715,0.042766876667268035,0.04276687698383482,0.042766877213401,0.04276687720662732,0.042766877083054246,0.042766877291464535,0.04276687719893321,0.04276687715891372,0.042766877339027856,0.04276687698222501,0.0427668769744254,0.042766877161337515,0.04276687721836778,0.042766876999127346,0.0427668771242571,0.04276687719576355,0.04276687723427859,0.04276687719845642,0.04276687719345714,0.042766877062559105,0.04276687716180981,0.04276687712899832,0.04276687714616689,0.04276687701249556,0.04276687705028473,0.04276687708881995,0.04276687708069658,0.042766877009104365,0.042766877124659215,0.04276687707295036,0.042766877111834974,0.042766877103739005,0.04276687717902901,0.042766877125088774,0.04276687702187692,0.04276687712386532,0.042766877114586474,0.04276687709423119,0.042766877085330626,
0.15811532056846161,-0.08204945440294384,0.06525846059876088,-0.20336117031507453,-0.09278386705991462,-0.128224860322426,-0.13557947048854666,0.22464551214173978,0.22856313332277203,0.2280557886361627,0.2281209770521214,0.22811956276354714,0.22811960953199586,0.22811962314887627,0.22811962367754993,0.22811962270323521,0.22811962241219055,0.22811962293278057,0.22811962306718955,0.22811962279916687,0.22811962326548205,0.22811962286498183,0.22811962313685147,0.2281196230517896,0.22811962306439812,0.22811962265981997,0.2281196226534571,0.2281196231206456,0.2281196230016907,0.228119623157854,0.22811962310178918,0.22811962286576476,0.22811962281967416,0.22811962253839882,0.22811962268641553,0.2281196231471665,0.22811962277434578,0.22811962295283644,0.2281196229271708,0.22811962296950167,0.22811962269840164,0.22811962302686073,0.22811962284499795,0.22811962287220022,0.22811962291780435,0.22811962283948686,0.22811962295222118,0.22811962295244054,0.22811962290534057,0.22811962301468086,0.22811962296480376,0.22811962293404256,0.22811962292000054,0.22811962298140995,0.22811962289078203,0.22811962286236742,0.22811962305118616,0.22811962292669255,0.22811962289296553,0.22811962292418703,
0.005702002441552865,0.2761162355429613,0.1259096166726884,0.023170145424569445,-0.2072460996216594,-0.0998889839733549,-0.01132147305895716,-0.0038471928971649952,-0.001775030639529918,-0.002066696275453448,-0.0020461744183145327,-0.0020462477313056976,-0.002046265979836817,-0.0020462639402144753,-0.002046264613957855,-0.0020462638269794615,-0.0020462644884557566,-0.0020462647284297123,-0.0020462645409822598,-0.0020462648214653704,-0.0020462643623051064,-0.002046265083009176,-0.002046264166992395,-0.0020462641576708,-0.002046264590316155,-0.002046264159775353,-0.0020462643990427454,-0.0020462645608708718,-0.0020462644869258246,-0.002046264632979793,-0.0020462642335472682,-0.002046264740490226,-0.0020462643055561176,-0.0020462645445117086,-0.0020462647298796995,-0.0020462644206621573,-0.0020462643012273173,-0.0020462645873864545,-0.0020462644130839844,-0.002046264355461315,-0.002046264533384929,-0.0020462641628497193,-0.0020462644215087267,-0.0020462645642634644,-0.0020462644493531436,-0.002046264510711078,-0.002046264562917124,-0.0020462643669115054,-0.002046264386912678,-0.0020462644344808423,-0.0020462644884412903,-0.002046264212219853,-0.002046264430310652,-0.002046264459795523,-0.0020462645479473653,-0.002046264460182976,-0.002046264613757528,-0.00204626448410672,-0.0020462644175738716,-0.002046264398567724,
0.1540946101890179,-0.05742770146982467,-0.142880366564989,-0.1245953795334178,0.1403062617446242,0.030152130796066993,0.05198978570616159,0.02019266469683263,0.030360242636738987,0.03048053659138632,0.030440827751583913,0.030440638778349405,0.030440551781690042,0.030440551959479038,0.030440551997626124,0.030440551964252126,0.03044055136830975,0.030440552485595386,0.03044055196218417,0.030440551904211216,0.03044055198290577,0.03044055183784981,0.030440551952287176,0.030440552409016056,0.030440551724678994,0.03044055178736852,0.03044055159074424,0.03044055203912448,0.030440551822235852,0.03044055211402377,0.030440551959814523,0.03044055194440577,0.030440552106995623,0.030440552220975872,0.03044055180413415,0.03044055192782457,0.03044055197586959,0.0304405518352265,0.030440551975389092,0.030440552002325396,0.030440552084769323,0.030440551867819427,0.030440551873618937,0.030440551901149675,0.030440552012561586,0.030440551994639114,0.03044055192105417,0.030440551981218655,0.030440552151227852,0.030440552066638447,0.030440551847962447,0.03044055208088917,0.03044055188220402,0.030440551988462492,0.030440551865803137,0.0304405518940933,0.030440551911583902,0.03044055191372712,0.03044055194787545,0.030440552073851518,
0.07170764744128443,0.0935049142158023,0.2106533183432719,-0.12265086942333828,0.03156977974648074,-0.030057914791980875,-0.04091216612747852,0.047435925455213065,0.03499844525174289,0.03452108159670139,0.03456166019199993,0.034557911949808104,0.03455792811787832,0.03455792109987001,0.03455792146538222,0.034557921389268116,0.03455792226802986,0.03455792246209071,0.03455792201261567,0.03455792191915435,0.03455792232571231,0.03455792205811118,0.03455792201806588,0.034557922082556695,0.034557921663000965,0.03455792223009544,0.03455792210733549,0.03455792187642437,0.034557922077743435,0.03455792200983115,0.03455792225674184,0.0345579219721106,0.03455792198934371,0.03455792209405302,0.034557921964918636,0.0345579221574299,0.03455792207151507,0.034557921815186354,0.034557922015473454,0.034557922183635105,0.03455792195248704,0.03455792189095411,0.0345579219451714,0.034557922147605245,0.03455792197794874,0.03455792209538105,0.03455792193837436,0.03455792192699848,0.034557921907133464,0.0345579220669757,0.03455792192070197,0.03455792212230601,0.03455792193283345,0.03455792193560509,0.03455792198932848,0.03455792196743454,0.03455792199853676,0.034557922073085015,0.03455792200180729,0.03455792202790772,
0.13986803672513995,-0.021786270647272992,-0.05813318126431626,0.10952075287933635,-0.02088347233116283,-0.07626074015941071,-0.015285169459770811,0.15045305479238577,0.15134819572924516,0.15104619710702277,0.15096344288614075,0.150966132766003,0.1509662665340384,0.1509662735225535,0.15096627353307776,0.15096627453532607,0.15096627397508697,0.15096627357005765,0.15096627352996378,0.15096627410784405,0.150966273408424,0.15096627393526035,0.15096627353496683,0.15096627364362494,0.1509662737322576,0.15096627354309894,0.15096627402098312,0.15096627395221004,0.15096627367134816,0.1509662737677037,0.15096627379368777,0.15096627356630773,0.15096627365094106,0.15096627385373468,0.15096627353887326,0.15096627395606727,0.15096627378435024,0.15096627366818466,0.15096627369983634,0.15096627385068062,0.15096627370864182,0.15096627384402767,0.1509662736713108,0.1509662737653285,0.15096627362309653,0.1509662737908143,0.15096627372671112,0.1509662736834867,0.1509662736401795,0.15096627376978233,0.15096627363056553,0.15096627374235377,0.15096627373273522,0.15096627378827013,0.15096627380271085,0.15096627374739832,0.1509662737027324,0.15096627378053798,0.15096627378611224,0.15096627370893337,
0.12308750353816203,0.02994764381638704,-0.15070705944507828,-0.10115935770264525,-0.19819400264007625,0.07091065290169203,0.0730485784226103,-0.060725364258664025,-0.04923711706968884,-0.04906016541174067,-0.04900152785173304,-0.0489996339802767,-0.04899943961611992,-0.04899943785629844,-0.04899943569861672,-0.04899943624731349,-0.0489994369164357,-0.048999436135826316,-0.04899943637932044,-0.0489994358690293,-0.048999436125749266,-0.0489994359942326,-0.048999436019377916,-0.04899943665951832,-0.04899943603353031,-0.048999436200012944,-0.0489994363046293,-0.04899943607350392,-0.04899943656172556,-0.04899943621307291,-0.048999435966061274,-0.04899943627060042,-0.048999436243822976,-0.0489994362495512,-0.048999436277380376,-0.04899943614650939,-0.04899943631080719,-0.04899943616887884,-0.04899943607937124,-0.04899943623076983,-0.04899943636394585,-0.04899943625913893,-0.0489994365548599,-0.04899943632787449,-0.04899943638444911,-0.04899943628826655,-0.048999436185459065,-0.04899943632564475,-0.048999436273120096,-0.04899943618521311,-0.048999436352659506,-0.04899943627877998,-0.04899943623716555,-0.04899943625536713,-0.04899943629627985,-0.048999436176181424,-0.04899943637427735,-0.04899943633857868,-0.048999436290206165,-0.04899943632827242,
0.1048435631605387,0.07205807852587716,-0.21232318598208744,0.1006666404337064,0.014379031541110159,-0.03262043310979449,-0.00957821027064917,0.03583558462657204,0.028769420216571036,0.028222594593099736,0.02821866816045333,0.02821773669606262,0.02821764324584148,0.028217637289890022,0.02821763772867601,0.02821763658684016,0.028217636209105827,0.028217637511297137,0.028217637897936396,0.028217636762486425,0.028217638002239937,0.028217637367922613,0.028217637784999777,0.02821763779741602,0.02821763749178485,0.02821763755699171,0.028217637451149812,0.028217637732445868,0.028217637164136354,0.02821763749937783,0.028217637581418435,0.02821763751427397,0.02821763776217178,0.028217637605076437,0.028217637410301217,0.028217637502184336,0.02821763755671179,0.028217637566413056,0.02821763746947148,0.028217637767000914,0.02821763733011706,0.028217637745328164,0.028217637553013167,0.028217637515938167,0.028217637469443155,0.028217637591154903,0.028217637557283678,0.028217637532793882,0.02821763751702967,0.028217637545942545,0.028217637404732415,0.02821763759110354,0.028217637477484115,0.028217637509292955,0.028217637542454644,0.02821763753938565,0.02821763746781082,0.028217637645007745,0.02821763757432191,0.028217637558050856,
0.14404341773776905,-0.041498526733630185,-0.024177405673872544,0.021949950880662015,-0.1770148707409081,-0.0663041547560739,-0.026108486934154518,-0.05465566120222617,-0.041109487126832246,-0.04113041756759407,-0.041080768224016684,-0.04107976617108288,-0.041079876015785874,-0.041079879778703206,-0.041079879964836426,-0.04107988039638137,-0.041079880048444595,-0.041079879791003526,-0.041079880167147316,-0.0410798798346508,-0.04107988028119575,-0.041079880094811456,-0.04107988046880382,-0.041079880117956005,-0.041079880048212246,-0.04107987990567801,-0.04107987987991946,-0.041079879626545954,-0.041079879976079835,-0.0410798798153349,-0.041079879734322304,-0.04107988013788575,-0.04107988011305005,-0.04107987995293972,-0.04107988036148746,-0.04107988003327492,-0.04107988001625464,-0.041079880112542905,-0.04107987996056463,-0.0410798800175829,-0.04107988007504058,-0.0410798800733285,-0.041079880097539864,-0.04107988011307459,-0.04107988006786938,-0.04107988002353416,-0.04107988002084556,-0.04107988004105901,-0.04107988011894351,-0.04107987998101827,-0.04107987993290696,-0.04107987990798854,-0.04107987998654614,-0.04107988004989613,-0.04107987994463997,-0.0410798800510863,-0.04107988014319449,-0.041079880066154456,-0.04107987992231212,-0.04107987994964838,
0.1689484947760877,-0.09371240668634719,0.11177315618322643,0.08454743777762125,-0.1371831073549012,-0.1521536210044714,-0.0568399373738761,0.016627075572035653,-0.0017106801463964217,-0.0025149758485688077,-0.0024918889784582903,-0.0024925537336046204,-0.0024924909146852264,-0.0024924942145535273,-0.0024924937423825085,-0.0024924943606605167,-0.0024924935253547915,-0.0024924938169480987,-0.002492493813179843,-0.0024924942104184084,-0.0024924946586052155,-0.0024924939654354687,-0.002492494404271696,-0.0024924939679150026,-0.0024924944699803962,-0.002492494150570114,-0.0024924943407899545,-0.0024924938212315703,-0.0024924941093674856,-0.002492494105669752,-0.0024924939918748103,-0.002492494096468997,-0.0024924941398472363,-0.0024924942331637553,-0.002492494237379164,-0.0024924942648776706,-0.002492494119618418,-0.0024924938536331803,-0.0024924941316223333,-0.0024924941303923484,-0.002492494258341762,-0.0024924940591336594,-0.0024924941531951905,-0.0024924942239820456,-0.002492494168968912,-0.002492494298997697,-0.0024924941253208805,-0.0024924940378800073,-0.0024924941177997197,-0.0024924941723620353,-0.002492494111193243,-0.002492494040670025,-0.0024924941923872177,-0.0024924941103166396,-0.002492494039166097,-0.0024924941791663784,-0.0024924940503871416,-0.0024924941477964297,-0.0024924941456065082,-0.002492494096803936,
0.1234770212739383,-0.05151084094804496,0.22702905216190972,-0.06979359997109714,-0.20846298214264866,-0.083256872772013,0.024957634985231077,-0.00000382523423144967,0.0010482676561693216,0.00023176337258332713,0.0002535791555189454,0.0002521786253850502,0.0002522308107813583,0.0002522350168124362,0.00025223452430131634,0.0002522346521057527,0.0002522343768374857,0.00025223516181129235,0.00025223451668360394,0.00025223482568520055,0.0002522341200836841,0.00025223449355713066,0.0002522349264845512,0.0002522348676397363,0.00025223453819105455,0.0002522344572616157,0.00025223469211670845,0.0002522347078785584,0.00025223482237868815,0.0002522346453429446,0.00025223480284032243,0.00025223473602032016,0.000252234582278908,0.0002522347031681889,0.0002522345786118374,0.00025223480911468676,0.00025223476474527497,0.0002522346854539006,0.00025223459077661805,0.0002522346757539628,0.0002522346863805087,0.0002522348039912118,0.00025223454157618445,0.0002522347009920907,0.00025223466882329004,0.00025223487095010056,0.0002522347707405761,0.00025223460328542086,0.0002522347041519363,0.000252234759359736,0.00025223471271510227,0.00025223472330895787,0.00025223466748397776,0.00025223474065103014,0.0002522347879125643,0.00025223470766989496,0.0002522346673502669,0.000252234754008126,0.00025223463861949994,0.00025223475835552215,
0.02577942658578099,0.2214463792348517,0.11987312996009489,-0.10597043220984412,0.18166174261557583,-0.17501176337318944,-0.07142753909998378,-0.024979528215993165,-0.03480362332224874,-0.034947621425763103,-0.034970894144668196,-0.034967289399884596,-0.034967217948310286,-0.03496721316826624,-0.03496721333863259,-0.03496721344492553,-0.034967213332731686,-0.03496721328820358,-0.03496721332446834,-0.03496721317798316,-0.034967213307155846,-0.034967213306547326,-0.03496721321236663,-0.034967213498221725,-0.03496721360243554,-0.03496721325944134,-0.03496721337257455,-0.03496721330019057,-0.034967213118468725,-0.034967212912359345,-0.034967213181574294,-0.03496721339832801,-0.03496721334484138,-0.03496721332537685,-0.03496721341575305,-0.034967213309525555,-0.03496721345503186,-0.03496721323888633,-0.03496721325489755,-0.03496721337630482,-0.03496721332650261,-0.03496721349465054,-0.03496721318147081,-0.03496721337100292,-0.034967213423852395,-0.0349672132710968,-0.034967213368607315,-0.034967213243932906,-0.03496721333727762,-0.034967213232763174,-0.034967213413815944,-0.034967213340635024,-0.034967213337606134,-0.03496721330823576,-0.03496721338398924,-0.03496721328768304,-0.034967213340990275,-0.03496721335802465,-0.03496721325442854,-0.034967213253755194,
0.11048834703609482,0.03459598052070286,0.021838236652024397,-0.08964859398731286,0.08069069627649247,0.09318568512344708,0.01896094680342512,0.10359919362201532,0.09597893269958639,0.09610974004936067,0.09612003398699187,0.09612170918126288,0.09612173595123773,0.09612173893863853,0.09612173912537952,0.09612173931508934,0.09612173880100634,0.09612173844222713,0.09612173901776284,0.0961217385427726,0.09612173842576617,0.09612173867759179,0.09612173844972965,0.09612173864030268,0.09612173849785889,0.09612173892819877,0.09612173831683288,0.09612173875902767,0.09612173836741768,0.09612173894930154,0.09612173871502323,0.09612173876320762,0.09612173875958306,0.09612173885482958,0.09612173857267146,0.09612173880505849,0.09612173867092384,0.09612173876256534,0.0961217388491368,0.09612173895323299,0.09612173858682581,0.09612173873165421,0.09612173869944275,0.09612173861309141,0.0961217386597174,0.09612173860638748,0.09612173868723925,0.0961217386686738,0.0961217387377218,0.09612173860471009,0.09612173878059212,0.09612173874659932,0.09612173865380542,0.09612173856348387,0.09612173866303816,0.09612173870829915,0.09612173869579792,0.09612173859077867,0.09612173875990308,0.09612173868563934,
0.06428044748291474,0.13122707857820867,0.04559046493411208,0.204109503560143,-0.2148581990557865,0.12038255978545108,-0.1281985552184366,0.012182704027721055,0.016185647596268463,0.01567680725035917,0.015717944839594888,0.01571609368689936,0.015716062523416494,0.01571605948356902,0.01571605882575102,0.01571605896163444,0.015716058866064413,0.01571605935415457,0.015716059396219378,0.015716058780795846,0.01571605919666448,0.0157160589074734,0.01571605910594338,0.01571605911350508,0.01571605864997649,0.015716059057445466,0.015716059036461647,0.01571605897671503,0.015716058884925693,0.015716059076017443,0.015716058916969183,0.015716059066983243,0.015716059023147756,0.015716059255274143,0.015716059025683838,0.01571605908788116,0.015716058843741217,0.015716058913494015,0.015716059073882464,0.015716059074739504,0.01571605906159035,0.015716059095528635,0.015716059142579664,0.015716058940845774,0.015716058985997386,0.01571605914815965,0.01571605901872766,0.015716059106990653,0.015716058948098185,0.015716058985224376,0.015716058989570802,0.015716059008935187,0.015716058994755817,0.01571605901562982,0.015716059067382417,0.015716059024513663,0.015716059022771824,0.015716058977867146,0.015716059026319316,0.015716058982850334,
